RespondentID,Country,A3.1,A3.2,A3.3,A3.4,A3.5,A3.6,A3.7,A3.8,A3.9,A3.10,A5.1,A5.2,A5.3,A5.4,A5.5,A6.1,A7.1,A7.2,A9.1,A9.2,A9.3,A9.4,A9.5,A9.6,A9.7,A9.8,A11.1,A11.2,A11.3,A11.4,A12.1,A12.2,A12.3,A12.4,A13.1,A13.2,A13.3,A13.4,A14.1,A14.2,A14.3,A14.4,A16.1,A16.2,A16.3,A16.4,A16.5,A16.6,A17.1,A17.2,A17.3,A17.4,A17.5,A17.6,A17.7,A17.8,A17.9,A17.10,A17.11,A17.12,A18.1,A20.1,A20.2,A20.3,A21.1,A21.2,A22.1,A22.2,A23.1,A23.2,A23.3,A24.1,A24.2,A24.3,A24.4,A24.5,A24.6,A25.1,A25.2,A27.1,A27.2,A27.3,A27.4,A27.5,A27.6,A27.7,A27.8,A27.9,A27.10,A27.11,A29.1,A29.2,A29.3,A29.4,A29.5,A29.6,A29.7,A29.8,A29.9,A31.1,A31.2,A31.3,A31.4,A31.5,A31.6,A31.7,A31.8,A31.9,A32.1,A32.2,A34.1,A34.2,A34.3,A34.4,A36.1,A36.2,A36.3,A36.4,A36.5,A36.6,A38.1,A38.2,A38.3,A38.4,A38.5,A40.1,A40.2,A40.3,A40.4,A40.5,A40.6,A40.7,A40.8,A40.9,A40.10,A40.11
1,1,2,3,52,52,4,1,5,12,1,4,7,3,1,3,8,7,2,2,2,1,1,3,3,2,5,1,2,2,2,2,1,1,1,2,2,2,2,2,2,1,2,2,5,2,9,9,7,7,5,2,2,5,3,2,6,10,8,9,7,7,5,7,7,5,4,2,3,7,6,6,6,5,5,5,4,4,1,1,1,4,5,2,4,2,5,5,7,7,5,5,7,7,7,7,7,7,7,7,7,7,7,7,1,1,7,4,1,1,1,1,1,2,2,4,5,7,7,1,6,6,4,1,7,1,2,4,7,5,7,5,7,7,6,1,3,7
2,1,2,5,52,52,3,1,8,2,5,2,10,10,1,8,1,5,2,2,4,3,4,6,1,1,1,6,1,1,1,1,1,1,1,1,1,1,1,1,1,1,2,1,4,8,2,2,10,9,9,9,8,9,6,5,1,1,1,2,9,8,5,7,7,7,7,7,7,7,7,7,7,7,7,7,7,7,7,8,8,2,6,2,2,1,7,1,7,7,2,6,7,7,7,7,7,7,7,7,7,7,7,7,7,1,7,7,1,1,1,10,6,6,4,6,1,1,1,5,4,1,1,7,7,1,1,7,7,6,7,7,7,7,7,7,1,7
3,1,1,4,94,94,4,1,5,2,1,4,10,10,1,10,7,6,2,2,5,4,3,7,4,7,7,7,1,1,1,1,1,1,1,1,1,1,1,2,1,1,1,2,7,7,7,3,10,10,8,10,6,8,10,10,10,7,10,4,10,9,5,7,5,7,6,3,5,6,7,7,5,7,7,7,4,2,7,10,6,7,7,7,6,5,5,7,7,5,7,5,7,7,7,7,7,7,7,7,7,7,7,7,6,7,7,7,7,7,10,5,2,6,4,1,3,2,6,6,1,1,5,2,6,2,6,7,7,7,7,7,7,7,7,7,7,7
4,1,1,2,221,221,1,1,10,3,4,5,8,8,9,7,7,8,4,4,7,6,5,6,7,7,6,6,2,1,1,2,2,1,1,2,1,1,2,2,2,2,2,2,7,8,2,2,8,8,8,8,9,8,7,9,7,8,7,2,8,8,5,7,7,6,7,6,6,7,7,6,7,6,7,6,7,6,5,7,8,7,6,7,7,6,6,6,5,7,7,6,5,7,6,6,7,7,6,7,6,6,7,7,6,5,7,6,6,4,8,9,7,7,7,6,6,5,7,7,7,6,7,6,6,7,7,5,6,6,4,5,7,6,7,7,6,7
5,1,1,3,52,52,3,1,8,2,0,6,7,7,2,6,3,7,1,1,1,1,5,3,5,1,1,6,1,2,1,1,1,1,1,1,1,2,1,2,2,2,2,2,6,2,4,4,7,5,4,3,8,6,4,3,7,2,2,3,5,3,5,6,6,5,5,5,6,5,5,5,6,7,7,5,5,6,5,3,2,6,6,7,6,6,6,6,4,7,6,5,5,5,6,6,6,6,6,6,7,7,6,7,1,7,6,7,7,6,3,8,2,3,2,2,6,5,6,2,5,6,5,3,4,1,5,6,6,6,7,5,5,2,6,5,5,7
6,1,1,1,52,52,1,4,9,3,4,2,8,10,9,9,9,4,3,4,6,6,7,7,6,5,7,5,1,2,1,1,1,2,1,2,2,1,1,2,1,2,1,2,9,10,4,7,5,7,9,6,9,10,8,10,8,10,9,4,6,9,5,6,7,7,6,7,7,7,7,7,5,7,7,5,6,7,5,10,8,5,7,7,7,5,7,6,6,6,6,7,7,6,7,5,7,5,6,6,7,7,7,5,4,4,7,6,5,6,9,10,7,5,7,7,7,4,5,7,6,6,6,6,7,5,7,6,6,5,7,5,7,5,7,6,6,7
7,1,1,2,183,52,3,1,7,5,0,6,6,9,8,3,1,8,4,4,4,2,6,5,7,6,6,7,1,1,2,1,2,1,1,1,2,1,2,1,2,1,1,2,7,10,5,3,10,7,8,10,9,8,10,5,6,5,10,2,6,6,5,7,4,6,7,6,4,7,7,6,4,5,6,7,3,5,7,8,10,5,6,6,5,7,3,6,7,5,7,7,7,5,6,7,6,6,7,3,6,7,6,6,5,6,7,7,3,7,6,10,5,6,7,7,7,7,5,5,6,6,7,6,5,7,7,3,6,4,4,6,7,7,7,7,6,7
8,1,2,4,52,52,3,3,5,12,0,2,9,10,1,5,5,6,2,2,1,1,1,6,4,6,6,3,2,2,1,1,1,1,1,2,2,1,2,1,1,2,2,2,7,6,6,6,6,6,6,6,6,6,6,6,8,6,8,7,7,5,5,7,7,6,5,5,4,4,7,7,7,7,7,4,5,4,4,1,1,6,4,5,6,4,5,4,7,7,7,7,7,7,7,7,7,7,7,7,7,7,7,7,6,1,7,7,1,7,1,10,1,1,1,1,1,1,1,1,1,1,4,7,5,1,4,6,7,4,4,7,7,7,7,4,4,7
9,1,1,2,52,52,3,1,7,12,3,5,9,8,8,8,7,8,3,2,4,6,4,5,3,4,2,5,2,2,2,2,1,1,2,1,1,2,1,2,2,1,1,2,8,7,3,5,8,8,8,7,9,8,6,8,9,7,7,3,6,8,5,5,5,6,5,6,5,7,5,6,3,4,5,6,5,6,5,7,8,4,5,6,6,4,6,5,5,6,6,5,5,6,6,6,4,7,5,6,5,5,5,6,7,5,4,4,6,3,6,8,5,4,5,3,5,4,6,6,6,5,3,6,5,5,4,5,5,7,7,5,4,6,4,6,6,7
10,1,1,5,52,52,2,1,7,1,0,6,10,10,1,6,3,7,2,2,2,7,2,6,6,2,4,6,1,1,1,1,1,2,1,1,1,2,1,1,2,1,2,1,7,7,6,9,4,6,9,2,10,3,2,3,5,5,2,4,7,7,5,7,7,4,7,2,2,4,7,4,4,6,7,6,5,6,1,8,2,7,1,6,7,7,1,2,1,2,1,1,7,7,6,4,7,7,7,7,6,5,4,7,2,1,6,3,7,6,10,1,1,6,2,1,1,1,2,6,1,4,5,5,2,1,1,7,5,4,1,7,7,6,7,6,2,7
11,1,2,2,52,52,2,1,5,12,-3,4,7,6,1,3,1,3,1,2,2,1,3,4,4,1,1,7,2,1,2,2,1,1,2,1,1,1,2,1,2,1,2,2,10,5,8,1,9,7,2,2,5,1,3,2,1,2,1,1,10,6,5,7,4,7,4,6,2,4,4,1,2,4,5,2,2,3,1,1,1,2,6,1,7,1,6,5,5,6,2,3,7,7,7,5,7,7,7,7,7,5,7,7,1,1,7,1,1,1,1,2,2,1,1,1,5,6,7,1,1,4,5,4,3,1,2,5,7,4,5,7,7,7,7,6,1,7
12,1,1,2,52,52,3,1,10,6,5,6,10,10,10,10,10,10,4,4,7,6,6,7,7,7,7,7,1,1,1,2,2,1,1,1,1,2,2,2,1,2,1,1,10,10,1,1,10,10,10,10,10,10,10,10,10,10,10,1,10,10,5,7,7,6,6,7,7,7,6,7,7,7,6,7,7,6,7,10,10,7,7,7,7,7,7,7,6,7,7,7,7,7,7,6,7,7,7,7,6,6,7,6,7,6,7,7,6,6,10,10,6,7,7,7,7,6,7,6,7,7,7,7,7,6,7,7,7,6,6,7,7,6,6,7,6,7
13,1,2,4,52,52,1,1,8,1,1,4,6,7,7,4,6,9,2,2,1,1,2,5,5,1,5,2,1,2,2,2,1,1,1,2,1,1,2,1,1,2,2,2,8,4,5,5,10,7,8,4,10,3,3,9,4,2,7,6,10,8,5,3,4,6,5,6,2,2,6,6,5,6,5,2,4,2,1,5,7,2,7,2,2,6,6,6,4,6,3,4,6,6,6,4,6,6,6,6,6,7,6,5,1,5,7,6,4,7,5,9,1,3,2,1,2,2,2,2,2,4,5,6,4,1,2,6,6,5,5,6,6,5,7,5,1,7
14,1,2,3,52,52,1,3,1,1,0,2,9,7,8,2,6,7,2,2,1,7,1,5,6,6,6,4,2,2,2,2,1,1,1,1,2,2,2,2,1,1,2,2,1,1,4,2,10,1,7,8,9,8,4,10,10,10,8,5,9,10,5,7,7,7,7,2,4,6,7,7,7,4,7,6,7,6,1,4,2,1,2,7,7,7,1,2,6,5,6,6,6,6,7,5,7,6,6,6,4,7,1,7,1,7,4,6,7,6,10,1,1,3,1,1,6,6,6,4,4,3,1,7,1,1,1,6,7,3,7,7,7,7,7,7,3,7
15,1,1,3,52,52,3,1,9,2,4,6,9,9,9,9,9,3,2,2,5,5,2,6,7,5,7,2,1,1,1,1,1,2,1,1,1,2,1,1,1,1,2,1,9,9,2,2,9,9,9,9,9,9,9,9,9,9,10,2,9,8,5,7,7,7,7,7,7,6,7,7,6,6,6,7,7,7,3,8,8,7,7,6,7,6,6,7,6,7,6,6,6,7,7,7,6,7,7,7,7,7,7,6,6,7,6,6,2,7,9,9,6,7,6,6,5,4,6,6,5,6,6,6,7,5,5,7,6,6,7,7,6,7,7,7,7,7
16,1,1,5,52,52,5,5,2,12,0,4,2,2,9,2,2,9,1,2,1,1,1,6,6,7,7,1,2,2,1,1,1,2,1,1,2,2,2,2,1,2,1,1,8,8,5,5,9,7,10,8,9,10,8,10,10,10,10,10,10,10,5,7,7,7,7,1,4,4,7,7,7,7,7,6,7,7,1,1,1,7,1,3,1,7,1,2,2,5,6,2,7,7,7,7,7,6,2,7,6,7,6,7,7,1,7,6,1,1,10,1,1,1,1,1,7,7,7,1,7,7,1,6,6,7,1,6,7,7,7,7,7,7,7,3,7,7
17,1,1,5,52,52,3,1,5,2,3,4,10,1,8,1,3,7,2,2,1,6,6,6,4,6,7,1,1,2,2,1,1,1,1,2,1,2,1,1,1,2,2,1,2,1,2,2,1,1,1,1,3,0,8,1,10,10,10,10,8,1,5,7,7,7,7,1,1,1,7,7,3,7,7,1,7,7,7,3,1,7,7,6,6,6,3,6,7,7,1,3,7,7,7,1,7,7,7,7,7,4,7,7,1,1,7,7,1,1,1,10,1,3,1,1,7,7,7,1,7,7,7,7,7,7,7,7,7,7,7,7,7,7,7,7,7,7
18,1,2,1,52,52,1,4,6,3,-5,3,7,6,3,5,4,6,2,2,2,6,5,5,1,1,1,7,1,2,2,1,1,1,2,1,1,1,2,2,1,1,2,1,4,2,6,4,3,4,6,5,3,6,1,6,2,1,1,1,6,6,5,6,6,4,5,3,5,6,2,2,2,5,5,6,5,4,4,5,6,7,2,5,6,4,5,6,6,7,2,5,7,5,6,3,7,6,7,5,6,7,6,5,2,1,6,5,1,1,1,2,2,3,2,4,6,7,7,2,5,7,2,2,6,3,3,7,7,2,5,4,6,5,7,3,1,7
19,1,2,1,52,52,1,4,10,3,0,5,9,10,2,4,2,6,2,2,2,6,6,6,6,1,1,6,2,2,2,2,2,1,1,1,2,2,2,1,1,2,1,2,5,2,1,1,2,10,4,3,3,5,2,4,4,3,3,7,4,4,5,4,7,7,7,6,4,4,1,3,1,2,3,2,1,3,1,10,10,7,7,6,7,7,5,7,5,7,5,3,4,7,7,7,7,7,4,2,7,7,7,7,3,1,7,7,1,1,6,5,1,1,1,1,7,7,1,1,7,7,6,6,4,1,6,5,5,7,7,7,7,1,7,7,5,7
20,1,1,5,52,52,2,2,6,1,0,6,9,8,1,8,1,6,2,2,4,4,1,7,7,1,7,1,1,1,1,2,1,1,1,2,2,2,1,1,2,1,2,2,6,6,8,3,5,10,8,4,8,10,3,3,10,10,10,10,6,10,5,7,7,7,7,4,5,4,7,7,7,6,7,4,6,7,1,6,1,2,6,2,5,1,7,7,7,7,2,6,7,7,7,7,7,7,7,7,7,7,7,7,7,1,7,4,1,1,1,5,1,1,1,1,4,4,4,4,4,4,1,1,6,1,6,5,7,5,7,7,7,7,7,6,3,7
21,1,2,3,52,52,3,1,8,1,3,4,8,8,4,10,9,8,2,2,4,4,4,6,4,1,7,4,1,2,1,1,1,1,1,1,1,1,1,2,2,1,2,1,7,5,5,5,6,6,6,6,6,4,5,5,6,5,6,5,6,5,5,7,7,7,7,2,1,1,7,7,7,4,7,1,4,4,4,8,6,4,4,7,7,7,4,4,4,7,4,7,7,7,7,7,7,7,7,7,7,7,7,7,7,7,7,7,7,7,6,6,1,1,1,1,7,7,1,1,7,7,1,4,7,1,7,7,7,4,7,7,7,7,7,7,1,7
22,1,2,2,183,183,3,1,10,12,0,3,6,6,5,6,5,6,1,1,3,4,4,2,3,3,4,3,1,1,1,2,1,1,1,1,1,2,1,1,2,2,1,2,6,10,1,1,10,10,10,10,10,10,10,10,10,10,10,1,10,10,5,1,1,1,1,1,1,1,1,1,1,1,1,1,1,1,1,10,10,2,2,2,2,3,2,2,2,2,2,2,2,2,2,2,2,3,2,3,4,7,7,6,1,1,7,7,1,1,9,9,1,7,7,1,1,1,1,1,7,1,1,1,7,1,7,7,7,7,7,7,7,7,7,7,7,7
23,1,2,5,52,52,1,1,10,12,-4,2,10,10,10,10,10,10,2,2,5,5,5,5,5,5,5,5,2,2,2,2,2,2,1,1,1,1,2,2,1,2,1,2,10,10,1,1,10,10,10,10,10,10,10,10,10,10,10,1,10,10,5,7,7,7,7,7,7,7,7,7,7,7,7,7,7,7,7,10,10,7,7,7,7,7,7,7,7,7,7,7,7,7,7,7,7,7,7,7,7,7,7,7,1,1,7,7,1,3,10,10,1,1,1,1,2,2,2,2,2,2,1,1,1,1,1,7,7,7,7,7,7,7,7,7,7,7
24,1,2,4,52,52,3,1,4,1,0,4,6,2,2,2,2,7,2,2,1,4,3,4,4,4,4,4,1,2,1,1,2,1,1,2,1,1,1,1,2,1,2,2,3,3,5,1,4,7,2,7,7,3,5,2,1,1,1,8,1,8,5,7,5,5,4,5,4,4,4,4,4,5,5,4,5,4,4,2,2,3,4,4,4,4,4,5,4,5,4,5,7,7,7,7,7,7,7,7,7,7,7,7,7,1,7,5,1,1,3,8,1,4,4,1,4,1,1,5,1,4,3,3,4,3,4,7,7,2,7,7,7,7,4,7,4,7
25,1,1,2,52,52,2,3,2,12,3,4,2,1,10,2,1,6,2,2,5,5,3,5,4,2,6,4,2,2,2,2,2,1,1,1,2,2,2,2,1,2,1,1,2,2,9,9,2,2,3,2,2,1,9,2,2,7,9,9,4,6,5,5,5,6,7,1,5,4,6,7,4,5,4,5,4,5,6,1,1,6,2,7,2,7,1,4,2,4,1,2,3,3,6,1,5,4,2,3,4,1,1,1,1,1,1,1,1,1,10,1,1,1,1,1,1,1,1,1,1,1,1,1,1,1,1,4,5,7,5,4,6,4,7,5,4,7
26,1,2,5,52,52,3,1,8,1,0,4,10,10,1,6,1,8,2,2,2,2,6,6,1,7,1,7,1,2,1,1,1,1,1,1,2,1,1,2,1,1,1,1,5,5,9,6,2,6,1,6,10,10,6,7,10,1,1,1,10,1,5,7,7,7,2,7,1,1,2,2,2,2,3,1,7,3,1,5,2,2,7,2,1,1,7,6,7,4,7,7,7,7,7,7,7,7,7,7,7,7,7,7,7,7,7,4,1,7,1,10,4,5,2,2,1,1,1,7,1,7,4,1,7,4,4,7,7,7,7,7,7,7,7,7,1,7
27,1,1,2,52,52,1,1,8,1,2,5,7,6,6,6,6,7,2,4,6,4,6,7,4,5,5,5,1,2,2,1,1,2,1,2,1,2,1,1,1,1,1,2,7,6,3,3,6,7,7,8,8,7,9,8,8,8,9,3,8,8,5,6,6,5,5,6,6,7,6,6,6,6,6,7,6,6,6,9,8,6,5,6,6,7,6,6,5,5,6,6,6,6,5,6,6,6,6,5,7,6,6,5,6,4,7,5,6,5,8,6,5,5,5,5,6,6,6,6,5,7,6,5,5,5,6,6,7,6,6,6,7,6,6,6,6,7
28,1,1,2,52,52,3,1,8,3,1,6,5,6,6,7,5,5,1,3,6,4,5,6,5,6,4,7,1,1,1,1,1,2,1,1,1,2,1,2,2,2,1,1,7,6,3,3,9,6,7,7,7,6,8,6,6,7,7,5,7,7,5,7,5,6,5,5,7,6,6,6,4,5,6,5,7,6,5,7,7,6,6,7,6,5,5,6,7,7,4,5,5,6,7,7,7,6,6,6,6,5,6,5,6,5,1,6,6,6,7,7,4,5,6,7,5,5,5,6,6,7,6,7,7,5,5,7,6,6,7,6,6,7,5,6,6,7
29,1,2,2,40,40,3,3,9,6,4,5,9,9,9,9,10,9,2,2,6,7,7,7,6,6,7,6,2,1,1,2,1,1,1,2,2,1,2,2,2,1,1,2,10,10,1,1,10,10,10,9,9,9,9,9,10,9,10,2,10,9,5,1,2,1,7,7,7,7,7,7,7,7,7,7,7,7,7,10,10,7,7,7,7,7,7,7,7,7,7,7,7,7,7,7,7,7,7,7,7,7,6,1,4,1,1,1,1,1,10,10,6,1,4,5,7,6,6,5,6,5,6,7,5,6,7,7,6,7,7,7,7,7,7,7,6,7
30,1,1,3,52,52,3,1,9,2,3,8,10,10,2,7,5,4,2,3,3,1,2,5,7,6,7,1,1,1,1,1,2,1,1,2,2,1,1,1,1,2,1,1,8,5,8,4,10,5,7,9,10,1,10,10,10,10,10,10,8,10,5,7,7,7,6,2,5,7,7,7,7,7,7,2,7,7,7,5,6,7,1,6,4,7,1,2,4,2,3,2,6,7,5,3,7,5,2,3,3,7,7,2,1,7,4,4,5,4,10,2,6,7,4,1,5,1,5,5,3,5,6,6,4,3,3,5,3,7,6,6,6,7,1,7,7,7
31,1,1,4,52,52,3,1,8,1,1,4,8,8,4,5,2,8,2,2,5,5,5,5,5,5,5,5,2,2,2,2,2,1,1,2,1,2,2,1,2,1,1,1,7,8,4,5,6,7,7,8,8,7,8,8,7,9,9,2,9,8,5,5,7,6,6,6,5,7,6,6,5,6,6,7,6,7,6,1,1,7,6,7,7,6,7,6,7,7,7,6,6,7,6,7,6,7,6,7,7,5,5,5,5,5,5,5,5,5,8,9,5,5,5,5,5,5,5,6,6,6,6,5,6,6,6,6,7,7,6,7,7,6,6,7,7,7
32,1,2,4,174,174,3,1,5,2,0,6,9,10,3,6,3,9,2,2,7,1,1,6,4,2,2,6,2,2,2,1,1,1,1,1,1,1,2,2,1,2,2,2,8,9,5,6,10,9,6,8,10,9,9,8,5,2,3,2,8,8,5,5,6,5,6,5,1,4,4,4,3,6,5,5,5,6,1,4,4,2,5,5,7,1,3,5,7,7,7,7,7,7,7,6,7,7,7,7,7,7,7,7,7,1,7,7,1,1,5,1,1,1,1,1,6,6,4,6,1,6,1,2,1,1,7,6,7,7,7,7,7,6,7,5,2,7
33,1,2,4,126,126,5,1,5,8,0,5,10,10,2,3,1,8,2,2,5,3,2,5,4,1,2,6,2,1,1,2,1,1,1,2,2,1,2,1,1,2,2,1,7,6,5,5,8,8,8,6,7,9,6,6,2,4,2,7,8,9,5,7,7,5,5,3,4,4,4,1,6,2,5,5,3,4,1,3,9,4,7,3,2,6,4,3,6,5,2,6,7,6,7,7,7,7,7,7,7,7,4,7,7,7,7,7,1,6,2,9,4,1,1,1,4,4,4,4,4,4,4,4,1,1,4,7,7,7,7,7,7,7,7,7,2,7
34,1,1,5,52,52,3,1,10,12,1,4,9,6,7,8,10,7,3,4,6,5,6,5,6,6,5,5,2,2,2,1,1,1,1,2,1,1,2,2,1,2,1,2,7,8,5,4,9,8,7,9,9,8,8,10,7,9,7,2,9,8,5,6,6,5,6,7,5,4,5,6,4,6,5,6,6,7,7,9,8,6,5,6,6,4,7,7,5,5,5,6,7,6,6,7,6,6,7,6,7,6,7,5,5,7,6,6,5,6,8,9,6,5,5,6,6,6,7,6,5,7,5,5,6,6,7,7,6,6,7,7,6,7,7,7,6,7
35,1,2,2,235,235,3,1,9,3,0,4,9,10,9,9,10,9,2,2,5,4,4,5,1,1,1,1,1,2,2,1,2,2,1,2,2,1,1,1,2,2,2,2,10,9,1,2,9,9,8,8,7,8,9,9,9,9,8,2,8,8,5,6,6,4,7,6,6,7,7,5,6,6,6,7,6,5,7,10,9,6,6,7,5,6,6,7,5,6,6,7,6,7,7,7,7,7,7,6,7,7,7,6,7,7,6,6,6,6,9,9,6,3,7,1,1,1,1,5,1,1,1,1,1,1,6,6,7,6,7,7,6,6,7,6,6,7
36,1,2,3,52,52,2,1,7,2,0,4,9,8,4,4,1,6,2,2,5,6,1,7,7,1,7,1,2,1,1,1,1,1,1,1,2,2,2,1,1,2,2,2,5,5,5,5,4,8,10,10,10,9,8,10,10,10,10,10,6,10,5,7,7,6,7,4,2,3,7,6,5,7,6,5,7,7,4,5,5,5,5,3,3,5,5,2,5,5,6,5,6,6,7,4,7,7,5,7,7,7,7,6,1,1,7,6,1,1,1,5,1,3,3,1,4,7,6,1,4,4,4,4,2,1,1,7,7,3,7,7,7,7,7,6,4,6
37,1,2,3,52,52,4,1,8,12,-1,4,10,9,9,10,10,2,1,4,6,6,2,6,5,6,6,6,1,2,1,2,1,1,1,2,1,1,2,1,2,2,1,1,8,10,6,6,9,8,6,5,9,6,4,5,2,5,9,5,10,7,5,7,6,6,4,4,4,3,4,6,7,5,4,3,4,4,4,1,6,5,5,5,5,5,6,3,7,5,4,6,7,6,7,5,7,7,5,7,7,4,4,7,1,1,7,5,1,3,6,7,1,5,2,1,3,4,7,5,6,6,5,4,6,1,5,7,6,5,7,7,6,7,6,7,6,6
38,1,1,2,52,52,1,1,8,2,4,5,8,7,8,8,7,8,2,2,6,4,3,4,5,5,3,4,2,1,1,1,1,2,2,2,2,1,2,1,1,2,2,2,9,7,2,2,8,8,8,7,8,7,7,9,8,7,7,3,7,8,5,3,4,3,6,1,7,7,7,5,5,5,2,6,2,6,7,8,8,1,3,3,3,5,5,2,6,4,5,5,7,5,7,5,6,6,4,6,7,5,4,4,5,5,6,5,4,3,9,7,5,7,3,5,4,5,6,6,3,2,2,2,5,2,6,5,3,6,4,4,3,4,7,4,2,6
39,1,3,2,52,52,3,4,3,4,1,5,4,5,5,7,5,5,3,2,4,4,5,2,5,4,3,5,2,2,1,1,1,1,1,1,1,1,1,1,2,1,1,2,5,8,6,5,7,5,6,6,8,3,6,5,7,5,3,3,6,6,5,3,5,4,6,4,5,6,4,6,5,7,6,6,6,5,6,6,7,5,4,7,5,5,6,3,4,4,5,4,6,4,5,4,4,5,5,6,6,3,3,4,3,2,3,4,4,3,4,5,4,3,4,5,5,4,4,3,3,4,3,2,4,2,4,5,7,6,7,6,5,6,7,4,5,6
40,1,1,4,52,52,3,1,8,1,0,4,8,8,3,6,4,7,2,2,6,1,2,5,5,5,6,4,1,1,1,1,2,2,1,2,1,1,1,1,1,1,2,1,7,5,3,3,6,8,7,4,8,6,4,8,6,7,7,5,8,7,5,7,6,7,5,6,3,4,4,7,7,5,5,3,3,5,1,4,3,5,5,3,3,3,6,6,6,5,5,5,7,7,7,3,7,7,7,7,7,7,7,7,3,2,7,7,1,1,3,7,2,3,4,1,1,1,1,5,1,1,3,4,5,2,4,7,7,7,7,7,7,7,7,6,5,6
41,1,2,2,52,52,2,1,7,2,0,6,7,8,2,7,8,8,2,2,6,5,5,5,3,3,5,5,2,1,2,1,2,2,1,2,1,2,1,1,2,1,1,1,7,6,4,4,7,6,7,6,7,8,7,8,8,7,8,3,8,7,5,6,6,5,6,6,6,6,6,5,6,6,6,5,6,6,6,8,7,6,6,6,6,6,6,6,6,5,6,6,6,6,6,6,6,6,6,6,6,5,6,6,6,6,7,6,6,6,8,7,4,3,4,1,3,3,2,3,2,3,2,3,2,3,2,5,5,6,6,6,5,5,6,6,4,6
42,1,1,2,52,6,3,1,9,3,0,7,9,10,9,5,1,6,2,3,2,6,6,6,2,4,2,2,2,2,2,1,2,2,1,1,1,1,1,1,1,1,1,2,6,5,7,4,7,6,8,6,9,8,6,8,9,5,5,4,6,6,5,7,6,6,7,6,7,6,7,6,6,6,7,6,5,6,6,1,4,7,6,1,3,7,6,7,7,7,6,7,7,7,6,6,7,7,6,6,7,7,7,7,7,3,7,6,3,3,2,9,6,1,6,1,2,1,3,6,1,1,6,4,5,4,5,6,7,6,7,7,7,7,6,7,6,6
43,1,2,3,52,52,3,1,9,12,0,4,8,8,8,3,5,10,2,2,2,2,4,3,4,3,4,4,1,1,1,1,2,1,1,2,2,2,1,1,2,2,2,2,3,3,3,3,5,5,3,3,7,3,4,4,9,6,8,4,5,8,5,7,3,7,7,2,2,2,5,7,7,6,7,4,4,4,1,2,2,5,3,4,4,5,4,3,5,5,6,6,7,7,7,6,7,7,5,6,7,7,6,7,6,1,7,5,1,1,3,7,1,3,2,1,1,1,2,6,1,1,3,4,5,3,4,7,7,6,7,7,7,7,7,5,5,6
44,1,1,2,52,52,2,1,6,12,0,5,7,1,2,1,1,6,1,2,1,5,4,2,4,1,4,6,1,2,2,1,1,1,1,1,2,2,2,2,1,2,1,1,8,3,4,3,5,1,9,4,8,3,5,7,7,7,8,3,7,5,5,6,7,7,6,4,3,5,6,6,6,6,7,6,6,7,2,1,1,2,6,4,4,5,3,2,2,4,5,2,6,4,6,2,7,5,3,3,3,6,5,7,1,1,6,6,2,1,8,1,1,1,1,1,5,3,6,4,1,4,5,6,2,4,2,6,7,5,7,6,7,7,7,7,6,6
45,1,2,4,52,52,3,3,5,12,0,4,8,10,4,5,1,5,2,2,4,4,2,6,4,1,5,2,2,2,2,1,2,1,1,2,1,2,2,1,1,1,1,2,6,9,3,3,10,8,3,6,5,8,6,7,10,8,10,8,7,5,5,7,4,5,7,3,2,2,4,4,3,7,7,6,4,7,1,5,6,2,6,4,4,4,4,6,7,4,2,7,7,7,7,2,7,7,7,4,7,7,4,6,1,2,7,7,2,1,1,1,1,5,1,1,4,4,4,4,4,4,4,6,5,1,2,7,6,7,7,6,7,7,7,4,6,6
46,1,2,3,52,52,4,1,5,1,0,4,6,5,5,2,2,5,2,2,5,4,2,6,6,5,4,4,1,1,2,2,1,1,1,2,1,1,1,1,1,2,1,1,2,1,6,5,1,7,5,7,9,8,5,8,5,7,6,4,7,8,5,6,7,7,7,4,3,4,5,4,5,5,7,6,4,5,4,7,7,5,7,4,5,6,5,7,4,5,4,5,7,7,7,5,7,7,6,6,7,6,7,7,3,7,7,6,2,6,3,5,1,1,1,1,5,4,4,5,4,3,4,4,5,1,2,6,5,3,7,7,7,7,6,5,5,6
47,1,1,3,52,52,3,1,10,12,0,4,10,8,4,6,7,6,2,2,5,5,6,6,5,4,4,4,1,2,1,2,1,2,1,2,1,2,2,1,1,2,1,2,8,8,4,3,7,7,7,7,8,8,8,8,7,8,7,4,7,10,5,5,7,6,6,7,3,5,4,6,7,6,6,6,5,6,6,9,8,6,7,6,5,6,6,5,7,6,6,6,6,6,6,6,6,6,6,7,6,6,6,6,6,6,6,6,3,6,9,8,6,5,5,6,2,6,4,5,7,4,6,5,5,6,5,5,6,6,5,6,6,6,6,5,5,6
48,1,2,4,52,52,3,6,8,1,0,4,9,10,1,4,1,6,2,2,1,4,4,7,5,1,2,6,2,2,1,1,1,1,1,2,1,1,1,1,2,2,2,2,5,5,1,1,6,6,6,7,6,7,6,6,5,3,3,4,8,7,5,7,7,5,7,3,2,4,4,6,3,7,7,5,4,4,2,4,1,6,3,2,2,5,4,2,5,7,5,5,7,7,7,5,7,6,5,7,7,7,7,7,2,1,7,5,1,1,3,10,1,3,1,3,4,4,4,4,4,4,1,1,7,2,7,6,6,6,5,7,7,7,6,4,3,6
49,1,1,3,52,52,3,1,6,1,0,6,6,7,7,8,7,8,2,2,4,5,6,5,5,5,6,6,2,2,1,1,2,2,1,2,2,2,1,1,2,2,2,1,8,7,3,3,7,7,8,7,8,7,6,8,8,7,7,4,7,8,5,6,6,5,6,5,6,5,5,4,5,5,5,5,4,5,6,6,6,6,6,6,6,6,4,5,5,5,5,5,6,6,6,5,5,6,5,5,6,5,5,5,6,6,5,6,6,5,8,8,6,6,5,7,6,7,6,6,5,6,6,5,6,6,7,6,5,7,6,7,5,7,6,5,6,6
50,1,2,3,52,52,2,1,5,1,1,6,8,6,1,3,3,8,2,2,1,5,2,4,6,2,5,2,2,1,2,1,1,1,1,1,1,1,1,2,2,2,2,2,8,5,5,5,10,7,2,3,2,3,6,1,7,8,8,7,4,4,5,7,7,3,4,4,5,5,5,5,5,3,4,2,2,2,1,1,2,5,5,6,5,3,5,5,7,7,5,7,7,7,7,5,7,7,6,6,7,7,7,7,5,7,7,6,6,7,3,8,1,1,1,1,5,6,6,3,4,6,4,4,5,2,5,6,6,4,7,7,7,6,6,6,4,6
51,1,2,1,52,235,1,1,9,3,1,4,9,7,6,10,7,1,2,3,5,4,5,6,4,6,5,5,2,1,1,1,1,1,1,1,1,1,1,1,2,1,1,1,9,6,4,5,6,8,5,7,6,5,7,5,7,6,9,4,8,6,5,7,3,6,5,6,7,6,6,6,7,5,6,5,6,6,7,9,6,6,5,6,3,5,4,7,5,6,6,5,6,5,6,5,7,5,6,6,6,7,5,7,7,1,5,6,1,3,7,7,7,5,6,6,5,7,6,6,6,6,5,1,2,2,7,4,5,6,4,6,4,7,6,5,5,6
52,1,1,3,52,52,1,1,7,2,2,6,3,2,2,6,5,3,2,2,2,2,4,2,3,3,2,3,1,2,1,1,2,2,1,1,1,2,1,2,2,2,2,1,2,4,4,3,5,7,6,7,7,2,7,4,5,6,3,5,6,7,5,6,7,6,5,4,6,5,5,4,5,3,5,5,5,4,1,7,7,4,6,4,5,3,5,5,7,7,5,5,6,6,7,4,6,7,5,6,7,7,4,7,1,1,7,6,2,1,1,5,2,2,2,1,4,6,5,6,4,6,4,7,7,5,6,6,6,4,6,6,7,5,7,6,3,6
53,1,2,5,182,52,3,5,8,2,0,6,2,2,8,1,3,10,2,2,1,1,5,1,2,1,2,5,2,2,2,2,2,2,2,2,1,2,2,2,1,2,2,2,1,1,3,2,9,7,2,2,2,2,2,3,3,2,2,4,2,2,5,6,4,1,5,3,4,4,3,3,6,2,5,4,5,5,1,6,9,5,3,4,4,4,5,3,6,2,2,5,5,6,6,4,6,6,6,6,6,6,6,7,3,1,7,7,1,1,2,8,2,4,4,3,1,1,1,1,1,1,4,5,6,1,4,7,7,7,7,7,7,7,7,7,1,6
54,1,2,3,52,52,3,3,9,2,0,4,7,8,8,8,7,8,2,2,6,4,5,4,6,5,6,6,1,1,1,1,2,1,1,2,2,2,2,2,1,1,1,2,8,7,4,4,7,7,7,8,8,7,7,8,8,7,8,4,7,8,5,2,2,2,2,2,2,3,2,2,2,3,3,2,1,2,2,7,8,2,2,2,3,2,3,1,2,2,2,1,2,3,2,2,2,3,2,2,2,5,3,5,6,6,6,5,6,5,8,8,6,6,6,7,3,6,6,6,6,6,5,6,6,6,5,6,4,6,6,6,6,6,5,6,7,6
55,1,1,3,52,52,3,1,7,2,0,6,9,8,2,9,2,7,1,4,5,1,2,5,5,3,5,2,1,2,1,1,1,1,1,1,2,2,2,1,2,1,2,1,6,8,6,5,8,9,4,6,8,6,9,6,7,4,7,8,7,6,5,7,6,6,5,3,3,2,6,6,7,5,7,6,4,6,6,2,6,4,5,6,5,2,6,5,6,5,5,6,7,6,2,2,7,7,3,6,7,6,6,4,1,6,6,6,1,7,7,8,1,2,1,1,1,2,2,5,1,2,3,6,4,1,3,6,7,1,7,5,7,5,7,7,3,6
56,1,2,3,52,52,3,6,5,12,0,2,7,7,4,6,8,8,2,2,4,4,4,4,4,4,4,4,1,2,1,1,2,2,1,2,1,2,1,1,2,1,1,1,5,5,4,4,5,5,5,5,5,5,5,5,5,3,5,6,5,5,5,6,6,6,4,4,4,4,4,4,4,4,4,4,4,4,4,2,2,4,4,5,4,4,4,4,5,4,4,5,6,6,6,5,4,6,6,6,6,6,6,5,5,6,5,6,6,6,5,5,1,5,2,1,4,4,4,4,4,4,2,5,4,2,3,6,6,5,6,6,4,6,6,5,6,6
57,1,2,2,174,52,3,1,7,2,0,4,8,8,2,5,2,4,2,2,5,1,2,6,4,1,2,3,1,2,1,1,1,1,1,1,1,1,1,1,2,1,2,2,6,6,5,3,8,8,4,3,5,4,5,2,4,7,3,5,8,5,5,5,5,3,3,5,2,2,4,3,4,4,4,2,2,2,1,3,2,2,5,2,2,2,6,6,3,5,5,2,7,7,7,3,7,7,3,6,6,6,6,7,1,1,6,6,1,1,2,8,1,2,2,1,4,2,4,4,2,4,1,6,3,1,3,5,6,6,7,6,7,6,6,5,4,6
58,1,1,3,52,52,2,1,7,10,-4,6,8,7,5,6,7,7,2,4,4,3,4,5,3,1,1,5,2,2,2,2,2,2,2,1,1,1,2,1,2,2,2,2,6,6,3,3,8,7,7,2,8,6,9,7,1,1,1,4,3,6,5,6,6,5,5,5,5,3,3,2,5,4,3,3,1,2,1,1,1,2,5,2,4,3,6,6,5,2,2,4,7,7,6,4,7,7,5,5,5,7,7,7,3,1,6,6,1,2,6,1,6,4,4,5,5,5,5,2,5,5,5,5,5,2,1,6,7,4,4,4,7,6,6,6,1,6
59,1,1,3,52,52,3,1,8,12,3,6,9,10,2,8,2,9,2,4,3,6,4,6,6,5,6,6,1,2,2,2,2,1,1,2,2,2,2,1,1,1,1,1,9,6,3,3,8,8,8,9,9,8,8,8,7,8,7,3,6,7,5,7,7,7,7,7,6,6,6,6,5,6,7,5,6,6,6,2,9,6,6,6,6,6,5,7,7,6,6,6,6,7,6,6,6,7,6,7,7,7,5,6,5,7,6,5,5,7,9,8,4,4,4,4,4,4,5,5,6,6,4,6,6,5,7,7,6,7,7,7,7,7,7,6,6,6
60,1,1,3,52,52,3,1,9,2,0,6,8,9,6,7,6,9,2,4,3,5,4,6,4,4,4,4,1,1,1,2,1,2,1,1,1,2,2,1,1,1,1,1,6,6,6,5,9,9,8,7,8,7,8,9,6,6,6,4,8,8,5,7,5,6,6,6,4,4,5,4,4,5,4,5,5,6,4,6,5,5,2,4,5,4,4,4,6,6,6,4,6,6,5,5,5,6,6,5,6,6,6,6,6,3,6,4,6,6,8,1,4,4,3,4,6,6,6,6,6,6,4,5,5,1,5,7,6,6,6,6,6,6,6,4,6,6
61,1,2,2,128,128,1,1,5,2,0,3,6,7,9,4,4,4,1,2,1,2,6,5,6,4,3,6,1,2,2,2,2,1,1,2,2,1,1,2,2,2,2,1,7,3,3,6,6,6,6,7,7,5,5,7,5,7,6,3,6,7,5,1,4,5,7,4,5,1,4,6,6,6,5,6,5,7,4,8,7,3,6,1,5,2,3,3,7,4,1,6,7,4,4,2,7,7,1,7,7,7,1,4,1,1,7,6,1,1,10,7,1,1,1,1,4,2,5,5,2,4,4,5,3,1,5,7,7,5,7,7,7,3,7,7,7,6
62,1,1,2,52,52,1,1,7,7,0,4,4,2,9,2,1,5,2,2,5,4,6,3,5,2,1,6,2,2,2,2,1,2,2,2,1,1,2,1,1,1,2,2,1,2,3,1,8,6,2,1,3,4,5,1,3,2,2,9,3,5,5,3,4,6,6,5,4,3,4,1,1,5,2,5,5,4,3,1,1,2,2,5,4,6,5,6,3,3,4,4,3,6,6,2,4,6,6,6,7,3,3,7,5,3,5,5,3,1,1,1,1,3,1,2,2,3,4,4,1,3,1,6,2,1,1,6,5,4,3,5,6,4,5,6,6,6
63,1,1,3,52,52,2,1,5,1,1,3,6,6,2,6,1,7,1,2,1,1,3,2,6,5,2,2,1,1,2,1,1,1,1,2,1,1,1,1,2,2,1,2,4,3,5,3,5,5,4,4,6,3,3,6,10,6,7,7,10,3,5,6,6,7,7,2,2,4,7,5,7,2,7,5,4,5,1,6,1,6,2,5,7,3,3,5,7,7,7,7,7,7,7,7,7,7,7,7,7,6,6,6,5,1,6,7,1,1,1,10,1,1,1,1,5,6,7,2,2,7,1,1,7,7,7,6,7,3,7,6,7,4,7,5,3,6
64,1,1,3,52,52,3,1,9,2,0,5,7,5,1,3,1,7,2,4,3,5,6,4,1,1,1,7,1,1,1,1,1,1,1,1,1,1,1,1,2,1,2,2,4,5,3,2,9,7,6,5,8,6,8,8,2,4,1,2,5,3,5,6,4,5,2,6,2,1,2,1,2,2,2,2,1,1,1,6,5,1,7,1,7,7,6,7,6,6,4,4,7,7,7,6,7,7,7,7,7,6,7,7,6,1,7,7,1,1,2,6,5,7,5,6,2,2,4,5,1,4,1,1,7,4,6,7,6,6,4,6,7,6,6,6,1,6
65,1,2,2,52,52,1,1,7,12,1,6,4,3,8,3,5,9,2,2,5,2,4,6,5,1,3,4,1,2,2,2,2,2,1,1,1,2,2,1,1,2,2,1,2,2,7,5,6,9,7,10,8,4,6,7,5,6,6,5,7,9,5,6,4,7,7,2,1,2,5,4,5,6,7,6,5,7,2,2,1,5,2,6,2,7,2,2,3,1,2,2,6,5,6,2,6,7,2,4,5,6,3,7,1,1,7,7,4,2,10,1,1,4,1,1,4,1,4,5,2,2,2,5,2,1,2,5,6,2,2,6,7,5,6,5,1,6
66,1,1,5,52,52,3,1,8,1,0,2,9,8,8,8,4,7,2,2,4,5,6,6,6,6,5,5,1,1,2,1,1,1,1,2,1,2,2,2,2,2,2,2,2,3,4,4,7,8,9,8,8,5,8,8,8,8,2,5,7,4,5,6,6,5,5,5,5,4,5,5,6,5,6,3,3,2,5,8,8,6,5,5,5,6,5,6,6,5,6,6,5,5,5,6,6,5,5,6,6,6,6,6,6,6,6,5,6,5,4,4,1,3,2,2,1,1,1,5,1,1,4,4,3,2,5,7,5,4,7,6,7,6,7,6,6,6
67,1,2,2,40,40,1,1,7,2,-3,6,8,8,9,2,2,2,2,2,2,3,5,3,4,2,5,5,2,2,2,1,2,1,2,2,1,2,2,1,2,2,2,1,6,8,3,4,8,8,7,6,4,6,6,7,6,9,6,8,8,8,5,6,6,6,5,6,6,5,5,5,6,7,6,6,5,7,6,8,8,5,2,4,5,5,4,5,6,5,3,4,6,6,6,4,6,6,4,6,6,6,5,5,4,1,6,6,3,5,5,7,1,4,5,2,3,5,3,5,3,2,4,6,3,4,6,6,6,6,6,7,7,5,6,5,6,6
68,1,2,2,52,52,3,3,4,12,2,1,6,6,8,7,5,7,1,3,4,3,6,4,3,4,3,5,1,2,2,2,2,2,1,2,1,1,1,1,2,2,1,2,7,6,4,6,5,7,5,7,7,6,7,6,10,4,6,4,5,6,5,2,3,3,3,4,3,4,3,4,1,4,6,2,3,6,4,6,6,6,6,4,5,6,5,7,5,5,7,2,3,6,5,6,6,3,6,6,5,4,4,4,5,2,3,3,4,5,7,8,4,1,3,2,3,4,4,6,5,4,5,6,7,6,5,4,4,5,3,7,5,6,5,4,6,6
69,1,1,1,52,52,1,1,4,1,0,2,2,4,6,2,2,8,2,2,3,1,5,5,5,1,4,5,2,2,1,2,1,2,2,2,2,2,1,2,2,1,2,1,3,5,7,7,7,10,1,3,6,6,5,2,1,1,1,7,4,4,5,5,3,2,3,5,5,3,4,3,6,4,4,5,4,6,6,1,1,5,5,5,3,5,6,5,5,6,4,6,6,6,3,4,2,4,5,4,2,5,4,6,1,2,6,5,4,5,4,1,4,4,6,5,4,3,4,6,5,5,4,5,5,6,6,5,4,3,5,6,4,6,5,5,5,6
70,1,2,3,14,13,3,4,7,3,3,3,9,10,8,8,9,8,3,2,2,4,3,4,4,5,5,6,2,2,2,1,1,2,2,1,1,1,1,2,1,2,1,2,8,9,6,4,9,10,9,10,9,8,8,8,6,9,10,1,8,7,5,5,6,4,5,4,6,5,6,5,4,5,3,6,4,6,5,8,9,5,4,6,6,6,5,5,3,6,4,5,5,6,6,6,6,5,4,4,5,6,4,4,5,5,3,5,6,6,8,9,5,4,5,6,5,6,5,4,5,6,6,5,5,6,6,2,6,4,5,6,5,3,4,5,6,6
71,1,1,3,52,52,3,1,8,1,0,4,7,7,7,8,7,7,3,3,5,6,5,6,5,6,7,6,2,1,2,1,1,1,1,2,2,2,1,2,1,1,1,1,7,5,5,4,7,6,7,5,7,8,7,6,5,7,6,4,7,8,5,5,5,4,6,5,5,5,6,5,6,3,4,5,3,4,4,6,5,4,6,5,6,6,6,6,7,5,6,5,7,6,6,6,5,7,5,5,4,6,6,5,4,1,6,5,5,2,5,5,6,6,5,5,4,2,4,6,2,2,2,2,2,1,1,6,4,5,5,5,4,4,6,5,3,6
72,1,1,3,52,52,1,1,5,2,0,6,7,3,2,7,1,5,2,2,4,1,4,5,4,1,2,5,1,1,1,1,1,1,1,2,1,1,1,2,2,1,2,2,4,4,3,5,5,6,2,3,5,6,5,5,3,2,6,8,5,6,5,7,4,6,5,6,6,2,5,5,5,5,4,5,4,5,5,4,3,5,5,3,6,5,6,5,4,6,4,5,7,7,7,5,7,7,7,7,7,6,1,7,1,7,7,7,7,7,4,7,1,1,1,1,1,1,1,3,1,1,5,3,5,1,6,5,6,4,6,1,6,5,6,6,2,6
73,1,2,5,52,52,3,1,6,12,-4,6,7,9,1,6,1,4,2,2,1,4,4,5,3,1,3,2,1,1,1,1,2,2,1,2,2,1,1,1,2,2,2,2,7,6,7,3,10,4,8,2,8,1,6,7,5,8,5,8,7,9,5,7,7,7,7,2,1,1,6,4,5,7,6,2,5,6,1,1,1,5,3,6,4,5,5,3,6,6,6,6,7,6,7,4,7,7,6,7,7,7,5,7,1,1,7,7,1,1,2,9,1,6,1,4,4,4,4,5,4,4,1,7,6,1,1,7,7,4,4,1,7,7,7,2,1,6
74,1,1,5,52,52,3,1,6,2,5,4,9,8,3,6,2,3,1,4,4,5,1,5,5,5,7,5,1,1,1,1,1,1,1,2,1,1,1,2,1,2,2,1,10,6,9,9,8,6,6,6,6,3,5,10,10,10,10,6,7,8,5,6,5,6,7,2,4,6,7,7,7,6,7,6,6,6,7,5,5,5,2,5,5,5,6,4,5,6,5,5,5,5,5,6,5,5,3,4,5,5,3,4,1,3,6,4,2,7,9,8,1,1,1,1,2,4,2,5,2,4,4,2,4,3,5,6,6,7,3,4,6,6,6,7,7,6
75,1,2,3,52,52,4,1,3,2,0,4,8,3,1,7,1,3,1,2,6,4,4,6,5,4,6,1,1,1,2,1,2,1,1,2,1,2,1,1,2,1,2,1,7,4,4,4,3,8,2,3,6,1,3,6,8,8,8,10,8,7,5,7,7,7,5,3,2,4,5,6,5,3,5,4,4,2,1,2,2,5,4,2,4,2,5,5,7,7,7,7,4,7,7,4,7,7,5,5,7,4,5,7,4,1,6,5,3,1,2,8,1,1,1,1,7,7,7,1,7,7,6,5,3,1,5,6,6,4,5,7,7,6,7,6,2,6
76,1,1,4,52,52,3,1,10,1,0,4,10,8,7,7,7,8,2,2,5,6,6,6,5,5,5,6,2,1,1,1,2,1,2,1,1,1,2,2,2,1,1,2,4,8,3,4,8,7,7,9,8,5,8,7,7,7,6,3,9,7,5,5,7,6,6,5,5,5,5,6,5,4,6,6,5,6,5,6,8,6,6,6,4,6,3,6,5,6,6,5,7,7,7,7,7,7,7,7,7,7,7,7,7,7,7,7,7,7,5,8,7,7,6,7,6,7,6,4,7,7,6,5,6,6,6,5,7,7,3,4,6,6,7,7,5,6
77,1,1,5,52,52,1,1,8,12,0,4,2,3,5,2,5,10,2,2,2,1,4,1,4,2,6,4,1,2,2,1,2,2,1,2,1,2,1,1,1,1,1,2,1,2,5,5,2,5,5,5,3,4,8,1,9,9,7,6,5,6,5,6,6,6,6,6,5,5,5,7,7,7,5,4,5,6,4,1,1,6,4,4,6,5,6,6,6,4,4,4,5,4,7,1,3,5,5,5,4,4,4,7,2,6,6,6,1,1,1,5,1,6,1,1,4,1,4,5,1,4,4,5,5,3,2,4,6,6,6,6,6,6,7,6,6,6
78,1,1,2,235,235,1,4,4,3,3,5,8,9,9,9,8,3,2,2,6,6,5,6,6,3,5,4,1,2,2,1,2,1,1,1,1,1,2,1,1,1,2,2,4,5,4,4,8,7,8,8,8,3,8,8,9,8,7,5,6,4,5,4,5,6,6,5,3,5,5,6,6,3,4,6,6,5,6,9,7,6,5,4,6,6,6,5,6,6,4,5,7,6,7,5,6,7,3,7,6,6,7,7,5,4,5,5,1,2,7,9,6,5,5,5,2,6,6,4,2,6,5,5,6,6,3,6,4,7,6,5,4,2,5,4,6,6
79,1,1,5,52,52,2,2,4,11,0,4,3,4,10,1,1,8,2,2,2,3,6,3,6,3,5,3,1,2,2,1,1,1,1,1,2,2,1,2,2,1,2,2,5,8,9,5,7,7,9,3,4,1,2,6,10,2,6,5,10,8,5,7,7,7,7,2,1,1,7,6,6,7,7,4,6,6,1,8,8,2,4,2,2,6,1,1,2,1,2,1,6,6,6,6,5,4,2,2,3,6,6,6,6,1,6,6,3,5,9,1,1,3,3,1,4,4,4,2,1,5,1,6,4,1,1,7,7,4,4,6,6,7,6,7,4,6
80,1,1,2,52,52,3,1,8,2,-1,3,7,7,2,6,3,8,1,3,1,4,5,1,3,5,2,2,2,2,1,2,2,2,2,2,1,2,2,2,1,1,2,2,6,4,4,4,5,8,7,2,7,3,5,4,8,6,7,6,5,8,5,6,4,3,5,4,4,3,4,2,3,5,4,3,2,2,1,3,5,4,4,2,5,2,5,4,6,3,4,5,4,4,7,7,7,5,6,6,3,4,5,7,2,1,7,6,5,2,4,8,3,5,5,4,4,2,3,5,5,5,4,6,5,3,4,6,6,1,3,5,6,7,6,6,3,6
81,1,1,4,52,52,3,1,5,12,-2,4,2,2,9,2,1,10,2,2,2,3,1,3,7,1,4,4,2,2,2,2,2,2,1,1,2,2,2,1,1,1,1,1,2,2,9,9,2,8,3,3,10,3,3,8,5,4,3,7,2,8,5,7,7,7,7,1,2,2,4,4,6,7,7,7,7,7,2,9,9,4,3,4,4,7,2,2,5,3,6,4,7,4,7,2,2,7,2,6,7,7,3,7,1,5,7,5,2,1,10,1,1,7,1,1,6,4,6,4,3,6,5,5,6,1,2,7,7,2,5,7,7,7,7,6,1,6
82,1,1,6,52,52,1,1,7,1,0,3,8,9,3,3,3,9,2,2,4,5,2,5,5,1,4,3,1,2,2,1,1,1,1,1,2,2,1,2,1,2,2,1,8,10,6,3,8,9,7,6,6,6,6,7,6,6,3,3,6,8,5,7,5,7,5,5,4,5,6,2,4,5,6,4,4,5,4,5,4,2,5,2,3,2,5,5,5,4,6,5,7,7,7,4,6,6,5,5,6,7,7,3,1,1,6,5,1,1,5,8,1,2,2,1,4,4,4,3,3,4,2,4,6,1,2,6,7,6,6,7,7,6,7,6,1,6
83,1,2,2,52,52,1,4,7,8,0,3,10,10,1,8,3,6,2,2,7,1,3,7,5,7,2,5,2,2,1,1,1,1,2,2,2,2,2,2,1,2,2,1,2,4,10,5,10,10,3,4,10,4,10,10,2,5,2,5,10,10,5,7,4,4,7,3,5,7,6,5,2,7,7,7,4,7,1,3,3,3,7,3,2,2,5,3,7,7,7,5,7,7,7,4,7,7,7,7,7,7,7,7,2,1,6,5,1,1,3,3,1,1,1,1,7,7,1,7,7,7,5,6,3,1,5,7,7,5,7,7,7,7,7,6,4,6
84,1,2,4,52,52,3,5,4,1,1,2,10,8,1,10,2,9,2,2,2,2,1,7,5,1,4,2,1,1,1,1,1,1,1,1,1,1,1,1,2,1,2,2,8,8,8,7,5,10,4,6,6,2,3,5,4,4,4,7,8,5,5,6,6,6,6,3,4,2,5,5,5,5,5,5,4,5,1,3,4,6,1,5,4,6,3,4,6,6,6,5,6,6,6,5,4,6,6,6,6,6,7,7,1,1,7,5,1,1,7,4,1,2,2,2,6,6,6,6,6,6,1,6,5,1,6,6,6,4,6,6,6,7,6,6,1,6
85,1,1,2,52,52,2,1,6,2,2,4,8,8,8,8,10,5,2,4,6,6,2,6,5,5,6,6,1,1,1,1,1,2,1,2,2,1,1,1,2,2,2,2,8,7,3,3,8,8,8,5,5,8,7,7,7,6,6,4,8,8,5,5,5,4,5,4,5,5,6,6,6,6,6,4,5,6,6,9,8,5,6,4,6,5,5,5,5,6,7,6,4,5,5,3,4,5,5,6,5,2,4,7,1,5,3,5,6,5,9,8,4,5,6,4,4,5,5,6,5,6,5,6,5,5,5,6,6,6,3,5,4,4,5,4,6,6
86,1,1,4,52,52,3,1,7,12,-3,5,8,6,1,6,6,7,2,2,1,1,5,6,5,3,4,4,1,1,2,1,1,2,1,1,1,1,2,1,1,1,2,2,2,3,3,2,2,3,7,6,7,7,4,5,6,6,6,5,7,3,5,5,6,5,5,6,6,5,4,5,5,3,3,2,3,2,4,1,1,5,4,2,2,2,5,6,6,6,6,6,7,7,7,4,7,7,7,7,7,7,6,7,4,1,7,7,1,1,2,8,3,4,3,3,6,7,6,3,6,6,4,6,5,3,4,5,6,5,6,5,6,6,6,5,1,6
87,1,2,2,52,52,2,1,5,1,0,4,9,8,5,3,2,7,2,2,2,4,3,5,4,4,1,6,2,2,2,2,1,1,2,2,1,1,1,2,1,2,2,1,4,4,4,4,9,8,3,6,8,1,1,3,1,1,1,4,9,4,5,6,6,6,6,4,4,4,4,4,2,7,6,4,4,6,2,1,3,6,4,4,4,4,4,4,6,4,5,6,6,6,6,5,7,6,5,6,6,7,5,5,5,1,6,5,1,1,2,1,1,4,1,1,4,1,1,5,1,4,5,6,5,1,1,6,7,4,4,7,7,6,7,5,1,6
88,1,2,5,52,52,3,1,7,10,-1,4,7,4,2,7,1,8,2,2,2,1,1,3,5,1,1,6,1,1,1,1,1,2,1,1,1,1,2,2,2,1,1,2,3,4,5,5,4,2,6,3,5,4,4,5,2,2,1,9,7,3,5,6,5,4,5,3,5,2,4,3,2,4,3,4,3,4,1,1,1,2,4,2,2,1,6,5,5,4,4,3,6,6,7,4,6,6,6,7,6,6,4,4,1,1,6,5,1,1,2,7,1,6,3,1,3,4,3,3,4,3,4,3,5,1,2,7,5,1,4,6,6,7,6,4,6,6
89,1,1,3,52,52,1,1,7,12,0,4,1,1,3,1,1,10,2,2,4,4,4,5,4,4,5,2,2,2,2,2,2,2,2,2,2,2,2,2,2,1,2,2,1,1,6,6,2,5,10,1,7,0,1,6,6,7,6,6,1,10,5,7,6,5,5,4,4,4,6,6,5,7,7,5,1,4,1,1,6,4,3,4,1,4,4,3,5,1,3,6,5,4,6,3,7,5,4,4,4,5,4,5,1,1,4,6,5,3,5,1,1,1,1,1,1,1,3,6,1,4,2,6,3,1,1,4,7,4,6,6,6,7,6,7,4,6
90,1,1,5,52,52,3,5,4,12,3,4,9,5,4,3,3,6,2,2,1,2,1,6,6,2,7,1,1,2,1,1,1,1,1,1,2,1,2,1,1,2,1,1,3,4,6,3,10,10,10,8,3,2,7,6,10,10,10,10,5,6,5,7,7,7,6,2,3,2,7,7,6,6,5,3,5,6,6,3,2,6,5,3,5,3,3,6,2,4,5,5,7,7,7,5,7,7,6,6,7,6,5,7,3,7,7,6,3,1,8,6,1,3,1,1,2,1,2,3,2,3,5,3,7,5,6,6,6,5,6,7,7,7,7,6,5,6
91,1,2,2,52,52,3,1,5,2,0,2,8,6,2,2,3,5,2,2,1,1,4,5,5,1,4,5,1,2,1,1,1,1,1,1,1,1,1,1,1,1,2,2,2,2,4,3,2,3,6,2,2,1,2,2,3,5,5,8,2,3,5,6,6,6,6,6,6,6,4,4,4,4,4,4,4,4,4,5,1,4,5,4,4,3,6,5,6,6,6,5,6,6,6,6,6,6,6,6,6,7,7,7,3,3,7,5,1,1,5,5,3,4,1,1,5,6,5,6,3,4,4,5,4,2,5,6,6,5,6,6,6,6,6,5,6,6
92,1,2,3,52,52,1,1,6,2,-1,4,10,10,2,10,6,2,2,2,3,6,2,6,3,2,3,2,1,1,1,1,2,1,1,2,1,1,1,1,2,2,2,1,7,6,8,4,8,7,8,7,8,5,3,3,3,2,2,8,8,7,5,7,7,6,3,4,1,2,5,5,3,5,5,4,2,5,1,8,7,6,5,7,6,5,3,4,7,7,2,6,7,7,7,7,7,7,5,7,7,7,7,7,6,1,7,4,1,1,4,7,1,3,1,1,7,7,7,1,7,6,7,5,3,2,5,7,7,3,5,7,7,7,7,6,1,6
93,1,1,3,52,52,2,1,8,1,0,4,6,6,1,1,2,10,2,2,1,1,4,2,3,1,3,3,1,1,1,2,1,1,1,2,2,2,1,2,1,1,2,1,2,3,6,6,10,5,5,2,7,10,3,1,6,2,6,6,2,7,5,7,6,7,4,4,3,4,5,7,5,6,6,6,4,6,1,1,5,7,1,7,1,6,2,1,7,7,4,7,6,7,7,5,7,7,7,7,7,6,7,5,1,1,7,5,2,1,5,1,1,4,2,5,5,7,6,1,5,4,1,1,3,1,4,6,7,5,6,3,7,7,7,7,1,6
94,1,1,2,52,52,1,1,7,2,2,6,6,5,5,3,4,6,1,4,2,1,4,5,6,1,6,3,2,2,2,2,1,2,1,1,2,1,2,1,2,1,2,2,7,5,2,1,10,7,10,3,10,7,8,8,9,9,8,8,7,8,5,7,7,7,6,3,4,2,6,4,7,3,5,3,2,2,1,3,1,3,5,2,4,2,5,6,7,6,7,6,7,6,7,6,7,7,5,7,6,7,7,4,1,7,7,6,1,7,2,6,1,1,1,1,6,1,2,2,1,6,5,2,6,1,5,6,7,6,6,6,7,7,6,6,1,6
95,1,1,6,52,52,3,2,6,2,1,3,7,7,2,4,2,7,2,2,1,1,5,3,7,6,5,1,1,1,1,1,1,1,1,2,1,1,1,1,2,1,2,2,3,2,6,3,5,2,2,1,6,0,5,1,7,6,6,9,4,7,5,7,6,7,4,4,3,3,6,6,7,5,4,5,2,4,1,6,1,4,6,1,3,2,5,6,5,6,5,2,6,5,7,6,6,7,6,5,7,6,5,7,5,2,7,3,2,1,2,8,1,5,2,1,6,6,7,1,4,6,4,6,2,1,2,5,5,6,6,6,7,6,4,7,7,6
96,1,2,5,52,52,3,1,6,1,0,1,10,10,2,7,5,10,2,2,4,4,4,6,4,4,4,4,1,1,1,1,1,1,1,1,1,1,1,1,2,1,1,2,5,5,4,4,7,7,5,5,5,5,5,5,5,5,5,6,5,5,5,7,7,7,6,5,4,5,5,6,6,6,6,5,4,4,1,5,5,4,6,3,3,3,6,5,5,4,6,5,7,7,7,5,7,7,7,7,7,7,7,7,6,1,7,7,1,1,3,10,1,6,1,1,4,1,1,6,1,1,4,4,2,3,1,6,6,6,6,6,6,6,6,6,2,6
97,1,1,2,52,52,3,1,8,2,0,5,5,2,4,2,2,9,2,2,1,1,5,1,4,1,1,5,2,2,2,2,1,2,2,1,1,2,2,1,2,2,2,2,2,1,7,5,3,2,2,2,1,2,2,3,2,3,1,9,2,1,5,6,6,6,5,3,4,2,4,2,2,4,6,4,2,2,1,3,3,5,5,1,4,2,5,4,5,5,5,5,6,6,6,2,6,6,6,3,6,6,6,6,3,6,7,7,6,6,3,2,1,1,1,1,4,4,4,4,4,4,1,6,3,1,3,6,6,2,6,6,4,6,6,5,2,6
98,1,1,4,52,52,3,1,5,1,3,4,8,8,1,8,8,10,2,2,1,1,3,3,3,1,1,3,1,1,1,1,1,1,1,2,1,1,2,1,1,2,1,1,5,6,5,5,6,3,5,1,3,4,10,8,7,7,8,5,8,5,5,7,4,4,5,4,4,5,5,4,6,6,5,5,5,6,4,7,5,3,7,1,1,1,6,5,7,6,6,5,7,7,7,4,7,7,7,7,7,7,7,7,4,1,7,7,1,1,2,10,1,7,1,1,4,5,1,6,7,5,7,5,5,4,5,7,7,7,7,4,7,7,7,7,4,6
99,1,2,4,52,52,4,1,7,1,1,4,9,8,2,8,2,8,1,2,1,1,5,5,4,3,1,6,1,1,1,1,1,1,1,1,1,1,1,1,1,1,2,2,8,3,9,7,10,7,6,2,5,2,5,8,3,3,3,2,5,8,5,6,6,3,5,5,4,4,2,3,5,6,6,3,6,5,1,8,9,2,5,1,2,1,6,6,6,5,4,5,6,5,6,3,7,6,6,6,5,4,5,6,1,1,7,4,1,2,2,8,1,1,1,1,4,3,3,4,1,3,3,3,5,1,1,5,6,4,5,6,6,5,6,4,1,6
100,1,1,4,52,52,3,1,7,12,0,4,10,10,2,9,1,6,1,2,7,2,1,7,6,1,2,1,2,1,1,1,1,2,1,2,2,1,2,2,1,1,2,2,8,8,3,1,6,10,10,5,10,10,5,5,8,3,5,10,3,5,5,7,2,7,7,4,1,1,4,1,3,5,5,3,5,7,4,1,1,1,1,1,4,1,7,5,6,3,4,5,7,7,7,5,7,7,7,7,7,7,4,4,1,1,7,4,1,1,3,10,1,7,1,1,4,4,4,4,4,4,1,4,5,1,1,4,6,6,6,6,6,7,6,6,6,6
101,1,2,4,52,52,4,1,7,1,-2,4,10,10,1,5,2,9,2,2,1,1,3,6,1,1,1,7,1,2,1,1,1,2,1,1,1,1,1,2,1,1,2,2,7,2,5,2,1,2,8,1,2,2,5,2,1,1,2,1,8,4,5,7,7,3,7,2,5,4,2,4,3,6,6,2,6,6,1,3,3,6,1,4,7,2,3,6,5,7,7,3,7,7,7,7,7,7,7,7,7,7,7,7,7,7,7,7,7,7,3,2,1,3,3,1,3,1,1,3,4,4,1,2,7,1,4,7,6,1,7,2,7,7,7,2,1,6
102,1,2,3,52,52,3,1,7,2,3,2,8,10,1,8,3,9,2,2,5,4,5,5,5,1,5,1,2,2,1,1,1,1,1,2,2,1,2,1,1,2,2,1,6,6,6,4,8,10,7,3,8,6,4,6,10,9,10,8,9,10,5,7,7,6,7,1,2,2,7,6,5,7,7,5,7,7,2,2,4,6,5,4,2,5,5,6,7,7,7,7,7,5,7,5,7,7,7,6,6,6,5,7,1,2,6,6,2,1,6,3,1,1,1,1,4,4,4,4,4,4,3,4,5,3,4,6,6,6,7,6,7,6,6,6,5,6
103,1,1,1,52,52,1,1,8,1,-3,5,8,6,6,8,6,7,3,3,6,5,6,6,7,5,6,5,1,2,1,2,1,2,2,1,1,1,1,2,1,2,2,2,8,6,3,4,8,8,8,9,7,5,7,7,9,7,6,3,6,6,5,5,6,6,6,6,4,5,5,6,5,6,7,6,5,6,7,7,8,4,5,5,6,4,5,5,5,5,6,6,6,4,5,6,4,5,6,4,6,6,4,5,5,6,4,6,6,6,7,8,4,6,4,5,6,5,5,6,5,4,6,4,4,5,5,6,5,5,5,4,6,7,5,5,4,6
104,1,2,5,52,52,3,2,7,1,0,4,9,8,1,6,1,8,2,2,6,6,6,5,6,1,4,7,2,2,2,2,1,1,1,1,1,2,1,1,2,1,2,2,3,2,4,4,9,9,1,1,1,5,10,1,1,5,1,1,6,5,5,7,7,6,3,5,4,4,2,1,1,6,6,2,4,6,1,6,1,6,6,1,3,1,7,7,2,7,7,1,7,7,7,5,7,7,7,7,7,7,7,7,1,1,7,7,1,1,10,10,2,1,1,1,3,2,6,4,6,6,1,1,6,2,3,5,7,5,7,7,7,5,7,7,1,6
105,1,2,4,52,52,4,1,7,12,0,4,10,10,1,8,1,5,2,2,6,4,2,6,5,1,3,2,1,1,1,1,1,1,1,1,1,1,2,2,2,1,2,2,7,7,7,7,9,10,4,6,5,8,5,7,2,1,2,9,10,6,5,7,6,5,6,4,2,2,3,7,5,6,4,2,1,2,1,1,1,2,6,1,2,2,5,4,5,5,4,4,6,7,7,4,4,7,7,7,7,6,6,7,1,3,7,7,1,1,1,10,1,1,1,1,1,6,5,6,5,1,3,2,6,1,4,6,6,3,4,7,7,4,7,2,1,6
106,1,2,1,52,52,1,1,5,1,0,2,4,4,7,4,3,4,2,2,4,5,2,5,5,3,5,3,1,1,1,1,2,2,2,2,2,1,1,1,2,1,1,2,6,8,4,5,7,7,5,6,5,5,5,5,5,5,5,4,3,6,5,4,2,4,4,4,5,4,3,2,4,5,4,3,4,3,4,5,6,4,5,4,2,3,3,4,4,4,4,4,2,2,5,1,4,2,1,2,2,3,4,4,1,2,5,7,6,6,9,3,1,1,4,1,3,2,5,3,2,4,1,1,1,1,1,6,3,6,6,5,5,7,7,6,2,6
107,1,1,4,52,52,1,1,4,12,-1,2,10,2,5,3,8,8,2,2,2,2,2,3,5,5,3,5,1,1,1,1,1,1,1,1,2,1,2,2,1,2,1,2,9,9,3,5,5,5,8,8,8,4,3,7,6,5,7,5,5,7,5,6,3,2,2,5,2,2,3,6,6,5,6,2,5,3,1,1,1,6,5,5,2,2,6,5,6,6,3,6,6,6,7,6,6,6,6,6,6,2,4,7,2,1,4,6,1,1,1,10,1,1,1,1,5,6,5,5,6,6,1,6,5,1,1,5,6,2,6,6,7,5,6,3,6,6
108,1,2,4,52,52,3,1,7,2,-4,2,9,9,3,9,2,8,2,2,2,2,2,6,1,1,6,3,1,1,1,1,2,1,1,2,1,2,1,1,1,1,1,2,5,3,5,3,6,5,5,3,4,5,3,5,6,4,6,8,4,6,5,7,6,6,6,6,5,5,3,5,5,5,5,2,6,4,1,5,2,6,7,2,4,3,3,5,6,5,5,3,7,7,7,5,7,7,6,7,6,7,7,7,5,1,7,5,1,1,1,1,1,2,2,1,1,1,1,4,1,1,5,7,6,1,1,7,6,7,5,7,7,7,6,5,7,6
109,1,2,4,52,52,3,1,9,12,0,4,9,9,3,7,4,8,2,2,2,3,5,6,5,1,2,1,1,2,1,1,1,1,1,2,1,1,2,1,2,1,2,2,2,2,8,4,2,7,4,2,2,3,2,2,2,3,2,3,9,2,5,6,6,6,2,6,2,3,2,3,3,2,3,4,3,2,1,2,2,3,5,2,2,3,6,6,6,2,3,3,7,6,6,6,7,7,6,6,6,7,6,7,7,1,7,5,1,1,3,3,1,3,2,1,6,1,6,1,6,6,1,1,6,4,5,6,6,6,6,6,6,6,6,6,2,6
110,1,1,4,52,52,1,3,3,12,0,4,9,3,5,3,1,9,2,2,4,5,2,6,2,3,6,2,2,2,2,2,2,1,1,2,2,2,2,2,1,2,1,1,5,5,6,5,4,9,2,4,2,1,5,8,7,2,8,8,3,8,5,7,7,6,7,2,6,5,7,6,1,7,7,6,5,5,2,1,1,4,3,5,2,6,4,2,4,4,5,4,7,4,7,2,4,6,6,6,4,5,1,7,1,1,6,5,1,1,9,2,1,1,1,1,4,4,4,4,4,4,6,6,4,1,1,6,6,6,6,7,7,7,7,6,4,6
111,1,2,4,52,52,4,1,1,2,3,7,7,10,7,7,4,4,2,2,3,4,3,3,4,3,4,3,2,1,2,2,1,2,1,2,1,2,1,2,1,2,2,1,5,7,6,5,5,6,7,5,5,6,5,5,6,7,5,5,5,6,5,6,6,5,6,5,6,6,6,6,6,4,3,6,4,6,6,5,5,4,3,6,5,5,5,5,3,2,5,5,5,5,5,5,5,6,6,6,6,5,5,6,5,4,4,5,6,4,4,6,5,5,5,4,5,6,5,5,6,5,6,6,5,6,6,5,6,6,5,6,6,5,6,6,5,6
112,1,2,3,52,52,4,1,8,12,0,4,9,7,6,6,3,8,2,2,2,2,4,5,5,5,3,5,1,1,2,2,1,1,1,1,1,2,2,1,1,1,1,1,3,8,5,4,6,4,2,2,9,1,5,2,7,3,7,4,7,6,5,6,7,5,5,5,5,3,5,6,5,5,6,5,6,5,1,2,7,2,2,2,2,2,6,6,7,7,7,6,6,6,7,7,7,7,6,7,7,7,7,7,6,7,7,7,7,7,3,3,1,1,1,1,6,7,7,1,6,7,4,3,5,2,2,6,7,6,5,7,7,7,6,5,5,6
113,1,2,4,52,52,3,1,7,12,1,2,10,8,1,5,1,7,2,2,1,1,1,6,1,1,3,1,1,1,1,1,1,1,1,1,1,1,1,2,1,1,2,1,5,5,8,3,10,10,4,2,1,6,1,5,8,1,1,7,8,6,5,6,6,3,5,3,2,4,4,4,5,5,5,4,2,2,1,1,1,2,5,2,4,2,6,5,6,5,4,6,7,7,7,7,7,7,3,6,4,7,7,6,1,7,7,4,7,4,5,3,1,1,1,1,2,4,6,5,2,6,1,5,5,1,4,4,6,4,6,6,7,6,6,2,2,5
114,1,2,3,52,52,3,3,7,2,2,2,4,8,3,1,1,8,1,2,1,1,1,1,3,2,7,1,1,2,1,1,1,1,1,2,2,1,1,1,2,1,2,2,2,2,4,3,8,10,1,3,2,10,1,3,7,9,10,10,1,1,5,7,7,7,4,4,1,2,5,7,5,7,7,6,1,7,2,1,4,7,3,7,7,6,3,3,7,7,7,7,7,7,7,5,7,7,7,7,7,7,6,7,2,1,7,5,1,1,3,2,1,6,1,1,1,1,4,4,1,1,4,2,6,1,6,7,7,2,7,7,7,7,7,7,6,5
115,1,1,2,34,34,2,1,6,12,1,4,3,2,9,4,1,10,1,2,2,3,4,5,6,1,2,6,1,2,2,2,1,1,1,2,1,2,2,2,1,1,1,2,4,7,5,3,4,6,6,4,3,2,4,3,3,2,2,3,7,5,5,7,6,7,5,3,3,2,4,1,5,6,5,2,3,5,2,2,3,5,5,2,1,3,5,3,3,1,2,2,7,6,5,2,7,7,5,3,2,7,6,4,3,1,7,7,2,3,8,1,1,6,2,2,2,2,5,1,1,2,1,4,5,1,2,7,7,4,6,3,7,7,7,7,2,5
116,1,1,5,52,52,2,5,7,12,0,4,9,7,1,7,5,6,2,2,1,1,3,3,1,2,3,3,1,1,1,1,1,1,1,1,1,1,1,2,1,2,1,1,6,4,6,6,6,4,4,6,9,6,6,3,8,5,6,5,6,6,5,7,7,7,5,3,5,5,5,5,3,6,7,3,5,6,4,1,1,3,5,3,4,3,5,4,5,4,5,5,7,7,7,4,7,7,7,7,7,6,7,7,4,1,7,2,1,1,6,6,4,4,4,2,3,3,3,1,3,7,2,2,6,1,6,6,7,5,7,7,6,7,6,5,7,5
117,1,2,4,52,52,3,5,5,1,0,4,7,6,6,5,8,7,2,2,3,4,4,4,4,3,4,4,2,2,1,1,2,1,2,2,1,2,2,1,2,1,2,2,6,6,4,3,7,7,7,8,7,7,8,7,7,8,7,5,7,7,5,5,4,4,4,4,4,4,4,4,4,3,4,3,4,3,1,6,4,3,3,5,1,1,3,3,5,4,4,4,6,6,7,5,6,6,7,6,6,7,4,7,5,2,7,7,2,6,6,7,5,5,6,6,1,1,4,4,4,1,4,6,5,2,6,5,5,5,7,5,6,5,5,5,5,5
118,1,2,1,52,52,1,4,8,1,-4,2,9,4,1,7,8,6,2,1,4,6,3,6,5,1,1,6,2,2,2,1,1,1,1,1,1,2,2,1,1,1,2,2,8,6,7,6,9,6,7,3,7,4,6,6,2,1,1,3,8,8,5,7,7,7,4,4,4,5,3,4,3,6,5,4,5,5,1,6,3,5,2,5,6,4,4,5,3,6,4,5,7,7,7,6,5,7,7,7,7,7,7,7,6,2,7,5,1,1,2,4,1,5,2,3,6,6,6,1,5,6,6,6,5,1,4,5,7,1,5,7,6,5,6,2,1,5
119,1,1,5,52,52,1,5,8,12,0,4,8,8,2,6,2,9,2,2,1,1,4,3,5,1,2,5,1,1,1,1,1,1,1,1,1,1,2,1,2,1,1,2,4,4,3,3,7,4,7,5,7,6,3,7,6,6,5,4,6,3,5,7,7,7,5,5,3,4,5,5,6,5,6,2,2,1,1,2,1,1,5,1,3,7,7,7,7,7,7,2,7,7,7,4,7,7,7,7,7,7,7,7,1,1,7,7,1,1,2,9,1,2,2,1,2,1,1,5,1,1,7,7,5,3,6,6,7,6,7,7,7,7,7,6,5,5
120,1,1,2,4,4,3,1,9,3,0,3,7,7,4,5,5,7,2,2,3,4,3,5,5,2,1,4,1,1,1,1,1,2,1,1,1,1,1,1,1,1,2,2,4,4,4,1,5,5,3,1,5,0,5,3,2,1,1,9,3,2,5,6,6,5,4,4,3,6,1,1,2,4,5,2,4,5,1,5,3,3,5,4,4,4,5,4,5,4,2,5,4,5,3,3,3,5,3,3,5,4,5,4,3,4,4,5,4,5,4,6,3,3,2,1,4,3,4,5,3,5,5,4,4,4,4,7,7,7,4,6,7,6,7,7,4,5
121,1,2,4,52,52,3,1,8,12,0,4,6,3,1,3,1,6,2,2,1,1,4,2,3,1,5,1,1,2,1,1,2,1,1,2,2,1,1,1,2,1,1,1,2,3,5,5,6,5,2,2,4,3,3,4,6,4,5,8,5,3,5,5,4,4,5,3,2,2,4,5,3,5,5,4,3,4,1,1,1,3,6,4,5,4,5,4,6,5,4,5,4,6,7,3,7,6,6,6,6,6,6,7,1,7,6,7,7,7,2,6,1,3,1,1,5,6,6,4,4,6,6,6,4,1,2,5,6,4,5,6,6,6,5,2,4,5
122,1,2,5,52,52,3,1,8,1,-1,6,4,6,3,5,5,8,2,2,1,1,4,4,5,2,2,5,1,2,2,1,2,1,1,2,1,1,2,1,1,2,1,2,5,5,8,4,6,4,5,3,6,3,4,4,3,2,3,6,7,8,5,7,6,6,6,5,3,4,5,4,4,5,5,4,3,5,2,9,3,4,6,3,4,3,5,4,6,3,5,5,6,6,6,4,4,6,5,6,6,6,6,6,1,4,6,5,1,1,2,8,1,4,4,1,3,2,7,1,3,6,3,5,5,2,2,7,6,5,6,7,7,6,7,5,5,5
123,1,1,2,52,52,3,1,8,1,-1,4,6,6,6,5,1,5,2,4,2,2,5,2,2,1,2,4,1,1,1,1,2,1,1,2,2,1,1,2,2,2,1,2,8,3,3,4,10,9,5,6,6,4,7,5,5,6,4,5,5,6,5,6,5,6,5,5,4,3,4,3,6,5,5,4,3,5,4,7,3,4,3,3,3,2,6,4,3,3,5,2,6,6,5,1,6,6,6,5,5,6,3,6,1,1,6,5,1,1,6,6,2,2,1,2,4,4,3,4,4,3,3,3,5,1,4,5,6,5,6,6,6,5,6,5,3,5
124,1,1,5,52,52,3,1,6,1,1,5,4,3,9,5,2,7,2,4,1,4,4,4,5,5,5,2,1,1,1,1,1,1,1,1,1,1,2,2,2,2,2,2,2,2,3,1,3,3,8,5,7,6,3,7,7,8,8,8,5,7,5,6,5,5,6,4,4,4,5,4,5,5,5,4,5,5,1,7,4,4,4,3,4,3,4,3,6,5,6,5,5,3,4,5,3,6,2,3,5,5,1,5,1,1,6,5,3,4,9,8,1,4,1,1,6,6,6,2,5,6,5,6,3,2,1,5,5,6,6,6,7,7,6,5,6,5
125,1,1,3,52,52,2,1,4,1,0,4,7,7,4,4,3,4,1,2,7,4,2,6,6,2,5,6,1,1,2,2,2,1,2,2,2,1,1,1,2,1,1,2,6,5,7,4,6,10,6,4,3,3,5,1,8,5,4,3,8,8,5,6,5,5,6,2,4,4,6,3,5,5,6,4,4,5,1,5,4,4,2,3,4,3,4,3,5,3,6,2,3,3,6,4,6,3,5,5,6,3,1,6,1,1,7,6,1,7,6,2,1,5,4,1,1,5,5,2,1,4,3,2,1,1,4,5,7,3,5,4,7,3,6,4,4,5
126,1,1,1,52,52,1,1,7,12,0,4,1,3,6,1,5,10,2,2,1,1,5,2,1,1,3,3,2,1,2,2,1,2,2,2,2,2,2,2,2,1,1,1,1,1,10,6,1,1,1,1,1,3,1,1,3,4,3,10,10,1,5,3,3,2,4,4,4,4,5,4,4,5,5,5,5,5,5,1,1,3,3,2,3,2,5,3,3,4,3,2,6,6,6,6,6,5,5,5,5,5,6,6,1,1,6,4,1,2,1,1,1,4,1,1,2,2,2,2,2,2,4,4,2,2,2,4,6,4,6,5,6,7,5,7,2,5
127,1,1,4,52,52,1,3,3,12,-1,4,8,8,1,5,1,7,1,2,1,4,4,5,1,2,7,1,1,2,1,1,1,1,1,2,2,2,1,1,2,1,2,2,6,5,7,4,10,7,6,3,10,1,6,5,8,7,9,9,8,8,5,7,7,7,4,4,2,3,5,7,6,4,5,3,4,4,1,1,1,4,6,2,4,2,5,5,6,4,5,4,7,6,7,2,7,7,7,7,7,7,4,7,1,1,7,5,1,1,3,6,1,3,2,1,5,3,3,1,4,5,1,3,5,1,2,7,7,6,6,4,7,6,7,6,4,5
128,1,1,2,52,52,1,3,7,3,0,3,9,8,8,10,10,10,2,2,1,3,6,5,4,6,4,2,1,1,1,1,1,1,1,1,1,1,1,1,1,1,2,1,2,1,2,2,10,6,3,3,6,7,2,2,3,4,6,9,5,2,5,7,6,3,5,5,7,7,7,4,5,2,5,2,3,6,4,9,5,7,5,3,5,1,5,5,6,1,5,6,7,5,5,7,7,7,7,7,7,7,3,3,7,7,7,7,1,7,5,4,6,6,1,5,4,4,5,6,4,5,7,7,7,7,7,5,5,7,7,7,7,4,7,5,5,5
129,1,2,4,52,52,3,1,7,12,-3,4,8,8,3,5,1,8,2,2,2,5,5,5,6,2,2,3,1,1,1,1,2,1,1,2,1,2,2,2,2,2,2,1,5,5,3,1,8,7,8,4,3,7,4,4,8,4,6,7,8,5,5,7,7,5,6,3,1,2,4,3,5,6,5,5,5,6,4,1,1,2,5,2,3,2,6,6,6,6,5,5,6,7,7,5,7,7,6,5,6,6,7,7,1,7,6,6,2,1,5,3,1,3,1,1,6,6,7,1,4,4,3,4,4,1,3,5,6,6,5,5,7,7,6,4,1,5
130,1,1,4,52,52,3,1,7,10,0,4,7,10,5,6,3,6,2,4,5,3,1,6,4,1,4,3,1,2,1,1,1,1,1,2,2,2,1,2,2,1,1,1,5,3,5,5,3,8,8,6,8,6,6,7,8,7,7,8,5,6,5,7,7,5,6,4,5,4,4,7,6,3,5,3,3,4,1,2,3,3,5,2,4,3,4,3,7,7,7,3,7,7,7,5,7,5,7,7,7,6,7,7,3,1,7,6,7,1,1,10,2,4,4,3,4,5,4,4,5,5,1,1,6,1,7,7,6,4,6,7,7,7,7,7,1,5
131,1,2,4,52,52,2,1,8,12,0,4,7,7,2,5,2,9,2,2,5,2,2,6,6,2,6,4,1,1,2,1,2,2,1,2,1,2,2,1,1,1,1,1,5,6,6,5,5,6,7,6,6,5,6,6,5,6,6,6,5,6,5,5,6,6,4,3,5,4,5,5,4,5,6,5,6,6,5,5,6,7,6,3,4,5,5,5,5,5,6,5,7,5,5,7,5,7,7,6,7,7,7,7,7,7,7,7,2,7,6,6,4,4,4,5,4,4,4,4,4,4,5,6,6,5,4,6,5,5,4,4,5,4,4,5,4,5
132,1,1,3,52,52,3,1,7,2,0,6,7,8,7,8,8,8,2,1,3,4,4,3,4,3,3,4,1,1,2,2,1,2,2,1,2,1,2,2,2,2,2,2,8,8,4,2,7,7,8,9,7,6,8,6,7,8,7,5,7,7,5,3,3,4,4,3,3,4,4,3,2,5,6,4,3,4,5,7,7,4,4,4,4,4,3,3,4,4,5,3,5,5,4,5,4,4,4,5,6,5,3,5,4,3,4,4,3,5,7,6,3,3,5,3,4,4,4,3,5,6,3,4,3,5,3,5,4,3,4,3,3,4,4,4,5,5
133,1,1,5,52,52,3,1,8,12,0,6,7,4,3,4,5,5,2,2,2,2,2,5,4,1,5,3,2,2,1,2,2,2,1,1,1,2,2,2,2,1,2,2,5,4,7,7,7,8,5,4,4,6,4,6,6,5,5,6,7,3,5,6,5,6,5,4,4,3,4,3,5,5,5,4,5,3,2,3,2,4,4,3,4,3,5,5,3,4,4,3,5,6,5,4,5,6,5,5,6,6,6,6,3,2,6,6,2,2,4,5,1,4,1,1,4,4,4,4,4,4,4,6,4,2,2,6,7,4,6,5,7,5,7,5,1,5
134,1,1,5,52,52,2,1,5,1,0,4,8,8,2,6,2,6,2,2,4,4,2,6,6,1,5,6,1,1,2,1,1,1,1,2,2,2,2,1,1,2,2,1,6,6,4,3,10,10,7,4,9,7,8,5,8,8,7,3,8,10,5,7,7,7,6,2,5,4,7,7,5,7,7,4,5,6,4,4,4,7,3,5,4,6,2,3,7,5,6,6,7,6,7,5,5,7,7,6,7,7,7,7,4,2,7,4,2,1,3,9,1,2,1,1,6,6,7,7,7,6,4,2,7,1,6,7,7,5,6,7,7,6,7,5,2,5
135,1,2,1,221,221,1,4,4,5,4,3,4,7,6,9,7,7,2,2,6,4,6,5,6,6,5,6,1,1,2,1,1,2,1,1,1,1,1,1,2,2,2,1,4,5,4,5,6,5,4,7,5,7,8,4,7,6,7,3,8,6,5,4,4,5,3,3,5,5,4,4,5,5,6,5,4,5,5,7,4,3,2,4,6,5,5,5,4,5,5,3,2,4,6,4,6,7,5,5,6,5,2,4,4,3,6,6,5,5,6,4,5,5,3,4,6,4,3,7,4,6,3,7,4,2,1,3,5,4,6,6,2,5,4,3,5,5
136,1,2,2,52,52,3,1,7,7,2,5,8,8,8,8,8,7,3,3,4,3,3,3,4,3,4,4,1,1,1,1,1,1,1,2,2,2,1,1,1,1,1,1,8,8,4,4,8,7,6,7,6,6,6,7,6,7,8,5,7,8,5,5,6,6,3,5,3,3,5,5,5,5,5,3,5,3,5,8,8,6,6,6,5,5,5,6,5,5,6,6,3,5,6,6,3,5,5,5,5,3,5,4,5,4,5,3,2,2,8,7,1,3,4,4,3,4,4,4,3,3,4,5,6,4,5,5,6,5,6,5,5,5,6,5,5,5
137,1,1,5,52,52,4,5,5,2,2,2,6,4,4,5,6,6,2,2,1,5,3,5,2,4,5,5,1,1,1,1,1,1,1,1,1,1,1,1,1,2,2,1,5,6,5,5,8,4,7,4,4,4,6,5,5,4,5,4,5,6,5,5,4,5,4,5,3,4,3,5,5,5,5,4,5,5,2,5,6,4,5,3,4,3,5,5,5,5,5,5,6,6,6,5,6,6,5,5,5,7,7,6,4,1,5,6,1,1,5,8,1,3,2,1,4,3,5,5,4,4,2,5,4,2,3,5,5,6,5,5,6,6,6,6,5,5
138,1,1,4,206,52,3,1,7,7,0,4,9,10,7,5,3,5,2,2,4,4,4,6,4,3,2,6,1,1,2,2,1,1,1,1,2,2,2,2,1,1,1,2,5,5,5,4,5,7,7,6,5,6,5,7,6,5,6,6,6,7,5,6,5,5,5,4,5,4,5,4,4,5,4,5,4,5,6,7,6,4,4,4,6,5,5,4,5,4,5,6,5,4,4,6,5,6,6,5,5,6,6,6,2,5,6,6,4,5,6,7,5,5,5,4,5,6,5,6,4,4,5,4,5,6,5,5,6,4,5,4,6,5,4,6,6,5
139,1,1,3,52,52,1,1,5,12,0,4,2,3,8,1,3,8,2,2,1,2,1,6,7,1,3,2,2,2,2,2,1,1,1,1,2,2,2,2,1,2,1,1,5,5,8,8,5,9,8,1,5,1,7,3,8,8,10,8,6,8,5,7,7,7,7,7,1,4,7,4,5,7,7,7,7,7,4,1,1,6,2,5,4,7,1,1,6,5,6,4,5,4,7,1,4,5,4,4,4,4,5,6,1,1,6,5,2,3,7,5,1,1,1,1,4,4,4,4,4,4,6,7,5,5,2,5,7,7,7,6,6,6,7,5,1,5
140,1,1,3,174,174,1,1,6,9,0,6,2,3,3,2,1,6,1,2,2,2,3,4,4,2,5,2,1,2,1,1,2,2,1,1,1,1,2,1,2,2,1,2,6,6,5,3,7,5,5,2,5,5,6,4,8,4,1,8,2,6,5,6,5,3,4,4,1,3,5,4,5,5,4,3,4,5,1,1,1,3,5,3,3,3,4,4,4,6,4,3,5,5,7,1,6,6,3,5,3,3,5,6,1,1,7,5,1,6,7,2,1,1,1,1,5,6,6,2,2,5,4,6,3,1,3,3,6,5,5,5,6,5,5,2,1,5
141,1,1,4,52,52,2,1,6,12,1,4,8,7,3,4,1,6,2,2,3,4,2,3,4,1,7,4,1,2,1,1,2,1,1,2,2,1,1,1,1,2,2,1,8,8,5,5,4,9,7,3,8,1,8,1,10,10,10,7,5,9,5,7,7,7,7,1,4,5,7,7,6,7,7,6,5,7,1,1,1,4,4,2,3,3,5,5,7,5,5,6,7,6,7,7,7,7,7,6,7,7,7,7,7,7,7,7,7,7,5,6,1,1,1,1,2,5,6,1,1,6,1,5,2,1,5,6,7,7,5,5,6,5,7,5,4,5
142,1,2,2,248,248,2,1,8,1,0,6,8,9,7,7,3,10,1,2,1,1,6,4,1,1,4,4,1,2,2,2,2,2,1,2,2,1,1,2,2,1,2,2,7,9,1,1,6,1,8,1,10,2,6,4,3,1,1,2,10,6,5,7,7,4,5,4,4,4,4,5,7,7,5,2,4,7,1,1,1,5,5,2,2,2,4,6,5,6,5,5,5,7,7,1,7,7,7,5,7,5,7,6,1,7,6,7,1,6,1,9,1,1,1,1,4,7,7,5,1,7,1,7,1,1,1,7,7,4,7,4,7,7,7,5,1,5
143,1,2,3,52,52,3,1,9,10,2,3,8,8,9,5,7,9,2,2,1,1,6,3,1,2,7,2,1,1,1,1,1,1,1,1,1,2,1,2,1,2,2,2,2,2,6,8,8,5,5,4,2,1,4,3,3,3,4,8,4,3,5,7,5,7,5,3,4,4,5,4,4,5,7,6,6,7,1,1,1,6,2,2,6,7,1,1,6,4,5,3,6,5,6,5,4,6,7,7,5,7,6,6,6,6,6,4,2,3,10,1,1,5,1,1,4,3,4,3,4,1,4,6,1,1,1,6,4,5,4,6,7,5,5,5,1,5
144,1,2,2,52,52,3,1,9,10,-2,5,10,8,7,7,5,8,1,3,6,6,4,4,6,5,5,5,2,1,2,1,1,2,1,2,1,1,1,1,1,2,1,1,8,9,3,4,9,9,9,8,8,9,9,8,7,7,9,2,7,8,5,7,5,5,5,5,5,4,7,7,6,6,6,5,7,5,5,1,1,5,3,6,6,6,5,4,5,6,4,7,7,7,7,7,7,7,7,7,7,6,6,7,4,1,7,5,1,2,2,6,4,5,4,2,3,5,4,6,3,2,4,6,4,2,1,5,7,5,7,4,6,7,5,4,4,5
145,1,1,2,52,52,1,1,7,2,3,5,8,7,2,5,10,7,2,2,5,2,4,6,6,5,6,2,1,2,1,1,2,1,1,1,2,2,1,1,2,1,2,2,4,3,3,2,10,8,4,5,6,1,3,7,8,5,3,7,8,7,5,7,7,6,5,3,3,5,6,6,5,5,5,3,2,3,1,8,7,7,5,5,6,5,5,3,6,7,6,6,7,7,7,5,7,7,7,7,7,6,7,7,2,1,6,7,1,7,3,1,1,1,1,1,6,7,7,1,6,3,6,6,1,1,2,6,7,4,4,7,7,3,6,6,6,5
146,1,2,2,52,52,1,1,8,2,-2,5,8,9,2,8,7,7,2,2,5,5,5,5,6,1,5,5,2,1,2,2,1,2,2,2,2,2,1,1,2,1,2,2,4,5,3,1,8,8,7,7,5,5,7,6,6,7,7,5,8,7,5,6,4,5,5,5,6,6,6,6,5,7,6,6,6,6,7,8,7,6,6,6,4,5,5,6,5,6,5,5,6,7,7,6,6,6,6,6,6,6,5,6,6,6,5,6,6,6,8,8,5,7,6,6,6,6,6,6,5,6,7,5,6,6,6,6,6,6,6,7,6,6,6,6,6,5
147,1,2,3,52,52,1,1,4,12,-3,6,8,7,3,4,1,6,2,2,4,5,4,6,5,1,2,5,1,2,1,2,1,1,1,1,2,1,2,2,2,1,2,2,6,5,5,3,9,7,5,2,5,4,3,5,2,3,1,4,8,4,5,6,6,6,4,4,5,4,4,4,3,3,3,2,2,5,1,1,1,5,5,4,3,3,4,5,6,7,2,4,7,7,7,7,6,7,5,6,5,7,7,7,6,6,7,5,1,7,3,2,1,4,1,1,4,7,7,1,1,4,3,6,2,1,2,4,6,3,4,4,7,6,6,3,2,5
148,1,1,2,52,52,1,1,7,3,-4,4,7,6,6,3,5,9,2,2,4,4,4,3,3,1,5,5,2,2,2,2,1,1,2,2,2,1,1,1,1,1,2,1,6,7,5,5,5,7,8,7,5,7,7,6,6,6,8,4,6,7,5,5,5,6,6,6,6,5,4,3,1,4,5,5,2,4,4,2,10,3,4,5,5,4,4,4,5,3,3,4,4,5,5,5,4,4,5,4,4,4,5,4,5,5,5,4,4,5,4,6,2,1,3,1,4,4,1,6,3,3,5,3,4,4,3,2,5,4,3,7,7,4,4,5,1,5
149,1,1,4,34,34,3,1,7,9,0,6,8,7,7,7,6,7,2,2,4,4,4,4,4,4,5,4,1,2,2,2,1,1,2,2,1,1,1,2,2,2,2,1,7,6,4,4,8,7,7,8,7,8,8,7,8,7,7,4,8,7,5,5,4,4,5,4,4,4,5,4,4,5,4,4,4,4,4,7,6,5,4,5,4,4,4,5,5,4,4,4,5,5,4,5,5,4,5,5,4,5,4,5,5,4,4,4,4,4,7,6,5,5,4,4,4,5,4,4,5,4,4,5,4,4,4,5,4,4,5,5,5,5,4,4,4,5
150,1,1,3,52,52,3,1,8,10,3,4,1,6,1,1,1,10,1,1,1,1,3,1,3,1,3,4,1,2,1,1,2,1,1,2,1,2,2,2,1,2,2,2,5,9,9,9,10,5,7,8,10,5,5,8,8,7,7,7,8,8,5,7,6,7,7,2,5,3,6,6,6,7,7,5,6,6,2,2,5,6,7,7,6,6,2,2,7,5,5,7,5,7,7,7,7,7,7,7,7,7,7,7,4,1,7,5,1,1,8,8,1,5,1,2,6,6,7,1,4,7,1,1,7,1,4,3,7,3,7,6,6,5,7,4,2,5
151,1,1,1,52,52,1,1,6,12,0,6,9,10,1,3,4,6,2,4,1,2,5,6,5,2,2,5,2,1,2,1,1,1,1,1,1,1,2,2,2,1,2,2,3,4,6,8,9,3,5,1,9,7,2,4,6,8,6,3,3,4,5,6,6,6,6,5,5,2,5,2,6,7,5,4,2,2,2,1,1,4,2,6,7,3,6,6,7,6,6,5,7,7,7,7,7,7,7,7,7,6,7,7,6,1,7,7,1,1,1,10,1,5,1,1,6,6,7,1,6,6,7,6,2,1,3,6,7,1,7,6,7,7,7,5,4,5
152,1,1,5,52,52,3,1,7,2,0,4,10,8,1,9,6,6,2,2,3,6,2,5,5,1,1,5,2,1,2,2,1,1,1,1,1,1,2,1,2,2,2,2,7,6,4,6,7,7,8,7,7,6,7,6,5,5,5,6,8,8,5,5,5,4,5,4,6,3,6,3,4,5,4,4,5,6,3,8,6,1,7,4,1,3,7,6,7,3,4,7,7,7,7,7,7,7,7,7,7,7,7,7,7,1,7,1,1,1,1,10,5,1,5,1,4,4,5,3,4,5,4,7,5,3,5,7,7,5,7,7,7,7,7,1,1,5
153,1,1,2,52,52,1,1,7,12,-1,4,8,2,7,3,7,7,1,1,1,1,2,3,4,3,5,4,1,2,2,2,2,2,1,1,1,1,1,2,2,1,1,2,4,5,4,3,5,6,3,4,5,3,5,8,3,2,4,7,5,7,5,4,3,3,6,6,5,3,3,5,4,4,4,6,5,6,1,3,5,4,2,5,6,2,6,4,6,6,2,2,6,6,6,4,7,6,6,5,6,6,4,7,1,1,6,5,1,2,4,3,1,1,1,1,5,3,4,6,3,6,3,5,5,3,5,5,6,2,3,3,7,7,5,7,5,5
154,1,1,1,52,52,2,1,4,1,1,3,5,7,6,3,5,8,2,1,4,3,6,3,5,2,1,3,1,2,1,1,1,2,1,1,2,1,1,2,1,2,1,2,2,2,7,8,5,5,4,5,5,4,5,6,5,5,5,6,4,5,5,4,4,5,4,5,5,5,5,4,4,4,3,4,3,5,4,3,7,4,5,4,5,4,5,4,6,4,4,4,5,5,4,4,4,4,6,4,5,4,4,4,4,4,4,5,4,6,4,4,4,4,5,4,5,5,5,4,4,4,4,4,5,4,4,5,5,4,5,5,6,4,4,6,4,5
155,1,2,3,52,181,3,1,10,1,5,7,7,1,3,8,3,10,2,2,3,3,3,3,4,4,4,3,1,1,1,2,2,1,2,1,1,2,1,1,1,1,1,1,3,4,4,5,4,5,7,5,5,4,4,5,9,6,7,6,4,7,5,3,3,4,2,4,3,4,4,5,5,5,5,6,6,4,6,6,10,5,4,4,3,3,5,3,5,4,2,5,5,5,4,4,4,4,4,4,4,4,5,4,5,5,5,4,5,4,7,6,5,3,4,4,5,5,4,5,5,4,4,4,4,5,5,5,4,4,5,4,5,4,4,5,5,5
156,1,1,1,52,52,1,1,5,1,0,4,7,7,3,6,1,5,2,2,2,2,5,5,4,2,2,5,1,2,1,1,1,1,1,2,1,1,1,1,2,2,2,1,5,6,5,5,8,5,6,6,6,5,6,6,6,6,6,5,6,6,5,4,4,4,4,4,4,4,4,4,4,4,4,4,4,4,4,6,7,4,5,4,5,4,3,5,5,4,5,4,6,6,6,5,6,6,6,6,6,7,6,7,4,2,7,5,1,1,6,6,4,4,4,4,4,4,4,4,4,4,3,3,5,2,4,5,5,5,5,5,5,5,5,5,5,5
157,1,1,5,52,52,1,1,7,12,0,4,7,2,8,2,3,9,2,2,1,1,4,6,5,6,7,3,2,2,2,2,1,1,1,2,2,2,2,2,1,2,2,2,1,1,8,4,6,2,5,5,5,6,5,6,6,5,3,6,4,6,5,6,5,6,6,4,4,5,5,5,5,4,5,4,5,5,3,1,1,4,3,4,2,4,5,5,4,5,4,3,5,5,5,1,6,6,4,6,6,5,6,6,1,1,7,5,1,1,8,1,1,1,1,1,3,6,4,1,5,6,4,2,5,1,4,4,5,5,5,3,6,3,5,5,5,5
158,1,1,4,52,52,2,1,6,12,-4,4,9,8,3,8,3,5,2,2,4,5,2,6,5,4,2,5,1,1,1,1,1,2,2,2,1,1,1,1,1,1,1,1,8,5,5,4,6,7,6,4,8,9,8,7,8,7,7,4,7,8,5,7,6,4,6,6,4,4,4,5,4,5,4,5,5,5,2,2,7,5,4,4,4,4,6,5,3,5,4,6,7,5,5,3,6,6,4,4,6,4,6,5,1,2,6,5,2,2,5,7,1,4,1,1,3,2,5,3,2,3,2,2,6,1,4,5,6,2,4,6,5,5,5,4,5,5
159,1,2,3,52,52,3,1,6,12,0,4,5,5,5,4,3,6,2,2,2,3,3,3,4,1,4,5,2,2,2,2,2,2,2,2,2,2,2,1,1,1,1,2,4,5,3,2,7,9,7,8,7,5,7,8,6,5,4,4,7,7,5,6,6,6,5,3,3,4,4,4,3,6,5,4,5,5,4,9,7,4,4,3,5,5,4,4,5,3,3,3,6,5,6,4,6,6,4,6,5,7,6,7,3,1,6,6,1,1,7,4,4,6,4,5,5,4,4,4,5,4,1,4,2,1,1,7,6,2,6,6,7,6,6,4,3,5
160,1,1,1,94,52,2,4,9,12,-1,5,5,6,2,8,4,2,3,3,3,5,6,3,2,5,4,4,2,1,1,2,2,1,1,1,1,1,1,1,1,2,2,2,4,6,9,2,6,4,5,7,4,5,5,6,6,9,6,6,4,7,5,4,2,3,2,6,5,5,5,3,3,5,2,3,4,1,1,1,1,6,6,2,2,2,3,6,4,2,5,7,3,5,3,2,7,6,5,2,2,7,5,7,6,1,6,7,1,5,10,2,1,5,5,2,1,1,7,6,2,3,1,7,1,1,1,4,5,5,2,5,3,4,2,6,6,5
161,1,1,3,94,94,3,1,7,12,-2,5,6,5,3,7,1,7,2,4,1,4,2,5,4,2,2,5,1,2,1,1,2,2,1,1,1,1,2,1,2,2,1,2,5,7,4,5,9,7,6,4,5,1,2,3,2,1,5,4,4,5,5,7,6,5,5,4,5,4,4,4,2,6,2,3,2,2,1,1,6,7,5,4,3,4,4,2,6,2,4,4,7,6,7,4,7,7,5,7,7,7,7,7,4,1,7,7,1,1,6,7,1,1,1,1,4,4,4,4,4,4,6,6,2,1,2,6,6,5,7,6,7,6,6,6,6,5
162,1,1,4,154,154,3,1,5,12,2,5,7,7,6,5,5,6,2,2,5,5,3,5,4,4,5,2,2,2,2,1,2,1,1,1,2,2,1,2,1,2,1,1,5,7,4,4,7,8,8,5,6,5,7,5,10,10,10,7,10,8,5,7,6,6,6,3,4,4,7,5,6,6,7,5,4,5,1,2,3,6,1,5,4,6,4,2,6,5,5,4,7,7,7,6,7,4,7,7,7,6,6,5,1,2,6,3,2,1,9,6,1,1,1,1,7,6,2,1,6,6,2,2,6,6,6,5,5,6,4,5,5,4,6,5,2,5
163,1,1,3,52,52,1,1,6,12,-1,6,7,7,6,5,5,5,2,2,6,4,2,3,1,4,1,5,2,1,1,1,1,1,1,1,1,1,1,1,2,1,2,2,3,4,4,2,3,8,3,1,2,3,3,4,3,4,3,6,4,3,5,6,6,6,5,5,2,5,4,2,2,2,5,1,4,3,2,2,2,2,4,4,3,2,6,6,2,2,2,4,5,6,5,4,5,6,2,5,6,5,4,4,1,2,7,6,2,2,2,2,2,2,2,2,2,1,4,3,3,3,3,4,4,2,1,5,6,5,6,6,6,7,7,6,4,5
164,1,2,2,156,156,1,6,6,1,1,4,10,8,8,9,3,1,2,2,3,3,3,4,6,4,6,4,2,2,2,2,2,1,1,2,2,2,2,2,2,2,1,2,8,6,3,1,8,9,8,8,8,9,9,8,8,9,9,3,8,10,5,6,6,5,6,6,2,6,6,6,6,6,6,6,7,7,6,10,10,4,6,5,6,5,3,6,6,4,7,5,6,6,6,5,6,6,7,6,6,2,2,2,2,7,2,2,2,3,9,10,2,1,2,7,4,4,4,3,6,3,2,3,2,2,4,6,6,6,6,6,6,6,5,6,7,5
165,1,1,2,52,52,1,1,9,1,4,3,9,10,3,10,2,1,1,1,3,4,4,4,4,5,5,5,1,2,1,1,1,1,1,2,1,2,2,2,1,2,2,1,8,7,3,3,7,8,6,6,7,8,6,9,7,9,8,2,8,7,5,3,2,6,6,3,3,6,3,2,6,3,5,2,6,5,3,8,6,6,5,5,2,3,3,6,4,4,6,5,7,5,7,7,6,5,7,6,5,5,5,7,6,3,7,4,1,1,9,8,2,4,3,2,5,5,4,4,7,2,6,3,5,5,5,6,6,5,7,7,7,6,7,7,5,5
166,1,1,3,52,52,3,1,7,2,-5,5,6,8,2,7,8,7,2,2,3,4,2,5,2,3,2,2,2,2,2,1,1,2,1,1,1,2,2,2,2,1,1,1,7,7,4,5,6,6,6,7,6,7,7,8,7,1,2,8,7,7,5,5,6,4,5,5,5,4,5,4,5,5,4,4,5,5,1,1,1,4,5,5,5,2,5,6,7,7,5,7,5,6,4,5,6,6,5,6,6,5,7,5,6,6,5,6,5,5,7,6,5,6,5,6,5,4,5,5,4,5,5,6,3,5,5,4,3,4,4,6,5,6,5,4,5,5
167,1,1,3,52,52,1,3,1,9,0,4,5,3,3,4,3,4,2,2,4,7,2,6,5,4,5,1,2,2,1,1,1,1,1,1,2,2,1,2,2,2,2,2,2,1,5,4,5,4,4,4,5,2,6,6,8,8,8,9,4,4,5,7,5,7,6,3,3,4,6,7,4,6,7,5,4,5,1,1,5,4,6,4,3,4,5,5,7,7,6,4,6,5,7,3,7,7,5,7,7,4,1,7,1,1,7,7,1,1,7,1,1,1,1,1,6,7,7,2,5,4,1,7,1,1,1,7,7,2,4,7,7,7,7,6,4,5
168,1,1,4,52,52,1,1,7,12,0,4,10,10,1,10,1,6,2,2,1,4,3,4,2,1,1,6,1,1,1,1,1,1,1,1,1,1,1,2,1,1,1,1,7,5,5,5,6,6,7,8,6,8,5,8,8,9,5,3,6,7,5,7,6,7,5,4,3,5,4,4,3,5,7,5,5,6,6,8,8,3,4,5,6,6,6,4,5,7,7,3,7,7,6,5,6,6,6,7,7,7,7,7,3,1,6,4,1,1,2,2,3,4,4,5,1,1,3,7,4,4,4,7,7,1,4,5,5,5,4,3,6,7,6,4,6,5
169,1,2,4,52,52,3,1,7,1,0,3,10,7,1,10,1,6,2,2,4,3,2,5,4,1,4,4,1,2,1,1,1,1,1,2,1,1,1,2,2,1,2,2,8,8,4,4,8,9,7,7,8,7,6,7,7,7,6,5,7,7,5,6,6,4,5,4,3,3,4,5,3,5,4,3,4,4,1,5,4,4,5,4,5,3,4,5,7,7,6,5,7,7,7,6,7,7,7,7,7,7,7,7,5,1,7,7,1,1,2,4,1,7,7,1,4,4,4,4,4,4,5,6,5,5,5,6,5,5,6,6,7,7,7,5,3,5
170,1,1,3,52,52,1,1,7,12,1,4,8,9,2,8,2,9,2,4,4,3,3,1,1,1,5,6,2,2,2,1,1,1,1,1,1,1,1,1,2,1,2,2,2,2,3,2,9,8,8,3,9,8,8,5,9,7,9,4,8,8,5,7,5,7,6,4,3,2,4,5,5,5,6,5,4,1,1,1,1,5,6,1,1,5,5,6,5,7,7,6,6,7,6,5,7,7,6,7,7,7,6,7,5,7,7,7,1,1,6,3,1,4,1,1,4,3,5,5,4,6,2,7,5,1,6,5,6,6,5,6,6,7,6,5,4,5
171,1,1,2,52,52,3,1,8,2,3,5,8,8,8,8,8,8,2,2,5,5,5,5,5,5,5,6,1,1,1,2,1,2,2,1,2,2,1,2,2,1,2,1,8,8,3,3,8,8,8,8,8,8,8,8,8,8,8,3,8,8,5,5,5,5,5,5,5,5,5,5,5,5,5,5,5,5,5,8,8,5,5,5,5,5,5,5,5,5,5,5,5,5,5,5,5,5,5,5,5,6,5,6,6,5,6,6,5,5,8,8,4,5,5,5,5,5,6,6,5,5,5,5,5,5,5,5,5,5,5,5,5,5,5,5,5,5
172,1,2,2,52,52,2,1,8,10,-2,4,8,4,1,7,9,8,2,2,1,1,4,3,2,2,2,4,1,1,1,2,1,1,1,1,1,1,1,2,2,1,2,2,2,3,8,4,7,8,5,6,8,8,3,7,1,1,1,4,10,9,5,7,5,4,5,3,2,2,3,2,1,5,4,2,1,3,1,1,3,2,6,2,2,2,4,6,4,5,3,4,6,6,7,4,4,6,5,5,6,5,5,7,1,4,5,5,5,5,1,1,1,1,1,1,5,5,3,2,4,5,5,7,1,1,1,6,6,4,6,5,7,2,6,5,2,5
173,1,1,5,52,52,3,1,5,1,-1,2,2,2,2,2,6,3,2,2,1,5,1,1,4,4,7,4,1,1,1,1,2,1,1,1,2,2,1,1,2,2,2,1,2,3,4,4,2,3,6,2,4,2,4,2,4,3,2,7,4,3,5,3,5,6,4,3,1,1,1,1,1,7,6,5,4,1,1,2,2,4,3,6,5,5,3,6,7,7,4,6,5,6,6,4,7,6,4,7,7,6,6,7,1,1,7,7,1,1,3,3,1,3,3,1,1,1,4,3,2,1,3,3,2,5,1,7,7,6,7,7,7,7,5,7,7,5
174,1,1,5,52,52,3,1,7,12,0,4,8,8,3,7,2,8,2,2,1,2,4,4,2,5,6,2,2,2,1,2,1,2,1,1,2,2,2,1,1,1,2,1,3,3,3,3,8,5,3,2,7,2,7,3,10,10,10,9,9,6,5,6,5,6,6,5,5,6,6,6,5,5,5,6,6,5,6,3,3,2,6,2,4,2,6,6,6,2,6,6,6,6,6,6,6,6,6,5,6,6,6,6,1,3,7,6,1,1,8,6,2,1,6,1,5,5,5,5,5,6,5,5,5,3,5,6,6,6,5,5,5,6,5,6,6,5
175,1,2,5,52,52,1,3,3,12,-3,2,9,8,3,2,4,7,1,2,1,5,2,6,5,2,2,3,2,2,2,1,1,1,1,1,1,2,2,2,1,2,2,1,3,7,8,8,9,7,9,7,3,6,7,7,4,2,2,4,6,8,5,7,5,4,6,3,2,5,5,4,4,6,6,6,5,6,2,2,6,5,2,4,5,5,5,4,4,5,4,5,6,5,6,4,6,6,6,4,5,6,4,6,5,1,6,5,2,2,7,4,1,3,4,3,3,3,6,6,4,4,2,5,6,1,4,6,6,1,2,6,6,6,6,6,5,5
176,1,2,2,52,52,1,1,7,1,2,4,10,8,4,6,3,9,2,2,1,1,6,6,4,1,2,4,1,1,1,1,1,1,1,2,1,1,1,1,1,1,2,2,9,2,6,3,10,4,1,5,6,3,3,2,2,1,3,4,8,3,5,6,6,1,5,6,6,2,5,6,6,3,2,3,1,2,1,6,3,6,5,5,7,2,6,3,7,3,3,7,7,6,7,6,6,6,7,6,7,7,5,7,5,1,7,5,1,1,3,6,3,5,6,2,4,3,3,4,2,2,1,1,7,1,6,5,6,6,3,6,6,7,6,6,6,5
177,1,1,6,52,52,3,5,6,10,-3,6,8,8,2,5,2,5,1,2,1,2,4,5,2,1,1,6,1,2,1,1,1,1,1,1,2,1,2,1,2,1,2,2,6,5,5,5,7,5,5,5,5,7,5,5,2,2,2,4,7,7,5,6,6,5,5,3,3,3,2,2,3,3,4,3,2,5,1,1,1,5,2,3,3,4,6,6,3,2,1,3,4,5,6,3,5,6,5,5,6,3,1,6,1,2,6,6,2,6,7,2,1,1,1,1,1,1,1,2,1,3,6,6,2,2,1,6,7,5,4,5,7,7,7,3,2,5
178,1,2,5,52,52,3,1,6,12,-2,4,3,3,5,1,4,10,2,2,7,1,1,6,4,1,1,4,2,2,1,1,1,1,1,1,1,2,1,1,2,2,2,1,3,3,4,4,3,10,3,2,5,3,4,3,5,2,3,6,2,5,5,6,5,6,5,5,1,4,4,5,5,5,5,4,4,5,1,1,1,1,7,1,1,1,7,7,5,5,5,1,7,7,7,1,7,7,7,7,4,7,7,7,1,1,7,7,1,1,1,1,1,1,1,1,6,7,7,1,5,7,4,7,4,1,1,7,7,1,7,7,7,7,7,5,4,5
179,1,1,4,52,52,3,1,7,1,0,4,8,7,1,6,1,8,2,2,1,1,4,4,6,1,2,2,2,1,1,2,1,1,1,1,2,1,1,1,2,1,2,2,5,7,6,3,3,8,7,3,7,2,7,6,5,3,3,8,9,6,5,7,5,7,6,4,3,1,5,3,4,5,6,4,1,5,1,6,1,5,7,2,5,2,6,6,5,6,3,6,6,7,7,4,7,7,6,7,7,7,7,7,1,7,7,7,1,7,4,8,1,2,1,1,7,7,7,1,7,7,1,7,7,5,7,5,7,4,5,7,7,4,7,3,4,5
180,1,1,3,52,52,3,1,8,2,-4,4,8,5,3,2,1,9,1,2,4,2,4,5,2,1,1,6,1,1,1,1,1,1,1,1,1,1,2,1,2,1,2,2,5,5,4,3,8,9,9,3,9,10,4,8,1,3,1,3,8,9,5,6,6,7,4,4,1,2,4,5,5,6,7,3,2,6,1,2,2,6,7,2,5,5,5,3,2,5,2,2,7,6,7,5,7,7,6,3,4,6,4,5,4,7,7,7,7,6,5,2,1,7,4,5,7,5,7,2,3,5,1,3,5,3,1,7,7,2,5,6,7,7,7,6,1,5
181,1,1,3,52,52,1,1,7,12,0,2,7,5,3,5,5,7,2,2,4,4,4,4,4,4,4,4,2,1,2,2,1,1,2,2,1,2,2,2,2,2,2,2,8,7,3,4,8,7,8,7,7,6,7,7,7,7,7,4,7,6,5,5,4,4,4,4,4,4,4,4,4,5,4,4,5,4,4,7,6,4,4,5,5,4,5,5,4,4,4,4,5,4,5,5,5,4,4,4,5,6,5,6,6,1,7,5,1,1,6,6,2,2,1,2,4,4,4,4,4,4,4,6,4,4,6,4,5,4,4,4,4,5,4,5,5,5
182,1,2,2,52,52,2,1,6,2,0,6,5,7,7,6,5,7,2,2,3,5,5,6,5,3,5,4,2,2,2,2,2,2,2,2,2,2,2,2,1,2,2,2,6,4,5,6,6,5,6,5,6,5,6,5,5,6,6,6,6,6,5,4,4,5,4,5,4,5,4,5,4,4,5,5,4,4,5,8,7,4,6,4,5,4,4,4,5,5,5,5,7,7,7,7,7,7,7,7,7,6,6,6,7,1,7,1,1,1,4,5,6,6,6,5,5,5,5,6,4,2,2,2,2,3,5,5,4,5,4,5,5,3,5,5,4,5
183,1,1,5,52,52,3,5,7,2,-4,4,2,3,2,1,1,1,1,2,1,2,4,2,3,1,1,3,1,2,1,1,1,1,1,1,2,2,1,2,1,2,1,1,4,3,7,3,7,7,8,7,3,7,5,4,7,8,7,7,5,7,5,6,7,6,5,5,4,3,5,6,5,4,6,2,5,5,1,5,4,5,1,3,3,2,4,5,5,3,6,5,6,6,6,3,6,6,2,6,6,7,6,7,2,1,7,3,1,1,4,3,1,2,1,3,3,4,3,4,1,3,1,7,3,1,4,6,6,3,6,6,7,7,7,6,6,5
184,1,1,3,52,52,3,1,6,1,0,3,8,10,2,5,5,5,2,2,2,2,2,3,4,1,6,2,2,1,1,1,1,2,1,1,1,1,1,1,2,1,2,2,5,4,2,5,9,8,8,6,8,8,4,8,8,8,3,3,8,6,5,6,6,6,7,2,4,4,6,6,7,6,6,2,4,4,2,1,1,2,6,2,3,2,3,3,6,6,6,7,7,7,7,7,7,7,7,7,7,7,7,7,7,1,7,3,1,1,1,8,5,1,2,2,2,4,4,5,4,1,5,4,6,3,4,5,5,5,4,4,6,6,6,5,6,5
185,1,2,3,52,52,3,1,8,12,1,4,8,5,1,3,2,9,2,2,2,1,4,5,4,1,5,2,2,1,1,2,1,1,1,1,2,1,2,2,2,1,2,1,4,1,4,4,10,4,6,2,7,1,2,3,8,4,7,9,5,2,5,6,4,4,5,3,3,2,5,5,5,5,5,4,4,4,2,1,1,5,4,5,3,2,5,6,6,5,5,5,7,7,6,3,7,7,5,7,6,7,6,6,1,1,7,7,1,1,1,4,1,1,1,1,7,7,7,1,5,7,6,5,2,1,2,4,5,4,6,5,6,7,5,5,4,5
186,1,1,4,52,52,3,2,7,1,1,4,8,6,4,7,3,5,2,2,2,1,2,5,3,2,2,3,1,1,1,1,2,2,1,2,1,1,1,2,2,1,2,2,4,2,7,4,6,8,3,4,7,3,2,3,3,3,2,6,7,3,5,6,6,6,4,4,2,3,3,3,5,3,3,1,1,3,1,2,2,2,6,2,2,2,5,5,5,5,5,3,6,6,6,5,6,6,5,6,5,5,5,6,3,1,6,5,1,6,4,8,2,2,2,2,3,2,4,3,2,2,4,3,5,3,3,5,6,5,5,6,6,7,5,5,4,5
187,1,2,3,52,52,3,1,8,2,2,4,9,10,8,6,5,6,2,4,5,5,6,6,5,3,2,3,1,2,1,1,1,2,1,2,2,2,1,2,2,1,2,2,7,7,3,5,8,8,6,7,8,7,8,6,8,8,7,1,8,6,5,4,6,5,6,4,5,6,6,3,5,5,6,5,6,6,5,6,7,4,5,6,5,6,6,5,6,6,6,5,6,5,7,5,6,5,6,4,5,6,7,6,6,1,7,5,1,2,7,7,4,5,3,5,3,1,1,5,4,2,6,3,5,4,6,6,5,6,7,7,6,6,6,6,4,5
188,1,2,5,52,52,3,1,8,1,0,4,10,8,1,4,1,9,2,2,1,1,4,6,3,3,2,3,2,2,1,1,1,1,1,2,1,1,2,2,2,1,2,1,7,1,6,3,5,3,5,2,3,6,2,3,6,5,4,8,1,5,5,7,5,4,5,5,1,1,4,2,2,6,5,5,5,6,1,1,1,3,6,2,2,2,6,6,7,5,2,5,2,7,7,2,7,7,4,7,6,5,6,7,1,1,7,5,1,2,3,8,1,6,1,1,3,3,5,4,3,4,6,7,4,1,4,5,6,5,5,5,7,7,6,3,2,5
189,1,2,4,174,126,3,1,4,2,1,4,7,6,4,3,3,6,2,2,3,3,2,5,3,1,5,2,2,2,1,2,1,1,1,1,2,2,1,1,2,2,2,2,7,5,7,8,7,8,9,5,3,3,7,6,9,8,8,2,6,7,5,7,7,7,6,5,4,5,5,7,7,6,7,6,2,6,2,5,3,3,7,3,3,2,6,7,6,6,5,6,6,6,6,1,6,6,6,6,6,6,6,6,1,1,6,5,1,1,4,3,2,2,1,1,2,5,2,4,3,3,4,5,3,2,3,5,6,6,7,6,6,7,6,6,2,5
190,1,1,4,52,52,4,2,4,12,1,4,10,6,5,3,1,7,1,2,5,1,1,7,1,1,6,2,1,2,2,2,2,1,1,1,2,2,1,2,1,1,2,2,3,3,8,6,7,10,10,4,4,3,4,3,10,6,8,10,1,10,5,7,7,7,7,1,2,2,7,6,5,7,7,7,5,7,1,1,1,7,1,7,1,7,2,1,5,1,5,2,7,7,7,5,7,7,5,7,7,7,7,7,4,1,7,5,1,1,7,1,4,6,2,1,4,4,7,1,2,4,2,3,5,5,1,7,7,5,6,7,7,7,7,5,1,5
191,1,1,2,52,52,1,1,4,3,0,6,8,4,7,4,6,6,4,1,6,2,4,3,5,3,5,3,2,2,1,2,2,2,1,2,2,2,1,1,1,1,1,2,7,5,5,6,7,4,4,10,6,7,6,4,6,5,7,5,6,4,5,4,3,4,5,2,3,5,7,3,3,2,3,4,1,3,7,6,7,3,3,1,2,4,4,2,1,2,3,6,2,7,2,3,1,4,4,6,4,3,3,3,5,6,4,2,2,5,5,5,4,2,5,6,4,5,3,3,3,4,6,3,3,4,3,3,2,3,4,5,2,2,4,5,7,5
192,1,2,5,52,52,2,1,6,2,-5,4,5,5,5,5,3,7,2,2,1,1,3,5,3,1,3,2,2,2,2,2,2,2,1,1,2,2,2,2,1,2,2,1,5,5,3,3,6,5,5,6,5,2,8,5,7,7,8,8,2,5,5,6,6,7,5,3,2,4,6,7,6,7,6,6,5,7,5,1,1,4,6,4,4,4,6,5,6,6,5,5,6,6,5,4,7,6,6,7,5,6,5,6,1,1,7,5,1,1,7,1,1,1,1,1,4,4,4,4,4,4,4,4,5,4,3,6,6,5,6,6,7,7,6,6,7,5
193,1,2,5,52,52,3,5,5,12,1,1,6,7,7,7,6,7,3,3,4,5,5,5,4,5,4,5,1,1,2,2,1,2,2,1,2,2,2,1,1,1,2,2,6,7,4,4,6,7,6,6,6,7,6,7,7,7,6,5,7,7,5,6,5,5,5,4,5,4,4,5,5,5,5,4,5,4,4,6,7,4,5,5,5,4,5,4,5,4,4,4,5,5,5,4,4,4,5,5,5,4,5,4,5,5,4,5,5,4,6,7,4,5,5,4,5,5,5,4,5,4,4,5,5,4,5,5,4,5,4,5,4,4,5,4,5,5
194,1,2,3,52,52,1,3,2,1,3,4,8,8,3,8,6,5,2,2,4,5,2,6,6,4,7,1,1,1,1,1,1,1,1,1,1,1,1,1,2,1,2,2,7,7,8,8,6,6,3,3,5,3,3,3,9,7,9,10,4,5,5,6,7,5,6,2,4,5,7,6,7,2,6,3,4,6,1,6,7,6,6,6,6,6,5,3,7,7,5,7,5,5,7,4,7,6,6,7,6,5,6,5,1,7,7,6,2,1,4,7,1,1,2,1,3,5,5,4,2,3,4,2,5,4,3,3,4,4,6,4,5,5,4,5,4,5
195,1,2,1,52,52,3,2,8,1,2,6,6,6,8,7,7,7,3,4,4,4,5,4,5,6,6,3,2,1,2,1,1,2,1,2,2,2,2,1,1,1,1,2,8,8,4,5,6,8,7,6,7,8,7,8,7,6,7,4,5,5,5,2,6,5,6,5,6,6,6,5,6,6,6,6,6,6,5,6,6,5,3,6,5,6,5,3,4,5,4,5,6,6,6,5,6,6,5,7,5,5,6,5,6,6,5,6,5,6,8,7,5,5,6,6,4,5,6,5,6,5,6,6,4,6,4,3,7,5,6,5,3,4,3,6,5,5
196,1,2,3,52,52,3,1,6,12,0,4,5,6,4,5,5,7,2,2,1,4,4,5,2,1,7,1,1,2,1,1,2,1,2,2,2,2,2,2,1,1,1,2,4,6,6,4,7,5,6,5,5,5,6,7,4,9,10,10,7,7,5,7,7,6,6,3,4,4,6,7,7,6,6,5,3,4,1,1,1,7,1,4,5,4,4,5,6,5,4,4,6,7,7,6,6,6,6,6,6,5,6,6,6,1,7,7,7,7,3,10,1,2,2,1,5,6,4,4,5,5,4,3,4,3,5,4,7,6,4,5,7,7,6,5,4,5
197,1,2,1,52,52,1,1,7,1,3,5,8,7,3,8,6,4,1,4,6,5,3,6,5,7,1,6,1,1,1,2,1,1,1,1,1,2,1,1,2,2,2,2,3,1,5,4,8,7,6,3,8,9,4,8,3,4,6,7,5,8,5,6,2,5,2,5,6,5,6,6,7,5,6,3,7,5,6,8,5,7,6,6,5,6,5,5,3,6,6,6,2,5,3,6,6,6,6,5,6,6,6,3,2,5,5,6,3,5,7,8,5,5,6,5,5,3,2,5,5,3,2,5,6,1,6,2,3,1,6,7,5,5,6,4,7,5
198,1,2,1,52,52,2,2,7,2,-3,6,10,10,1,7,5,5,2,2,5,4,2,5,4,1,1,7,1,2,2,1,1,1,2,2,1,2,1,2,1,2,2,1,6,9,8,3,10,8,6,3,4,2,2,3,1,1,1,1,8,6,5,7,7,7,4,4,5,7,4,5,5,7,5,4,6,6,4,5,4,7,6,5,5,5,5,4,3,7,7,5,7,7,7,6,7,7,7,7,7,7,7,7,1,1,7,6,1,1,1,10,1,1,1,1,7,7,7,1,7,7,7,2,5,2,6,7,7,4,7,7,7,7,7,4,4,5
199,1,2,5,52,55,3,5,7,1,0,4,10,10,2,8,3,4,2,4,1,1,2,6,4,3,4,2,1,1,1,1,1,1,1,2,1,1,1,1,2,1,2,1,6,2,3,3,10,2,6,4,10,2,5,5,2,2,2,8,10,2,5,7,6,7,4,7,4,4,4,7,6,3,2,5,4,4,1,2,2,1,7,1,5,1,7,7,1,1,1,7,7,7,7,7,7,7,7,7,7,7,7,7,7,1,7,3,1,1,1,10,1,7,1,1,7,2,7,1,7,7,1,4,7,1,2,7,7,4,7,7,7,5,7,7,4,5
200,1,2,4,52,52,1,5,3,2,0,4,8,4,2,5,3,3,2,1,2,2,4,5,3,2,2,3,1,1,2,2,2,2,1,1,1,1,2,2,2,1,2,2,3,6,9,8,8,8,6,4,7,4,7,5,3,3,4,5,7,6,5,6,5,6,4,3,5,4,4,4,3,5,4,3,3,3,1,2,5,1,5,2,3,3,7,6,7,6,4,6,6,4,6,6,6,6,6,6,7,6,3,6,1,1,6,5,1,1,2,6,1,1,1,1,4,4,5,5,4,6,3,4,6,5,5,6,6,5,6,5,6,6,5,4,5,5
201,1,2,3,52,52,2,1,6,9,-1,4,8,7,2,4,3,8,2,2,2,4,5,3,5,1,2,5,2,2,1,1,1,1,1,1,2,1,2,1,2,2,2,1,5,3,4,3,2,5,4,2,10,4,5,6,7,8,5,5,8,7,5,7,5,5,6,3,4,4,5,4,5,7,6,5,4,5,2,1,3,3,5,1,2,3,4,4,4,5,5,5,6,6,7,4,5,7,1,6,6,7,6,6,1,1,7,6,2,1,7,4,1,1,1,1,4,4,1,4,4,4,4,6,6,1,2,5,6,3,7,6,7,6,6,5,5,5
202,1,1,4,52,52,2,1,8,12,-3,4,4,2,1,2,1,9,1,1,1,1,5,3,5,1,3,4,1,2,2,2,1,1,1,1,1,2,2,1,2,2,1,2,5,2,5,4,3,3,6,5,8,3,3,6,3,3,4,5,6,6,5,6,5,6,5,4,2,2,5,3,4,3,5,3,5,5,1,2,2,5,3,1,4,2,6,6,6,7,2,5,6,5,7,4,7,7,5,4,7,4,4,5,2,6,6,5,6,5,4,9,4,6,4,1,6,6,5,2,4,5,6,7,7,2,4,6,6,6,6,6,7,7,7,4,4,5
203,1,2,4,182,182,3,1,5,1,0,4,9,9,1,8,4,9,2,2,3,6,3,5,4,6,4,4,1,2,2,2,1,1,1,2,1,2,2,2,1,2,2,1,6,5,2,2,10,6,6,6,6,8,5,8,2,5,3,4,10,5,5,7,7,7,6,5,4,4,4,4,4,5,6,5,6,5,5,7,10,3,4,2,2,2,6,5,5,6,4,2,7,7,7,7,6,6,5,5,7,7,7,7,7,1,7,6,1,1,1,3,1,6,1,1,4,4,4,4,4,4,4,4,5,1,1,6,7,7,7,7,7,7,7,7,4,5
204,1,2,3,221,52,3,2,7,3,-1,4,7,6,6,3,1,4,1,2,5,1,5,6,4,2,3,5,1,2,2,1,2,1,2,1,2,2,2,1,2,2,1,2,7,4,4,1,6,8,6,3,7,7,9,6,3,3,2,5,7,7,5,7,6,5,6,3,3,5,2,5,2,6,6,5,5,5,1,7,8,5,3,1,1,6,4,4,1,3,3,2,7,5,3,2,7,6,1,5,4,7,5,2,1,1,6,1,1,1,8,2,1,1,2,1,3,5,4,5,2,5,2,7,1,1,1,7,7,6,5,6,7,5,7,1,2,5
205,1,1,4,52,52,3,1,7,2,5,5,4,3,2,3,4,9,2,2,1,1,3,2,5,1,5,2,1,1,1,1,2,2,1,2,2,2,1,2,2,1,2,2,3,3,4,2,5,3,5,2,6,3,3,6,8,8,7,8,2,5,5,6,4,5,5,5,4,5,5,4,6,6,5,4,4,5,2,2,1,3,4,2,4,2,6,6,7,7,6,7,7,4,6,2,7,7,5,6,6,7,4,6,1,1,6,7,2,4,3,4,1,1,1,1,7,7,6,1,6,6,7,5,4,3,4,4,6,6,7,6,7,4,6,4,4,5
206,1,1,1,52,52,2,4,7,1,-4,4,8,3,1,7,6,4,2,2,1,2,2,6,2,1,1,7,2,1,1,1,1,1,2,1,1,2,2,2,2,2,2,2,6,5,4,3,9,2,4,3,9,5,2,9,1,1,1,2,9,9,5,7,5,6,5,5,4,5,2,1,2,5,3,3,4,3,1,3,6,2,2,2,3,2,6,7,6,6,4,7,7,7,7,5,7,7,5,7,7,7,7,7,1,2,5,6,2,7,1,1,1,5,4,5,7,6,7,1,1,4,3,6,6,5,3,6,5,2,5,6,7,7,6,5,2,4
207,1,2,4,52,52,1,3,2,12,0,4,7,6,7,7,7,5,2,2,4,4,1,7,4,1,6,4,1,1,1,2,1,1,1,2,1,1,1,2,1,2,1,1,5,4,8,3,6,5,5,4,5,5,8,5,8,4,4,6,3,5,5,4,4,4,7,2,4,4,4,4,4,6,7,7,4,6,2,2,5,4,4,4,4,7,2,2,4,4,4,4,7,4,2,1,4,4,4,4,2,7,7,7,1,7,7,7,7,7,8,1,1,1,1,1,4,4,4,4,4,4,1,1,1,1,1,7,4,4,4,7,4,7,7,4,4,4
208,1,1,3,52,52,3,1,4,10,1,5,10,10,1,5,7,5,2,2,6,7,1,6,6,6,7,1,1,1,1,1,2,2,1,2,2,1,1,1,1,2,2,1,8,9,7,8,10,10,6,5,8,1,6,5,10,7,10,10,5,6,5,5,5,7,7,1,4,4,7,7,7,4,7,5,4,7,3,1,1,7,2,7,4,7,2,1,4,4,4,2,6,5,7,5,6,6,6,6,7,6,6,6,5,1,7,6,1,1,6,2,1,1,1,1,4,4,4,4,4,4,5,6,4,5,1,5,5,6,4,4,4,6,5,6,6,4
209,1,1,4,52,52,5,1,6,2,-1,6,8,8,1,4,1,7,1,2,1,1,4,5,2,1,2,5,2,1,1,2,1,1,1,1,1,2,2,1,1,1,2,2,5,4,4,3,7,5,8,5,8,9,7,6,4,6,4,3,3,4,5,7,6,7,5,5,1,2,5,4,3,6,6,3,4,5,1,1,3,5,3,5,6,5,3,2,6,6,4,6,6,6,7,7,7,7,6,5,7,6,5,7,6,1,7,6,2,3,4,5,3,3,2,4,4,5,5,1,4,5,3,2,3,1,1,4,6,3,6,6,6,5,6,3,2,4
210,1,1,5,52,52,3,1,7,1,0,2,10,10,10,10,4,9,2,2,4,5,3,4,4,1,1,6,2,2,2,2,1,1,2,2,2,2,2,2,2,1,2,2,7,8,2,2,5,8,9,8,9,9,8,9,8,9,9,2,8,9,5,7,7,7,5,4,6,1,3,4,3,7,6,4,2,7,1,5,6,1,7,1,1,1,7,7,7,2,4,5,7,7,7,7,7,7,7,7,7,7,6,7,6,1,7,4,1,7,1,10,1,1,1,1,1,1,1,4,1,1,1,1,1,1,1,7,7,7,7,7,7,7,7,7,5,4
211,1,1,2,52,52,1,6,3,2,0,1,10,1,2,3,7,5,2,2,1,4,2,4,4,3,2,4,2,2,2,1,1,1,1,2,1,2,2,1,2,1,2,2,2,5,6,6,2,2,6,1,2,3,5,3,2,2,1,10,6,4,5,7,7,7,5,5,4,4,5,4,4,4,4,3,3,4,1,3,3,6,3,5,1,4,4,4,5,4,5,4,4,6,6,1,7,4,4,5,4,2,5,7,1,1,7,7,1,1,8,1,1,1,1,1,1,5,6,2,4,6,6,4,2,4,1,7,7,3,5,6,7,7,7,6,4,4
212,1,1,5,52,52,3,5,6,2,0,4,2,2,8,3,3,8,2,4,4,4,4,4,4,4,4,4,1,1,2,1,1,1,1,2,1,2,2,1,1,2,2,1,1,1,6,6,5,5,5,5,5,3,5,5,5,5,5,6,5,5,5,4,4,4,4,4,4,4,4,4,4,4,4,4,4,4,4,5,1,4,4,4,4,4,4,4,4,4,4,4,4,4,4,4,4,4,4,4,4,7,7,7,2,3,7,7,3,1,6,1,1,1,1,1,4,4,4,4,4,4,4,4,4,4,4,4,4,4,4,4,4,4,4,4,4,4
213,1,2,4,116,52,3,2,5,2,3,4,2,1,8,1,1,10,2,2,1,1,4,3,6,1,4,2,1,2,1,2,2,1,1,2,2,2,1,2,2,1,2,2,2,1,1,1,2,10,6,1,1,0,5,1,7,7,5,10,6,5,5,7,7,7,5,3,3,4,5,2,6,7,7,4,4,4,1,1,5,2,3,1,1,6,5,1,4,5,5,4,7,6,7,6,5,7,5,2,3,7,7,7,5,7,7,7,7,7,10,5,5,1,1,1,3,6,7,1,4,6,1,1,7,1,2,4,7,6,5,4,7,7,6,2,4,4
214,1,1,2,52,235,3,1,7,12,0,6,4,6,6,3,7,7,3,2,5,5,5,3,5,4,3,5,1,1,2,2,2,1,1,1,1,1,1,2,2,2,1,2,7,4,4,5,8,6,7,7,6,7,8,8,5,4,7,4,5,5,5,4,5,3,5,5,4,5,3,4,4,6,5,5,5,4,4,5,7,4,5,5,5,3,3,5,4,4,5,5,4,5,4,5,5,5,4,4,3,3,5,5,3,4,4,5,5,5,7,6,5,3,3,4,5,5,5,3,5,3,4,5,5,3,5,5,3,5,3,5,5,5,6,5,4,4
215,1,2,3,52,52,2,1,8,2,0,4,5,5,5,5,5,5,2,2,4,4,4,4,4,4,4,4,2,2,2,2,2,2,2,1,2,2,2,2,2,2,1,1,5,5,6,6,5,5,5,5,5,5,5,5,5,5,5,6,5,5,5,4,4,4,4,4,4,4,4,4,4,4,4,4,4,4,4,5,5,4,4,4,4,4,4,4,4,4,4,4,4,4,4,4,4,4,4,4,4,4,4,4,4,4,4,4,4,4,5,5,4,4,4,4,4,4,4,4,4,4,4,4,4,4,4,4,4,4,4,4,4,4,4,4,4,4
216,1,2,1,52,52,2,4,5,10,-4,2,7,6,4,3,4,8,2,2,2,2,7,5,3,1,1,5,2,2,1,2,1,2,1,1,1,2,2,1,2,1,2,2,7,4,4,3,5,6,2,1,8,5,4,4,1,1,1,4,5,6,5,6,5,5,6,3,4,5,4,2,2,5,5,3,2,2,1,1,1,4,5,4,5,5,3,2,5,4,4,4,6,6,6,5,6,6,6,6,6,6,4,6,3,1,6,6,1,1,1,3,1,2,2,1,3,2,5,1,1,2,1,1,5,1,1,2,4,2,4,5,6,5,4,4,1,4
217,1,2,4,52,52,4,3,5,2,0,4,10,10,2,8,2,6,1,1,4,1,2,5,3,2,3,2,1,1,1,1,1,1,1,2,1,1,1,1,1,2,1,1,7,6,3,4,5,7,4,3,10,7,6,3,2,4,3,8,8,8,5,7,5,6,4,4,3,2,3,4,3,5,5,2,1,2,1,3,1,4,5,2,2,2,6,6,7,5,3,4,7,7,7,4,7,7,7,7,7,7,7,7,2,1,7,7,1,1,4,8,1,2,2,1,4,4,4,6,4,4,4,6,4,1,2,6,7,3,5,7,6,4,7,5,2,4
218,1,1,3,52,52,1,1,6,9,-4,6,10,9,1,8,1,4,2,2,1,4,4,6,2,4,2,4,2,2,1,1,1,1,1,1,1,1,1,1,2,1,2,2,5,6,6,5,9,10,2,2,6,7,7,5,2,2,2,7,7,5,5,5,5,4,6,5,5,3,4,2,3,1,2,1,2,1,1,1,1,6,2,4,4,4,4,5,5,6,5,6,5,5,7,4,5,7,4,4,5,6,4,7,1,4,7,4,1,7,1,3,1,1,1,1,4,4,4,4,4,4,5,4,4,3,4,6,4,4,4,4,7,5,7,4,2,4
219,1,1,4,52,52,1,1,3,12,4,2,8,8,3,6,3,6,2,2,4,6,1,7,6,4,7,1,1,1,1,1,1,1,1,2,2,1,1,2,2,2,2,1,5,8,7,5,7,8,8,3,8,4,10,7,10,10,10,10,8,9,5,7,7,7,7,7,6,7,7,7,7,7,7,5,6,7,1,1,3,7,2,4,2,6,2,2,2,5,6,2,6,4,7,4,6,6,3,6,6,6,1,4,1,1,5,5,1,4,7,7,1,1,1,1,1,1,4,4,1,5,1,7,1,1,1,6,7,7,4,7,4,7,7,6,4,4
220,1,1,4,52,52,3,1,7,2,0,6,10,7,1,5,1,9,1,2,1,1,4,4,2,1,2,6,1,1,1,1,1,1,1,1,1,1,1,1,2,1,2,2,5,5,4,4,3,5,4,3,10,1,6,2,3,3,3,4,7,1,5,7,6,7,2,6,1,4,2,1,1,2,4,2,2,2,1,3,1,3,5,1,2,1,6,6,6,5,3,4,7,7,7,7,6,7,6,7,7,6,7,6,6,1,7,7,1,1,7,10,1,5,2,1,5,5,1,1,6,6,1,1,6,1,2,6,7,5,4,7,6,7,7,3,4,4
221,1,2,3,52,52,3,2,7,10,3,4,8,6,7,6,7,7,1,4,5,6,6,7,6,4,5,5,1,1,1,1,2,2,1,2,1,1,1,1,2,1,2,2,7,7,5,4,7,6,7,7,8,7,7,6,6,6,8,4,6,7,5,7,5,6,6,5,6,5,5,7,6,5,5,6,6,6,7,7,8,6,6,6,6,6,5,5,7,5,6,7,5,5,6,6,7,5,6,6,6,6,7,7,7,1,6,1,3,3,7,8,7,5,3,1,6,1,4,6,1,1,1,1,4,1,5,1,5,5,6,6,6,2,6,2,6,4
222,1,1,5,52,52,2,2,5,2,1,6,8,8,2,7,5,5,1,2,4,2,4,5,5,1,6,1,1,1,1,1,1,1,1,1,2,1,1,2,1,2,2,1,8,7,7,6,10,10,8,6,6,6,5,7,10,10,10,10,9,8,5,7,7,7,7,2,1,4,7,7,6,6,7,3,5,6,2,4,1,4,4,4,6,3,4,4,6,7,7,6,7,7,6,4,7,7,7,7,7,7,7,7,1,7,7,7,7,7,5,5,1,1,1,1,4,1,4,4,4,6,7,7,5,1,3,7,7,7,7,7,7,7,7,4,1,4
223,1,2,2,235,235,2,1,7,12,-2,5,4,4,5,5,4,5,2,2,5,4,6,5,4,1,2,6,2,2,2,2,2,1,1,2,1,2,2,1,2,2,2,1,6,6,4,4,6,6,6,5,6,5,5,6,5,6,6,5,5,5,5,5,5,5,4,4,4,4,5,1,3,4,4,3,4,3,4,1,5,3,4,4,4,4,2,4,4,4,4,3,4,4,5,5,4,5,5,4,5,5,5,7,7,3,6,6,1,1,7,7,5,3,4,4,4,4,4,4,4,4,4,4,4,3,4,4,4,4,5,4,4,4,4,4,4,4
224,1,2,2,65,182,3,1,5,2,0,6,7,6,3,5,4,8,2,2,4,4,4,5,4,5,2,5,1,2,1,1,1,1,1,1,1,1,1,2,2,2,2,2,7,2,7,4,6,7,8,4,6,2,7,3,6,5,6,5,6,3,5,7,7,7,6,5,6,3,3,3,6,3,6,3,4,6,3,8,6,6,5,7,6,5,3,3,7,1,7,7,7,7,7,5,7,7,7,7,7,7,7,7,5,1,7,5,2,1,2,2,2,2,3,1,3,3,3,4,4,3,3,4,5,1,1,7,7,7,7,7,7,7,7,7,6,4
225,1,1,1,52,52,2,4,8,1,2,3,1,1,10,4,1,10,2,2,1,1,6,1,4,1,5,4,2,2,2,2,2,2,2,1,2,2,1,2,1,2,2,1,1,1,10,5,10,5,10,1,10,0,6,1,8,10,10,10,1,2,5,7,7,4,7,7,4,4,4,7,7,7,6,4,4,7,1,6,1,4,6,4,7,4,7,4,7,7,4,7,6,7,7,1,7,7,1,7,7,3,1,7,1,1,7,1,1,7,1,5,1,1,1,1,4,7,4,4,6,7,1,3,7,1,5,1,7,7,5,1,6,7,7,7,1,4
226,1,1,5,52,52,1,1,7,10,-2,4,8,8,2,4,1,9,1,2,2,1,4,5,5,1,2,6,2,2,1,1,1,1,1,2,1,1,1,1,2,1,2,2,6,7,5,4,9,5,3,2,3,4,8,1,1,1,1,9,8,2,5,7,7,7,7,4,4,2,4,2,5,6,5,3,1,3,1,1,1,3,5,1,2,2,7,6,6,4,6,4,7,7,7,3,5,7,5,6,7,6,6,6,1,1,7,5,3,2,1,9,1,1,2,1,1,1,1,1,1,1,3,6,6,1,2,7,5,2,4,4,7,7,7,6,1,4
227,1,1,2,52,174,1,1,6,2,1,3,9,10,2,10,2,6,2,2,7,6,4,6,6,4,4,6,1,1,1,1,1,1,1,1,1,1,1,1,1,1,2,1,3,2,3,5,6,6,5,5,5,5,5,5,5,5,5,6,5,5,5,5,5,5,4,4,4,4,4,4,5,4,4,5,5,4,4,7,7,4,5,4,5,4,4,4,5,5,4,4,5,4,4,4,4,4,4,4,5,6,6,6,5,2,6,4,2,3,7,7,5,5,5,5,4,4,4,4,4,4,5,4,5,4,5,4,4,4,4,4,4,4,4,4,4,4
228,1,2,4,52,52,2,1,7,10,0,5,5,3,3,4,1,7,2,2,2,2,4,4,1,1,1,4,1,2,2,1,1,1,1,2,2,2,2,1,2,2,2,2,6,8,5,4,3,6,2,2,5,5,5,3,1,1,1,6,5,4,5,5,4,6,4,4,4,1,4,4,4,4,5,4,3,5,1,1,2,2,6,4,4,3,4,4,5,3,5,3,5,6,6,5,5,6,4,4,4,6,5,7,5,1,7,5,2,3,4,1,2,3,3,1,4,3,4,1,2,5,1,1,6,1,1,4,7,4,4,7,7,6,7,4,1,4
229,1,1,3,52,52,2,1,5,12,0,4,8,8,3,5,5,8,2,4,1,4,4,3,4,1,4,4,1,1,2,1,1,1,1,2,1,1,1,1,2,1,2,2,5,5,9,7,4,8,8,3,5,6,8,7,5,5,4,6,8,8,5,6,5,3,5,5,4,4,4,4,2,6,4,4,4,6,1,2,2,5,3,2,2,4,6,5,7,6,2,6,6,6,6,6,6,6,6,6,6,6,6,7,4,1,6,4,1,1,5,2,1,4,2,1,6,7,6,1,6,6,7,7,4,1,4,6,6,4,7,6,6,6,6,6,1,4
230,1,2,4,52,52,4,1,7,2,0,4,9,10,1,10,5,3,1,4,2,4,1,6,4,5,5,4,2,1,1,1,1,1,2,1,1,1,1,1,1,2,2,2,7,4,6,5,5,4,6,4,6,4,4,4,10,8,7,7,5,5,5,5,6,4,4,4,4,4,4,4,4,4,4,4,4,4,4,2,5,4,4,4,4,4,4,4,4,4,4,4,4,4,4,4,4,4,4,4,4,2,2,2,4,2,2,4,2,2,7,7,1,5,4,1,4,4,4,5,4,4,4,4,4,4,4,4,4,4,4,4,4,4,4,4,4,4
231,1,1,3,52,52,1,1,6,12,0,4,10,7,2,9,1,7,2,2,1,1,4,7,3,1,1,5,1,1,1,1,1,1,1,1,1,1,2,1,1,2,2,1,9,7,6,5,8,6,8,4,6,4,4,6,7,7,4,4,5,7,5,7,6,7,5,5,3,2,5,2,3,4,5,5,5,5,6,2,2,6,5,6,5,5,4,5,7,5,6,6,5,5,7,7,7,6,6,7,7,7,5,6,7,2,7,7,2,1,3,5,2,3,2,1,3,2,4,4,4,4,4,3,5,1,5,7,7,2,7,7,7,7,7,7,1,4
232,1,2,4,52,52,2,5,5,1,0,4,10,10,1,8,5,6,2,2,1,1,1,5,5,2,6,2,1,1,1,1,1,1,1,2,2,1,1,1,1,2,2,1,5,5,8,7,8,3,2,3,8,9,4,2,10,4,10,4,10,8,5,7,7,7,7,3,5,3,7,7,5,7,5,4,7,5,5,1,2,5,6,3,5,2,6,5,7,7,4,7,7,7,7,7,7,7,7,7,7,7,3,7,7,1,7,5,1,1,1,10,1,2,1,1,7,7,7,1,7,7,3,1,7,1,7,7,7,4,7,7,7,7,7,7,1,4
233,1,1,3,52,52,1,1,6,2,-3,4,9,7,1,6,1,5,2,2,1,1,4,5,6,1,1,6,1,2,2,1,1,1,1,2,1,1,1,1,2,1,2,2,6,9,5,5,10,3,8,4,9,7,5,8,1,1,1,1,10,9,5,6,6,6,4,5,5,4,4,1,2,6,1,2,1,4,1,2,2,1,7,1,3,7,6,7,7,7,6,6,7,2,7,3,6,7,7,7,7,6,1,7,3,1,7,3,1,1,1,9,1,1,7,1,7,1,1,1,7,1,4,3,7,2,3,7,7,2,5,7,7,7,6,5,1,4
234,1,1,2,52,52,3,1,8,6,0,6,5,5,7,3,5,8,2,2,1,1,4,4,4,6,5,4,1,2,1,1,1,1,1,1,2,1,2,1,2,1,2,1,5,5,6,6,5,5,5,5,5,5,5,5,5,5,5,6,5,5,5,4,4,4,4,4,4,4,4,4,4,4,4,4,4,4,4,5,5,4,4,4,4,4,4,4,4,4,4,4,4,4,4,4,4,4,4,4,4,4,4,4,4,4,4,4,4,4,5,5,4,4,4,4,4,4,4,4,4,4,4,4,4,4,4,4,4,4,4,4,4,4,4,4,4,4
235,1,2,4,52,52,3,1,7,1,0,4,10,10,1,10,3,9,2,2,1,1,4,5,4,4,4,5,1,1,1,1,2,1,1,2,2,1,1,1,2,2,2,2,10,7,9,9,5,5,4,3,3,3,5,5,8,9,8,4,9,9,5,7,7,7,7,2,2,3,5,7,6,6,6,2,2,4,1,2,2,6,4,6,6,5,3,2,7,5,4,7,7,7,7,7,7,7,7,7,7,7,7,7,7,6,7,7,1,1,5,9,1,4,3,1,6,6,7,2,6,6,2,3,6,2,3,6,7,6,7,6,7,7,6,7,5,4
236,1,2,4,52,52,4,5,5,2,0,4,7,8,3,5,1,3,2,2,4,2,1,5,6,4,4,4,1,1,2,1,1,1,1,2,2,2,2,2,1,1,1,1,3,9,6,6,3,8,3,2,6,0,5,1,7,4,7,6,6,4,5,7,7,7,6,3,4,4,5,6,5,6,6,4,5,4,1,2,2,5,4,4,4,4,3,3,5,4,4,4,7,7,7,4,6,6,3,6,5,7,7,7,3,1,7,6,1,1,7,1,1,4,1,1,3,4,6,1,4,3,2,3,5,4,2,6,7,5,6,7,7,7,7,6,4,4
237,1,1,4,52,52,1,3,6,1,4,6,9,4,10,8,4,4,1,2,1,7,1,7,7,6,7,1,1,1,1,1,1,1,1,1,1,1,1,1,1,2,2,1,7,4,8,3,9,9,6,4,4,2,4,4,10,10,10,10,10,5,5,7,7,7,7,3,1,2,7,7,7,5,7,2,6,6,1,2,1,7,1,5,4,6,2,1,1,5,7,1,7,7,7,2,7,7,3,6,6,7,2,5,1,1,6,6,1,1,7,1,1,1,1,1,7,6,7,2,2,6,6,5,2,1,3,4,6,7,7,6,7,6,6,3,2,4
238,1,2,4,52,52,4,5,6,1,0,4,10,8,1,6,1,8,2,2,1,2,5,5,5,1,4,4,2,1,2,1,1,1,1,1,1,1,2,1,2,1,2,2,5,9,6,1,9,3,2,2,8,1,2,3,9,8,9,7,9,5,5,7,7,5,4,4,4,2,6,6,5,6,6,5,3,5,1,3,8,5,4,4,5,2,5,7,7,7,1,7,7,7,7,7,7,7,7,7,7,7,7,7,7,1,7,7,1,1,1,8,1,1,1,1,6,6,1,1,7,7,1,7,7,2,6,6,7,5,6,4,7,6,6,6,2,4
239,1,1,1,52,52,1,1,6,12,1,5,8,8,6,7,5,8,2,3,5,4,4,7,6,6,5,5,2,1,1,1,1,1,1,2,2,2,2,1,1,2,1,1,7,6,6,2,8,8,7,4,6,7,7,6,6,8,7,5,7,9,5,6,5,4,5,6,6,6,5,4,6,5,6,6,5,5,4,8,7,6,7,7,6,5,5,6,7,4,5,6,6,7,4,5,6,6,5,7,5,3,6,2,4,6,5,5,3,5,9,7,6,3,4,5,4,5,6,4,6,2,5,5,4,3,3,4,6,5,5,5,4,4,6,3,7,4
240,1,1,3,52,52,2,1,2,12,-1,4,5,9,5,4,3,4,2,2,3,3,3,3,4,4,3,4,2,1,1,2,2,2,2,1,1,1,1,1,1,1,2,1,4,4,7,6,5,3,1,1,5,2,1,3,3,1,4,10,1,1,5,3,3,4,4,4,4,4,4,4,4,4,4,4,4,4,4,4,4,3,4,3,3,4,4,3,4,3,4,4,4,4,4,4,4,4,4,4,4,4,4,4,4,4,4,4,4,4,4,4,4,4,4,4,4,4,4,4,4,4,4,4,4,4,4,4,4,4,4,4,4,4,4,4,4,4
241,1,1,1,52,52,1,1,7,3,1,3,7,8,9,7,7,10,1,1,2,3,5,2,2,5,4,3,2,1,2,1,1,2,1,2,2,2,2,1,1,1,1,2,9,7,4,7,6,5,5,6,6,6,7,8,7,6,7,5,7,6,5,6,5,5,5,6,6,1,3,6,6,4,1,5,3,2,5,6,6,4,1,2,4,2,2,4,2,3,3,4,3,4,3,3,3,2,3,3,5,3,3,4,3,3,3,3,3,3,6,6,2,5,2,5,4,4,4,2,2,5,4,3,3,4,3,3,5,3,4,4,3,4,3,3,3,4
242,1,1,1,2,52,1,4,2,4,-1,1,4,6,5,6,5,5,2,1,4,4,6,1,2,5,2,3,2,2,1,2,1,2,1,1,1,1,2,1,2,2,1,1,7,8,8,6,7,5,4,3,7,9,4,5,6,6,7,5,4,4,5,6,2,3,4,2,1,1,3,1,3,4,5,4,7,1,4,7,4,6,2,6,5,3,6,3,4,3,7,7,5,4,3,4,3,6,3,3,2,7,3,3,6,1,5,3,2,7,5,4,4,3,2,4,3,4,3,4,5,1,2,3,4,4,6,3,6,5,5,6,1,4,5,1,2,4
243,1,2,4,52,52,3,1,6,2,0,4,7,7,4,3,1,4,2,2,1,1,1,3,4,1,1,5,2,2,1,1,1,1,1,1,1,2,2,1,2,1,2,2,8,6,5,1,6,7,3,4,6,5,6,5,2,4,3,3,6,3,5,6,5,5,5,6,4,4,3,3,5,5,5,2,3,5,1,3,8,2,4,2,3,2,5,5,4,5,4,3,7,7,7,5,7,7,6,7,7,7,7,7,5,1,7,7,1,1,2,4,1,1,1,1,6,6,7,1,4,6,4,6,2,1,2,6,6,4,6,6,7,7,6,6,5,4
244,1,2,4,52,52,2,1,4,2,0,4,7,10,2,2,1,10,2,4,1,1,4,2,1,6,1,1,1,1,2,2,1,1,1,1,1,1,1,1,1,2,1,1,5,6,9,7,10,2,2,2,2,1,2,2,2,2,2,6,6,2,5,7,7,7,4,5,3,3,3,6,5,6,5,5,5,5,5,2,2,6,5,5,7,3,6,5,7,7,3,7,7,7,7,5,7,7,7,7,7,7,4,7,1,7,7,4,1,1,1,10,1,7,5,1,4,4,4,4,4,4,4,4,5,1,4,5,7,5,5,7,7,7,7,7,4,4
245,1,1,1,52,52,1,4,7,1,-1,2,10,4,9,3,3,9,2,3,1,4,6,4,5,1,1,7,2,2,2,2,1,2,2,1,1,1,2,2,1,2,2,2,6,4,4,7,7,5,6,4,4,7,4,4,8,7,7,4,8,7,5,4,4,3,1,4,4,4,4,4,2,1,2,1,4,1,4,7,7,4,4,4,4,4,4,4,4,4,4,4,2,1,4,3,4,2,2,4,3,4,4,4,4,4,4,4,4,4,6,6,4,4,4,4,4,4,4,4,4,4,4,4,4,4,4,2,4,4,3,3,2,2,4,3,2,4
246,1,2,4,52,52,1,2,5,12,-5,2,7,6,1,4,1,8,2,2,4,3,2,4,4,1,1,6,2,2,2,1,1,2,2,1,1,2,2,2,2,2,2,2,5,5,3,1,4,8,1,1,5,4,3,4,1,1,1,1,5,8,5,7,6,7,4,5,4,4,1,1,1,2,4,2,1,1,1,1,2,1,5,2,2,2,4,6,4,4,4,2,6,4,4,6,7,7,1,7,5,6,2,4,4,1,7,4,1,1,6,5,2,2,2,2,4,4,4,1,4,4,1,4,5,1,1,4,2,1,1,5,7,7,6,7,1,4
247,1,1,2,52,52,3,1,6,2,5,4,10,7,2,8,3,6,2,4,4,6,2,7,7,4,7,1,1,1,1,2,1,1,1,2,2,2,2,2,1,1,1,1,3,5,4,1,4,10,10,5,6,2,4,8,10,10,10,10,9,10,5,7,7,7,7,1,4,5,7,7,7,7,7,5,6,7,1,1,1,7,1,7,6,7,1,2,7,7,7,7,2,7,7,2,7,7,7,7,7,4,4,7,1,1,7,5,1,7,1,4,1,1,1,7,7,7,7,1,4,7,7,7,1,1,1,1,4,7,7,3,4,7,5,3,6,4
248,1,2,3,52,52,3,1,8,12,0,5,7,1,3,1,1,7,2,2,4,4,4,4,4,4,4,4,2,2,2,1,2,2,2,2,1,2,2,2,2,2,1,2,5,5,6,6,5,5,5,5,5,5,5,5,5,5,5,6,5,5,5,4,4,4,4,4,4,4,4,4,4,4,4,4,4,4,4,5,5,4,4,4,4,4,4,4,4,4,4,4,4,4,4,4,4,4,4,4,4,7,4,7,7,1,7,5,4,1,5,5,4,4,4,4,4,4,4,4,4,4,4,4,4,4,4,4,4,4,4,4,4,4,4,4,4,4
249,1,1,5,52,52,4,1,6,2,1,4,9,7,2,9,2,7,2,2,2,2,2,5,5,6,5,2,1,1,1,1,1,2,1,1,1,1,1,1,2,1,2,1,6,6,3,1,10,8,2,2,6,4,4,4,9,8,7,5,9,6,5,7,7,7,6,4,2,4,5,7,7,6,6,4,5,5,4,3,6,5,4,3,4,4,4,4,6,3,5,4,7,7,7,6,7,7,6,7,7,6,7,6,4,1,6,3,1,1,5,4,1,3,4,1,5,4,6,5,5,6,3,4,6,4,5,7,7,5,6,7,7,7,7,7,2,4
250,1,1,3,52,52,2,1,4,12,-4,4,3,2,4,7,7,7,2,2,4,1,3,6,2,1,3,2,1,2,2,1,1,1,1,1,1,1,2,1,2,2,2,2,2,2,8,7,4,10,2,3,10,10,3,6,4,5,3,7,7,4,5,4,3,5,4,5,5,4,5,3,3,3,4,4,3,5,5,1,3,3,6,5,2,2,2,5,3,3,2,4,7,6,4,3,7,7,2,6,7,6,4,5,1,1,6,5,1,1,2,2,1,1,1,1,2,2,2,3,3,2,5,5,3,3,3,4,6,4,6,7,7,6,6,6,2,4
251,1,2,5,52,52,1,1,3,1,0,4,5,4,7,3,5,7,2,2,3,1,5,4,5,1,6,2,2,2,2,1,2,1,1,1,2,2,2,2,1,2,2,2,5,1,6,5,5,3,7,6,8,6,5,5,8,8,8,6,5,7,5,7,7,7,7,1,4,4,7,7,4,7,7,5,7,7,1,5,8,5,3,5,5,6,4,2,5,7,6,5,6,5,7,4,7,5,5,5,6,5,6,7,1,1,6,5,1,1,6,2,1,1,2,1,6,7,7,4,6,7,3,2,4,2,5,6,7,3,7,5,7,7,7,5,4,4
252,1,1,3,52,52,1,2,7,2,-1,3,5,2,7,2,2,7,2,2,1,1,2,2,4,1,2,4,2,2,1,2,1,1,1,2,1,1,2,1,2,1,2,2,1,1,3,2,4,8,2,1,4,6,7,2,1,1,2,6,1,2,5,7,4,6,4,6,5,4,1,3,3,5,2,1,1,1,1,2,4,1,4,1,3,2,6,6,2,7,1,4,7,7,7,5,7,7,7,6,7,7,7,7,6,1,7,7,1,1,1,2,1,6,5,3,7,6,7,1,4,6,1,6,5,1,4,4,6,4,6,5,6,6,6,4,1,4
253,1,2,5,52,52,5,1,5,1,0,4,9,8,4,7,5,6,1,2,2,4,3,5,5,4,6,2,1,1,1,1,1,1,1,1,2,2,1,1,2,2,1,1,6,4,4,4,7,8,4,6,8,5,6,6,9,3,8,8,8,7,5,7,6,4,7,4,4,4,6,7,6,5,6,3,4,5,4,4,2,5,6,4,4,3,4,5,6,5,6,6,6,6,7,6,7,6,6,7,6,6,6,6,7,2,6,6,2,6,2,8,1,1,1,1,3,2,4,6,4,4,6,6,4,2,2,4,6,4,5,6,7,4,6,5,4,4
254,1,2,2,52,52,3,3,6,3,-1,4,8,10,1,9,1,8,2,4,1,2,4,2,4,5,1,6,2,2,1,1,1,2,2,2,1,2,1,1,1,2,2,1,9,6,4,5,6,6,1,2,6,6,5,6,5,1,1,3,8,1,5,6,6,5,5,5,4,4,4,1,1,3,4,3,3,3,2,6,6,3,4,2,3,2,6,5,7,5,2,2,7,6,7,5,7,6,6,7,6,7,7,7,5,2,7,3,1,1,5,5,2,3,2,2,3,4,4,6,2,5,1,4,5,1,4,5,7,3,5,5,7,6,6,7,5,4
255,1,1,4,52,52,2,1,5,12,1,4,7,4,5,6,1,6,2,2,1,1,3,5,5,4,5,4,1,1,1,1,1,1,1,1,1,1,1,1,2,1,2,1,3,2,6,1,3,5,1,1,5,0,5,2,8,5,5,7,5,3,5,6,6,5,4,4,3,4,5,7,4,6,6,4,5,5,1,5,5,4,7,1,2,2,6,6,6,2,5,5,5,6,6,3,4,6,4,5,6,5,4,7,1,7,6,6,2,1,1,1,1,1,1,1,3,1,7,1,1,7,4,5,5,5,5,4,6,5,6,6,6,6,6,6,5,4
256,1,1,1,52,52,1,1,8,12,-2,2,1,6,1,1,2,8,2,2,2,1,6,3,1,1,1,6,1,2,1,2,1,1,1,1,1,1,2,2,2,1,2,2,1,3,10,7,10,2,2,2,3,3,2,1,1,3,1,3,5,6,5,7,7,7,5,2,4,5,1,3,6,1,2,3,1,5,4,1,1,1,6,1,2,5,2,4,4,1,3,2,2,6,4,2,6,5,4,3,2,7,5,4,2,2,1,5,1,3,1,1,3,2,1,6,2,1,4,5,1,1,1,2,5,1,4,6,7,2,5,7,7,7,7,3,1,4
257,1,1,2,52,52,2,1,8,2,-4,6,5,4,7,2,5,10,2,2,2,4,5,4,4,1,2,4,2,2,2,1,1,1,2,1,1,2,2,2,2,1,2,2,3,2,5,4,9,5,6,2,9,3,2,8,1,2,1,6,5,8,5,7,6,7,5,4,4,4,4,2,5,2,4,2,2,1,1,2,3,3,5,3,4,5,5,6,6,5,4,6,6,3,7,2,7,7,7,2,3,5,2,7,1,1,7,7,1,1,2,3,1,1,1,1,4,4,4,4,4,4,4,4,5,2,3,5,6,3,4,4,7,7,6,7,2,4
258,1,2,5,52,52,2,1,6,2,0,4,8,3,1,5,1,10,2,2,1,3,1,3,3,2,1,4,2,2,2,1,2,1,1,2,1,1,1,1,2,1,2,2,3,4,5,5,5,5,3,2,4,3,2,1,2,2,2,4,6,7,5,7,6,3,4,4,5,4,2,4,3,4,4,2,1,1,1,3,7,1,5,3,4,4,6,4,6,4,4,5,7,7,7,6,7,7,7,7,7,7,6,7,4,1,7,2,1,1,1,9,1,3,4,3,4,4,4,4,4,4,1,1,7,1,4,5,4,4,5,7,7,7,5,3,4,4
259,1,1,5,52,52,3,5,2,1,2,4,2,2,10,1,3,2,1,2,1,3,1,5,6,5,7,1,2,2,1,1,2,1,1,2,2,2,2,2,1,2,1,1,3,3,5,5,6,10,10,4,4,0,6,2,10,10,10,10,10,7,5,7,7,7,7,1,4,4,7,7,7,7,7,7,6,7,7,1,1,4,1,1,1,7,1,1,4,1,4,1,4,5,4,1,2,4,1,2,1,4,4,4,1,4,4,7,4,4,10,1,1,5,1,1,4,5,5,6,4,2,4,4,1,1,1,3,7,1,3,6,5,5,4,5,6,4
260,1,1,1,52,52,1,4,6,2,0,1,10,10,7,8,3,5,2,2,3,4,4,3,4,4,4,4,1,1,1,1,1,2,1,2,1,1,1,1,1,1,1,2,8,10,6,4,10,10,5,5,10,10,8,7,7,8,10,3,8,10,5,7,4,4,4,4,5,4,5,5,5,6,4,5,4,4,3,3,5,4,1,4,6,4,4,4,5,5,4,7,7,7,7,4,5,7,7,7,4,7,7,6,6,2,7,7,2,7,7,5,3,6,7,2,4,3,4,3,1,4,4,1,7,2,5,5,7,5,7,4,7,7,5,6,1,4
261,1,2,2,52,52,1,6,10,12,-5,2,10,10,7,7,6,6,2,2,1,1,4,5,3,1,1,1,2,1,1,2,1,1,1,2,1,1,2,2,2,2,1,2,4,6,10,7,5,2,4,7,5,3,5,6,5,6,8,5,7,6,5,3,4,4,3,4,4,3,6,2,4,5,6,5,3,3,4,1,5,3,5,6,4,4,6,4,1,4,6,2,4,3,4,5,3,6,3,4,2,7,6,7,7,1,7,7,3,2,6,5,3,7,6,6,3,6,4,6,4,5,5,5,6,4,7,4,3,4,6,4,4,7,5,7,1,4
262,1,1,3,52,52,1,1,8,1,1,4,7,7,2,4,3,7,2,2,4,2,4,5,5,4,5,5,1,1,1,1,1,1,1,2,1,1,1,1,2,1,1,2,4,4,4,5,7,8,7,4,6,8,4,7,5,5,4,5,6,5,5,7,5,5,5,6,5,4,5,4,6,6,4,5,4,5,6,5,6,4,5,5,3,6,6,4,6,5,3,5,6,6,7,2,7,7,5,6,5,6,5,7,3,1,6,5,2,3,2,5,1,1,2,1,4,1,3,4,2,4,5,5,7,4,6,4,6,5,4,6,7,6,7,6,5,4
263,1,1,2,52,52,1,1,5,2,0,3,10,6,7,6,5,6,4,4,5,6,7,5,4,4,2,5,2,2,2,1,2,1,1,2,1,2,2,2,2,1,1,2,10,6,5,7,8,8,6,9,10,8,9,8,8,4,4,6,6,8,5,4,6,3,3,5,2,5,6,6,2,5,5,3,3,3,5,3,3,5,4,6,5,4,5,5,3,4,4,1,6,6,6,4,5,4,4,5,6,6,5,5,7,4,6,6,7,2,5,5,7,4,6,6,5,5,5,6,5,6,5,5,7,4,6,5,4,5,4,5,6,2,6,5,6,4
264,1,1,5,105,52,3,1,7,12,1,5,8,6,2,1,2,4,2,2,6,4,4,6,4,4,6,4,2,2,1,1,1,1,1,1,2,1,1,1,1,2,2,1,5,5,6,6,5,5,8,8,8,8,6,8,8,9,7,3,8,8,5,6,6,6,7,2,4,4,4,6,6,7,7,1,5,5,4,1,1,6,6,5,4,5,6,4,6,5,6,5,7,7,7,7,7,7,7,7,7,7,7,7,1,1,7,7,1,1,2,9,1,1,1,1,6,6,6,1,6,7,2,6,3,1,3,4,7,4,7,6,7,7,6,6,1,4
265,1,1,3,52,52,1,5,2,12,3,4,10,10,2,5,5,2,2,2,1,1,1,6,2,1,6,3,2,1,1,1,1,1,1,1,1,2,1,2,1,1,2,1,7,7,9,9,8,6,5,5,7,3,6,5,10,8,10,10,8,6,5,7,7,7,7,2,1,4,7,7,7,7,7,7,5,7,1,1,1,7,1,7,3,7,1,1,6,4,6,4,4,6,7,4,7,7,5,7,6,6,7,7,5,7,6,7,1,3,4,3,1,1,1,1,4,1,4,6,1,5,1,3,6,1,2,6,7,7,7,6,7,7,7,7,2,4
266,1,1,5,52,52,3,5,7,2,-3,4,8,8,1,4,1,8,1,2,1,2,1,5,5,4,2,3,1,2,2,1,1,1,1,2,1,2,1,1,2,1,2,2,8,8,4,4,4,5,3,3,8,7,7,4,4,2,7,6,8,6,5,7,7,5,5,3,2,4,4,4,4,6,5,1,3,3,1,7,7,3,3,3,2,5,6,5,3,5,4,3,6,7,6,2,5,6,1,5,6,5,7,7,1,1,7,7,1,1,10,1,1,4,1,1,5,5,6,6,1,5,1,2,1,1,1,7,7,5,6,6,7,5,7,2,6,4
267,1,1,3,52,240,1,1,6,9,-2,6,2,5,10,1,2,8,1,1,4,4,3,4,5,3,4,4,1,1,2,2,1,1,1,2,1,1,1,1,1,1,1,2,5,6,5,5,6,5,4,7,6,3,5,7,4,7,5,4,6,5,5,3,5,4,3,4,5,3,4,3,5,4,3,3,4,4,5,6,5,3,3,5,5,4,3,3,4,4,4,5,4,4,3,4,4,3,5,4,3,4,4,3,2,3,4,4,3,3,6,5,5,4,5,3,4,4,4,3,5,3,4,3,3,4,4,4,4,5,3,4,5,3,4,3,4,4
268,1,2,5,52,52,4,5,5,2,-2,4,10,10,1,10,2,1,2,2,1,2,1,6,4,1,2,3,1,1,1,1,1,1,1,1,1,1,1,1,1,2,1,1,2,5,6,6,5,4,5,2,5,3,5,8,7,7,5,5,10,5,5,5,5,5,4,4,3,3,5,5,5,6,6,5,4,5,4,4,2,5,1,5,4,5,2,2,5,5,5,4,6,6,6,4,6,6,6,6,6,7,7,7,7,1,7,2,1,1,3,4,1,1,1,4,6,3,2,1,4,4,5,6,1,1,1,6,6,6,2,6,7,6,6,3,2,4
269,1,1,3,52,52,1,1,4,12,1,4,6,5,7,3,4,8,2,2,5,5,4,5,4,4,4,3,1,2,1,1,1,1,1,2,2,1,2,1,1,1,2,2,4,6,6,6,4,5,4,5,7,3,5,7,6,7,5,6,4,4,5,6,5,6,5,4,2,4,5,7,5,5,6,4,6,5,4,3,2,5,2,4,2,4,4,4,6,4,4,3,6,5,6,4,3,6,5,3,5,6,6,6,4,3,6,5,2,2,4,3,2,5,4,4,4,4,5,1,4,5,2,4,4,1,5,5,5,5,7,4,4,6,6,6,4,4
270,1,1,3,52,52,1,2,6,2,-1,8,5,2,8,1,4,9,2,2,2,1,4,4,2,1,1,2,1,1,2,2,1,1,1,1,2,2,2,2,2,1,1,1,1,3,4,3,10,4,2,2,8,4,4,2,4,3,2,6,8,2,5,7,6,5,5,6,3,2,4,2,2,4,4,1,4,4,1,1,2,4,5,4,3,1,6,5,5,4,3,5,7,7,7,6,7,7,7,7,7,5,4,7,7,1,6,5,2,1,1,4,1,1,1,1,3,1,4,3,4,2,5,3,2,1,1,5,5,4,5,4,7,5,6,6,2,4
271,1,1,5,52,52,3,1,6,1,3,4,1,1,1,1,1,9,1,2,4,1,5,7,7,1,1,5,2,2,2,1,1,1,1,1,2,2,2,2,1,1,2,1,10,6,3,1,10,1,1,1,10,10,10,10,6,6,1,8,1,8,5,7,7,7,7,2,3,4,5,1,5,7,7,7,7,7,1,7,7,5,1,5,2,5,1,7,7,2,1,7,7,7,7,1,7,7,3,3,7,7,7,7,1,2,6,7,2,2,10,1,1,6,1,1,7,7,7,1,7,7,1,1,5,2,5,7,7,7,7,4,7,7,7,7,1,4
272,1,2,3,52,52,3,1,8,6,4,4,8,9,7,8,8,9,3,3,4,4,4,4,5,5,4,5,2,1,1,1,2,2,1,2,1,1,2,2,2,1,2,2,6,7,4,5,8,6,6,7,6,5,6,6,7,7,5,4,6,5,5,6,5,5,5,6,5,4,4,5,5,5,5,5,6,5,6,8,8,5,4,4,5,5,6,5,4,3,5,6,6,3,5,6,6,6,4,4,5,6,5,6,4,3,6,3,3,3,8,9,6,5,5,4,4,5,4,5,6,4,3,2,4,4,5,6,5,5,6,3,4,5,4,6,5,4
273,1,1,5,52,52,3,1,7,2,0,4,9,7,1,3,2,7,2,2,5,5,2,5,3,1,3,2,2,2,2,1,1,2,1,2,2,1,1,2,2,1,2,2,6,5,5,5,3,5,7,6,2,3,7,2,10,8,5,6,6,7,5,7,5,6,6,4,2,3,6,7,3,5,6,5,4,5,1,5,2,2,2,2,4,3,4,4,6,7,2,7,7,6,7,4,7,7,6,7,6,7,6,7,2,1,7,5,1,1,5,1,4,5,2,1,5,1,1,4,4,2,1,4,4,1,2,6,7,4,5,6,7,6,6,4,2,4
274,1,1,2,52,52,3,1,6,12,-1,6,6,7,3,3,6,7,2,2,1,1,5,3,3,1,2,5,2,2,1,2,2,1,2,1,2,1,2,2,1,1,2,1,6,8,6,5,4,4,7,5,5,3,4,6,6,6,7,7,6,6,5,2,5,3,5,5,3,2,5,5,2,5,7,2,5,3,1,3,3,5,5,4,5,3,3,6,2,6,4,4,3,5,4,5,1,5,5,4,3,3,3,6,4,3,6,3,4,6,3,4,4,6,2,4,2,5,4,3,4,5,3,5,3,3,2,3,4,2,3,4,2,4,3,5,4,4
275,1,2,2,52,52,3,1,7,10,-2,5,7,8,2,4,1,8,2,2,1,1,4,2,1,2,1,7,1,1,2,2,1,1,1,2,1,1,1,2,1,2,2,1,7,2,8,2,9,5,7,4,9,9,7,6,2,1,1,1,4,6,5,7,7,4,3,5,3,2,2,4,3,6,3,3,3,4,1,1,1,5,1,3,4,4,5,5,4,4,4,2,4,7,7,2,7,7,4,7,7,4,5,7,1,1,6,5,1,1,1,5,1,1,1,1,1,1,2,1,1,1,4,5,2,1,2,7,6,4,5,4,7,7,6,5,2,4
276,1,1,3,52,52,2,1,7,1,5,4,10,1,8,1,1,8,2,2,6,7,4,7,7,4,7,1,2,2,2,2,2,2,1,1,2,2,2,2,1,1,1,1,1,1,9,10,1,10,2,3,1,4,5,6,10,5,10,6,9,10,5,7,7,7,7,1,5,5,7,7,6,5,7,7,7,7,7,7,5,6,1,6,7,6,4,2,4,2,7,2,6,6,4,4,6,4,2,4,4,6,5,4,4,4,4,4,4,4,10,1,2,5,1,4,4,5,4,4,4,5,4,4,4,4,1,4,6,7,4,4,5,7,7,4,4,4
277,1,2,2,52,52,2,1,7,12,0,2,7,8,1,6,1,8,2,2,1,1,4,5,4,7,4,4,1,1,1,1,1,1,1,1,1,1,1,1,1,2,1,2,3,6,9,8,4,4,3,2,6,2,5,5,5,1,1,6,8,6,5,6,5,4,4,4,3,3,4,5,3,5,5,2,4,3,1,1,3,4,6,2,4,2,5,4,5,4,5,5,5,7,7,7,3,7,3,5,5,6,7,6,1,1,7,7,4,1,2,2,1,1,1,1,4,4,6,1,1,6,6,1,1,1,4,6,7,2,6,6,7,6,6,5,4,4
278,1,2,5,52,52,5,6,7,12,3,4,8,2,8,2,2,9,1,2,4,1,4,4,3,6,6,1,2,2,2,2,2,1,1,1,2,2,1,2,1,2,2,1,3,2,2,2,2,5,2,3,4,1,9,2,9,9,9,9,2,9,5,6,6,6,6,2,4,4,6,6,6,6,6,6,6,6,4,1,1,5,2,4,1,4,2,2,2,2,4,4,7,3,2,1,1,2,1,1,1,7,1,3,1,3,6,1,6,3,10,1,1,1,1,1,1,1,4,4,1,1,7,7,1,1,1,4,6,6,5,4,4,4,6,4,6,4
279,1,2,5,52,52,2,5,8,2,0,4,6,3,5,3,1,7,2,2,1,1,4,4,3,1,1,4,1,1,1,1,1,1,1,1,1,2,2,1,2,1,2,2,5,5,6,4,7,2,6,3,3,6,3,4,3,3,2,6,5,5,5,6,6,5,5,4,5,4,4,3,5,5,5,3,2,2,2,4,1,2,4,2,4,2,6,6,6,5,5,5,6,6,6,6,7,6,6,6,6,6,5,7,6,1,6,4,1,1,5,5,6,4,1,1,7,5,4,1,1,6,1,4,3,1,1,6,6,5,6,7,7,6,6,3,5,4
280,1,2,5,52,52,3,1,5,12,-1,2,7,6,2,7,1,6,1,4,1,4,4,5,5,1,1,6,2,2,1,1,1,1,1,2,1,1,2,2,2,2,2,2,3,1,3,2,6,7,10,3,10,7,5,8,2,1,1,4,8,2,5,7,7,6,3,6,1,1,1,3,4,1,4,2,4,4,1,1,6,2,6,3,4,1,7,6,4,4,3,4,7,7,7,6,7,7,6,6,6,7,4,7,6,1,6,5,1,1,1,9,1,7,7,7,7,6,7,1,6,4,1,5,6,1,1,7,7,1,7,7,7,7,7,4,1,4
281,1,1,3,52,52,1,1,5,2,0,4,6,3,2,4,1,5,2,2,2,2,4,4,1,1,4,4,1,2,2,1,2,1,1,2,2,2,1,2,2,1,2,2,2,2,3,4,5,4,3,2,6,4,3,1,8,7,7,8,8,3,5,7,5,6,5,2,3,4,4,3,5,5,4,4,4,4,1,3,2,2,3,2,3,3,5,4,6,7,7,5,5,5,7,4,5,7,5,6,7,7,4,6,4,2,6,5,2,2,3,5,1,5,1,1,7,6,7,1,3,5,2,5,3,1,5,4,5,3,5,6,7,7,6,4,3,4
282,1,2,5,52,52,3,5,5,2,-3,4,5,6,5,5,5,6,2,2,1,1,1,1,1,1,1,1,1,1,1,1,1,1,1,1,1,1,1,1,1,1,2,2,7,6,5,5,6,6,6,6,6,6,6,6,6,6,6,5,6,6,5,4,4,4,4,4,4,4,4,4,4,4,4,4,4,4,4,6,6,4,4,4,4,4,4,4,4,4,4,4,4,4,4,4,4,4,4,4,4,4,4,4,4,4,4,4,4,4,6,6,4,4,4,4,4,4,4,4,4,4,4,4,4,4,4,4,4,4,4,4,4,4,4,4,4,4
283,1,1,4,52,52,3,1,9,12,0,4,9,7,2,8,5,4,2,2,5,7,2,6,5,2,6,4,1,1,1,1,1,1,1,2,1,2,1,1,1,2,1,1,7,6,5,6,8,8,8,6,7,4,5,5,5,8,5,6,8,8,5,6,5,6,5,6,6,4,7,6,6,4,6,4,6,7,7,5,5,6,5,5,3,6,5,5,4,4,4,5,6,6,6,4,7,6,5,7,7,7,6,6,6,1,6,7,1,5,8,9,4,5,4,4,2,3,4,4,2,1,3,3,5,2,4,5,5,4,6,3,4,4,6,5,4,4
284,1,2,4,52,52,4,1,5,1,4,2,8,7,5,2,2,5,2,2,1,4,1,6,3,4,4,4,2,2,1,1,1,1,1,2,2,2,1,2,1,1,2,1,2,2,9,8,2,4,3,2,5,2,2,2,7,7,2,8,7,2,5,6,4,6,5,3,2,3,4,5,5,7,4,5,4,4,2,2,1,4,5,4,4,4,4,2,5,4,4,5,6,6,5,4,6,6,6,6,6,7,4,7,1,7,7,7,7,7,5,5,1,1,1,1,4,4,4,4,4,4,1,5,1,1,1,4,6,4,4,6,6,6,5,4,1,4
285,1,2,2,52,52,3,1,8,12,-1,5,10,10,1,8,1,5,2,2,4,4,4,4,1,1,1,7,1,1,1,1,1,2,1,1,1,1,1,1,2,1,1,2,5,2,6,7,3,10,3,2,10,3,3,5,1,1,1,1,8,2,5,7,7,7,1,6,6,4,4,4,4,1,1,1,1,1,1,1,1,4,5,1,1,1,7,6,4,6,4,4,7,7,7,7,7,7,7,7,7,7,7,7,7,7,7,7,7,7,1,10,1,1,1,1,1,1,1,4,1,1,1,7,4,4,4,7,7,4,7,7,7,7,7,1,1,4
286,1,1,4,52,52,4,1,7,10,2,4,2,2,9,4,2,5,2,2,1,2,4,2,7,5,5,1,2,2,1,1,2,1,1,1,2,2,1,1,1,2,1,1,2,2,6,5,5,4,8,3,10,2,2,1,5,2,4,8,3,8,5,7,7,6,6,2,1,4,7,6,4,7,6,5,5,6,4,1,1,7,2,4,5,5,1,2,1,1,1,2,6,6,6,1,7,6,3,1,3,4,6,5,1,2,7,5,3,4,10,1,1,7,6,1,4,2,5,4,3,3,4,3,2,2,1,3,7,5,4,3,5,7,6,7,6,4
287,1,2,5,52,52,1,5,7,11,-5,2,7,3,2,3,1,8,2,2,1,3,2,5,5,6,1,6,1,1,2,1,1,1,1,1,1,1,1,1,1,2,1,2,6,7,3,3,9,5,8,7,9,7,4,8,2,1,1,2,8,9,5,6,6,6,7,2,1,2,6,1,1,6,7,6,5,6,1,4,8,2,6,2,4,3,5,3,5,4,4,2,5,4,7,5,6,6,3,3,6,4,5,6,4,1,6,7,3,1,4,1,1,1,2,1,6,1,6,5,2,6,1,6,5,1,1,6,7,3,3,5,7,6,7,7,6,4
288,1,1,2,235,235,1,1,4,3,0,2,10,10,3,6,1,7,2,2,1,2,3,3,5,2,1,4,1,1,1,1,1,2,1,1,1,1,1,1,2,2,1,2,3,2,6,5,8,10,6,6,6,5,3,3,4,3,2,7,6,6,5,6,3,5,4,5,2,6,2,3,4,6,6,2,3,3,2,5,4,3,6,4,3,3,5,3,5,6,6,5,6,6,5,6,6,6,6,5,6,6,6,7,4,1,6,5,3,4,6,4,1,3,1,3,5,1,6,4,1,1,3,3,6,2,4,5,6,6,6,5,7,6,6,6,3,4
289,1,2,1,52,52,1,4,7,1,-3,2,9,6,3,7,4,7,2,4,2,2,6,6,5,1,2,6,2,2,1,1,1,1,1,2,1,2,2,1,2,1,2,2,8,9,7,5,8,7,3,3,9,6,4,4,5,1,3,3,8,6,5,6,5,6,5,5,3,2,3,2,2,6,6,3,4,2,1,2,7,5,7,6,2,2,5,5,5,6,6,6,4,6,7,5,7,6,5,6,7,5,7,7,3,1,7,4,2,1,3,5,4,2,1,3,3,2,5,5,5,3,1,4,6,1,3,5,5,2,6,6,7,7,5,5,2,4
290,1,1,1,34,34,1,4,7,3,0,5,7,8,1,6,1,6,2,2,2,1,5,1,1,1,1,4,1,1,1,1,1,1,1,1,1,1,2,2,1,2,2,1,8,8,4,1,1,2,1,1,6,0,1,1,1,1,1,10,6,2,5,5,6,3,3,5,5,4,5,4,5,4,3,4,5,3,5,2,6,6,1,1,1,1,7,6,6,7,6,7,6,7,7,5,7,7,7,7,7,7,7,7,2,1,7,7,1,1,1,10,1,4,1,1,1,1,1,6,1,1,7,4,7,1,1,6,6,7,3,5,7,7,6,6,1,4
291,1,1,5,52,52,3,1,7,2,0,6,8,8,7,6,3,6,2,4,2,1,2,6,6,2,3,3,2,2,2,2,1,1,1,1,2,2,2,2,2,1,2,2,8,8,6,6,5,10,5,6,9,3,7,5,8,8,8,6,10,10,5,7,6,7,7,2,2,2,7,5,5,5,7,5,6,5,2,5,5,7,2,5,6,5,3,5,7,7,7,6,7,7,7,7,7,7,7,7,7,7,6,7,6,7,7,5,1,7,8,8,1,4,1,1,5,4,3,5,2,5,5,5,7,5,4,5,7,5,7,7,7,7,7,5,4,4
292,1,2,5,52,52,4,5,6,10,0,6,7,3,2,4,2,8,2,2,1,1,4,4,2,1,2,4,2,2,1,1,1,1,2,2,1,1,2,1,2,1,2,2,4,4,6,4,5,1,4,2,5,3,3,3,3,4,2,6,4,3,5,6,4,4,4,5,4,3,3,4,3,3,3,4,4,3,1,1,3,2,4,1,2,2,6,6,4,5,5,3,6,6,6,5,6,6,6,6,6,7,4,7,4,1,7,3,1,1,1,5,2,2,1,2,2,2,2,2,2,2,2,6,5,1,3,6,6,5,4,6,6,6,6,4,4,4
293,1,2,3,52,52,3,1,6,1,1,4,7,10,2,5,2,5,2,2,4,4,2,6,4,2,2,3,2,2,1,2,1,1,1,2,2,2,1,1,2,2,2,2,8,10,5,4,5,8,5,6,10,7,7,7,6,5,2,7,10,8,5,6,7,6,4,3,2,2,4,2,5,5,5,6,4,6,1,8,2,2,6,4,1,4,5,3,7,3,2,4,6,7,6,4,7,7,6,6,5,7,6,4,1,7,6,7,7,7,2,9,1,1,1,1,5,2,6,1,1,6,3,5,1,1,1,5,6,2,6,7,7,5,6,4,2,4
294,1,1,3,52,52,3,1,8,12,1,5,1,2,2,3,2,8,1,1,1,1,3,2,5,2,3,3,2,1,2,2,1,1,1,1,2,1,2,2,2,1,2,1,7,1,7,1,10,10,4,1,10,3,10,3,2,7,3,8,10,3,5,6,6,6,5,4,1,2,5,4,3,5,6,2,3,4,1,1,1,4,5,2,5,5,1,2,3,2,2,3,7,7,6,2,4,3,6,4,5,7,6,7,1,2,6,7,1,1,2,2,1,5,4,1,4,2,5,4,4,5,3,5,5,1,1,3,6,7,6,2,7,1,4,6,5,4
295,1,1,5,249,249,4,3,7,10,1,4,6,3,1,2,1,8,1,2,1,1,4,3,1,1,1,7,1,1,1,1,1,1,1,1,1,2,2,1,2,1,2,2,3,1,8,8,8,1,1,2,2,3,4,2,1,1,1,6,10,5,5,7,7,6,5,5,1,5,6,1,5,5,3,4,1,1,1,1,4,1,7,1,4,7,6,6,5,5,5,4,7,7,7,6,7,7,7,7,7,6,6,7,6,1,7,5,1,1,1,8,1,2,1,1,1,7,7,4,1,1,1,1,5,1,5,6,7,4,5,7,7,7,7,4,1,4
296,1,2,3,52,52,3,6,6,1,-5,4,8,9,1,7,1,8,2,2,1,2,4,5,4,6,5,3,2,1,1,1,1,1,1,2,1,1,2,2,2,1,1,1,6,6,4,3,8,6,5,4,8,5,7,5,8,6,8,3,8,7,5,6,6,4,3,3,4,3,4,5,4,3,4,3,3,4,2,3,2,5,5,4,5,3,6,5,6,6,3,5,6,6,7,5,7,6,6,6,7,7,7,7,2,1,7,6,1,1,6,7,2,5,2,2,4,6,1,1,3,3,6,5,3,3,3,5,6,4,6,6,7,7,6,6,4,4
297,1,2,6,183,52,3,5,5,5,0,6,7,7,4,5,1,6,2,2,4,4,4,6,2,2,5,4,1,2,1,1,2,1,1,2,2,2,1,2,2,1,2,2,4,5,3,2,4,9,1,1,5,1,3,1,9,5,8,4,1,2,5,6,5,5,4,4,4,4,4,3,6,4,4,5,4,3,4,2,1,4,4,4,4,1,5,4,4,4,4,4,7,6,7,6,5,7,5,6,6,7,7,1,6,1,7,5,1,1,3,4,1,1,1,1,4,4,4,4,2,4,4,2,3,4,2,7,5,4,4,4,7,6,7,7,1,4
298,1,1,6,52,52,1,5,7,1,0,4,4,7,1,2,2,9,1,1,1,4,3,2,4,1,4,3,2,2,1,1,1,1,1,1,1,1,2,2,2,1,2,2,5,7,6,2,7,5,5,3,8,3,8,7,4,5,2,6,7,4,5,7,6,7,5,4,1,2,4,4,3,4,5,4,4,4,1,7,7,3,4,4,4,3,5,3,6,3,4,5,7,7,7,5,7,7,6,7,7,6,2,7,5,1,7,2,1,1,7,7,3,4,4,1,4,2,6,1,4,4,1,7,5,1,2,6,7,5,5,6,6,6,6,4,4,4
299,1,1,3,52,52,1,1,6,12,0,4,10,10,1,7,5,5,2,2,4,4,4,4,4,5,4,4,2,1,1,1,1,2,1,1,1,1,1,1,1,2,2,1,5,5,5,5,10,6,5,5,5,5,5,5,5,5,5,6,5,5,5,5,5,5,5,5,5,5,4,7,5,4,4,4,4,4,4,5,5,5,5,5,5,5,5,5,5,5,5,5,6,6,5,5,7,7,5,5,6,6,6,7,2,1,7,4,2,6,5,5,4,4,4,4,4,4,4,4,4,4,4,4,4,4,4,4,4,4,4,4,4,4,4,4,4,4
300,1,2,4,52,52,1,1,5,12,0,4,8,7,1,4,1,5,2,2,6,4,4,6,4,1,1,4,1,1,1,1,1,1,1,1,1,2,2,1,2,1,1,2,4,7,6,2,5,8,5,6,8,6,4,4,1,5,1,6,8,6,5,6,6,6,5,5,5,4,4,2,3,6,3,3,2,4,1,1,1,3,6,2,3,2,6,6,7,6,5,6,7,7,7,2,7,7,7,7,7,7,7,7,1,1,7,3,1,7,3,8,1,5,4,1,6,7,4,1,4,6,4,5,4,1,4,6,6,3,6,6,7,1,7,3,1,4
301,1,1,5,52,52,3,1,8,2,0,5,8,8,2,8,6,6,2,2,1,1,4,4,6,1,2,3,2,2,1,1,1,2,1,2,1,1,1,1,2,1,1,1,6,6,5,4,4,5,6,2,6,6,6,6,6,6,5,5,8,5,5,5,5,5,5,5,5,4,4,4,4,4,4,4,4,4,4,3,3,3,5,4,3,2,4,5,6,5,4,5,6,6,6,5,6,6,6,6,6,7,6,6,4,1,6,5,1,1,5,5,4,4,4,4,2,2,2,3,2,2,4,4,4,1,4,4,4,4,4,4,4,4,5,4,4,4
302,1,1,3,52,52,1,4,3,12,0,2,2,2,3,2,5,8,2,2,2,3,5,5,5,2,1,4,2,2,2,2,2,2,2,1,2,2,2,2,2,2,1,1,1,2,2,3,3,5,4,3,3,1,4,6,1,1,1,6,2,4,5,6,2,6,4,2,3,4,4,5,4,6,5,3,4,4,1,1,7,2,3,2,3,2,4,4,2,2,4,2,6,5,6,2,4,6,1,4,3,6,3,6,2,2,6,4,2,2,2,1,2,4,2,1,4,2,5,2,5,4,2,4,2,1,2,4,4,4,4,3,4,7,5,4,3,4
303,1,2,3,52,52,2,1,5,12,0,2,5,6,5,1,3,10,2,2,4,6,2,4,6,4,6,1,2,2,2,2,2,1,1,1,2,2,2,1,1,2,2,1,3,3,6,5,5,5,10,5,6,6,5,6,10,10,8,10,5,10,5,7,7,7,7,1,4,4,7,5,6,7,7,7,4,7,4,1,1,4,4,4,4,7,1,3,4,4,4,4,4,5,6,3,3,5,4,4,5,7,6,7,1,4,7,7,4,1,8,1,1,4,1,4,5,4,7,2,4,1,6,6,3,1,2,5,7,7,4,7,7,7,7,6,6,4
304,1,2,3,52,52,3,1,5,12,5,2,10,10,5,9,1,8,2,2,5,4,2,6,4,4,7,4,1,1,1,1,1,1,1,2,2,1,1,2,2,2,2,1,3,3,6,6,5,5,7,7,7,6,5,5,10,10,10,10,8,5,5,6,4,4,4,4,4,5,4,7,7,5,5,5,4,5,7,1,1,6,5,1,4,4,4,5,7,4,7,7,7,7,7,7,6,7,7,7,7,7,7,7,1,5,7,7,1,7,4,3,1,7,1,1,1,1,1,4,1,1,6,4,4,1,2,7,5,5,7,7,7,7,7,7,2,4
305,1,2,3,52,52,5,1,4,1,1,4,7,3,2,2,3,5,2,2,1,2,5,3,2,2,5,2,2,2,2,1,1,1,1,1,2,2,2,1,2,2,2,2,5,4,5,4,5,4,3,3,7,2,5,5,3,9,7,9,4,4,5,6,6,7,5,5,3,4,5,7,7,5,5,4,5,7,4,7,2,5,6,4,4,2,6,3,6,5,6,5,6,5,6,6,7,7,6,6,6,5,2,6,6,1,6,5,1,2,3,2,1,1,1,1,5,5,6,1,3,5,5,3,5,1,5,5,5,3,6,7,7,7,6,5,6,4
306,1,1,1,221,221,1,5,8,3,1,2,6,3,2,3,1,8,2,2,3,2,3,3,3,3,3,3,2,2,1,1,2,1,1,1,1,2,2,1,2,2,1,1,5,5,6,4,6,7,6,7,5,6,5,6,5,5,5,6,7,5,5,3,2,2,5,5,4,4,4,4,4,4,4,4,5,4,4,5,5,4,4,3,4,4,3,4,4,3,4,4,4,4,4,4,4,3,4,3,4,5,2,4,3,3,3,5,4,4,5,6,2,3,2,2,3,1,3,4,3,3,3,4,3,4,3,4,2,3,3,4,4,4,4,4,4,4
307,1,2,4,52,52,4,1,5,12,-5,3,10,10,8,10,8,6,2,2,5,6,2,6,4,2,7,5,1,2,2,1,1,1,1,2,2,2,1,2,1,1,2,2,4,4,7,7,5,4,2,1,4,1,2,3,3,4,4,7,4,7,5,7,7,7,7,7,4,3,5,7,7,4,7,3,4,7,1,1,1,7,3,6,6,7,4,4,7,7,7,3,7,3,7,2,7,7,5,7,7,7,7,7,2,7,7,6,1,1,1,10,1,1,1,1,1,1,1,6,1,1,2,2,6,1,4,6,7,2,7,7,7,7,7,7,6,4
308,1,2,2,52,52,1,4,3,10,1,4,9,2,6,7,3,4,2,2,4,4,4,5,4,1,6,4,1,2,2,1,2,1,1,2,2,1,1,2,1,1,2,1,2,2,8,7,7,10,4,4,4,4,5,6,7,8,8,7,4,8,5,5,6,6,6,5,4,4,6,6,7,6,6,6,6,6,4,1,3,1,4,2,3,6,5,5,6,6,7,5,7,4,6,2,7,5,5,5,5,7,6,6,1,1,7,6,1,1,5,3,1,1,1,1,4,4,4,4,1,4,5,3,3,1,3,4,4,4,6,4,7,5,4,4,4,4
309,1,1,2,52,52,1,1,5,12,-1,4,8,10,2,7,10,4,2,2,2,2,1,5,5,4,2,2,1,1,1,1,1,1,2,1,1,2,1,2,2,2,2,2,2,3,5,4,10,7,1,2,5,1,6,1,5,3,4,6,3,5,5,7,7,7,7,3,3,5,6,5,5,6,5,5,4,5,1,1,1,6,2,5,1,5,5,5,7,7,1,7,7,7,7,7,7,7,7,7,7,7,7,7,7,1,7,7,7,1,2,3,3,1,5,1,7,7,7,7,7,7,3,7,7,7,7,7,7,2,7,7,7,7,7,1,5,4
310,1,2,1,52,46,1,4,4,12,-2,4,5,4,2,1,1,5,2,2,2,1,5,6,5,1,1,6,1,2,2,1,2,2,2,1,1,1,1,2,2,1,2,2,5,2,4,2,2,3,1,1,6,1,2,1,1,1,1,3,4,8,5,7,6,5,5,3,5,6,4,2,2,6,5,2,1,2,1,2,2,5,5,1,3,3,5,6,6,6,4,6,7,6,7,5,7,7,6,6,6,5,3,7,4,1,6,5,1,1,6,1,1,1,1,1,6,6,1,1,6,7,5,6,2,1,2,6,6,2,5,6,7,7,6,5,2,4
311,1,2,5,52,52,3,1,6,2,0,4,6,6,2,6,3,6,2,2,4,2,4,5,4,2,5,4,1,1,2,1,1,1,1,2,2,2,2,2,2,2,2,2,6,6,5,4,6,6,5,3,6,6,3,6,5,3,5,7,5,6,5,6,6,5,4,5,5,4,4,4,4,6,6,4,5,6,1,7,7,2,6,2,2,4,6,5,6,5,4,6,7,7,6,5,6,7,5,5,6,7,7,6,1,1,7,5,2,1,2,2,1,2,1,1,3,3,1,1,3,3,4,6,4,2,2,4,6,4,5,7,6,7,6,6,4,4
312,1,2,5,52,52,2,1,7,12,2,4,7,3,3,4,8,7,2,2,1,5,4,2,6,1,6,1,1,2,1,1,1,1,1,2,2,2,1,2,1,1,2,1,3,3,6,6,6,4,4,4,4,2,5,4,10,8,9,6,4,8,5,7,7,7,6,4,4,4,4,7,5,6,6,4,5,6,4,1,2,4,3,3,3,4,5,5,7,5,6,6,6,7,7,7,6,7,7,7,7,6,6,7,4,1,7,5,1,1,3,3,1,1,1,1,4,1,1,4,1,1,1,2,3,1,4,6,7,6,7,6,5,7,7,2,4,4
313,1,2,2,52,52,2,4,6,12,-1,5,7,3,5,6,1,6,2,2,5,2,5,5,2,1,2,6,2,1,2,1,1,1,1,1,1,1,2,1,2,1,2,2,6,2,6,3,4,7,5,3,8,2,6,7,3,2,2,4,9,7,5,6,5,5,5,5,5,2,4,4,3,6,3,4,3,4,2,1,6,5,5,4,5,3,3,3,5,5,3,3,5,5,7,4,7,5,5,6,5,4,2,7,1,1,6,4,1,2,3,9,1,2,1,1,6,6,6,1,5,6,3,3,4,1,5,5,6,3,6,6,6,7,6,3,2,4
314,1,1,4,52,52,3,1,6,12,2,4,6,7,5,6,5,5,2,2,1,2,4,3,5,1,4,4,2,2,1,1,1,1,1,1,1,1,2,1,2,1,2,2,6,6,6,3,7,7,7,5,8,5,6,6,8,7,7,4,6,7,5,7,7,6,5,4,2,4,5,6,5,7,6,3,3,5,1,1,1,5,3,5,6,4,4,3,7,6,5,7,6,6,7,7,7,7,6,7,7,6,6,6,3,7,7,6,7,7,4,3,1,1,1,1,3,4,4,4,4,4,3,3,4,1,4,6,7,5,5,7,7,6,7,3,3,4
315,1,2,4,52,52,4,1,5,2,-2,2,5,4,1,5,6,4,1,1,2,2,4,3,4,2,4,4,2,2,2,2,1,2,2,1,2,2,1,1,2,1,2,2,5,5,6,6,5,5,5,5,5,5,5,5,5,5,5,6,5,5,5,6,6,6,5,4,4,4,6,6,5,5,3,4,4,4,4,5,5,4,5,4,4,4,4,4,6,5,5,5,4,5,6,4,6,7,4,6,6,6,3,7,1,1,7,3,2,1,1,7,1,5,1,1,7,7,7,1,7,7,6,3,3,1,3,6,7,4,7,6,7,7,6,6,1,4
316,1,2,4,52,52,3,1,5,1,-3,4,8,7,3,7,2,4,1,2,2,2,1,5,3,3,4,4,1,1,1,1,1,1,1,2,1,1,1,2,1,1,2,1,2,2,7,7,2,6,5,5,6,6,5,5,5,5,5,5,6,6,5,7,7,7,6,6,2,2,5,6,5,6,4,2,4,4,1,7,2,5,5,5,5,4,4,3,6,2,2,1,6,7,7,4,7,7,6,6,7,7,7,7,1,1,7,2,1,1,9,9,1,1,1,1,4,1,4,4,2,4,2,2,4,1,2,4,6,4,5,7,7,6,7,4,1,4
317,1,2,3,52,52,1,3,5,1,0,3,8,10,1,8,5,8,2,2,1,2,3,6,3,5,2,6,1,1,1,1,1,1,2,2,1,1,1,1,2,2,2,1,10,7,2,2,6,8,5,8,7,6,7,7,7,5,3,2,8,7,5,7,5,6,5,5,4,3,4,4,5,7,5,5,5,6,1,7,8,6,5,5,5,4,4,5,6,5,5,5,7,7,7,7,7,7,7,7,7,7,5,7,6,1,7,7,1,1,5,9,1,1,1,1,4,4,4,4,4,4,4,7,6,3,5,7,6,3,5,5,7,5,7,4,4,4
318,1,1,2,52,52,1,1,6,1,1,3,7,9,4,5,6,5,1,2,5,4,3,6,5,1,6,1,2,1,1,1,2,1,1,1,2,2,1,2,2,1,2,2,6,8,6,2,8,7,5,2,6,2,4,4,10,10,9,9,7,8,5,5,5,5,6,3,2,4,7,5,5,3,5,4,2,4,1,4,2,4,3,3,3,3,5,4,6,6,4,5,5,6,7,3,6,6,5,3,5,6,5,6,2,1,6,6,2,2,5,4,1,3,2,1,4,4,3,3,3,1,3,4,4,2,2,5,5,4,3,3,6,7,4,5,2,4
319,1,2,3,154,154,2,1,5,12,1,5,6,1,1,4,1,8,2,2,1,1,4,2,2,1,1,6,1,1,1,1,1,1,1,1,1,1,2,1,2,1,2,2,1,1,6,3,1,5,1,1,6,8,3,2,1,1,1,3,8,4,5,5,5,3,4,4,2,2,2,2,5,5,4,5,2,2,2,1,1,2,4,1,1,2,6,6,6,5,4,5,7,6,7,5,6,7,6,7,7,7,6,7,1,1,7,5,1,1,1,4,1,1,1,1,1,1,4,4,1,1,1,4,7,4,7,6,6,4,6,7,7,7,5,2,2,4
320,1,1,5,52,52,1,1,5,12,0,4,8,1,1,1,1,5,2,2,2,1,4,4,4,1,4,4,1,1,1,1,1,1,1,1,2,2,2,2,1,2,1,2,2,2,6,4,2,5,6,2,2,4,1,5,8,9,9,7,1,7,5,7,7,7,7,1,4,4,7,6,6,6,7,6,6,7,1,1,1,2,4,2,4,4,5,4,7,4,4,4,5,4,6,3,6,7,7,7,7,6,4,6,1,1,7,5,1,1,1,2,1,1,1,1,4,4,7,1,4,6,2,6,4,1,5,6,7,4,4,6,6,6,7,7,1,4
321,1,2,2,86,52,3,1,6,7,1,4,6,6,6,5,6,5,2,4,4,5,3,5,5,4,4,2,1,1,1,1,1,2,1,1,1,1,2,1,1,2,2,1,6,7,6,5,7,6,6,6,7,5,5,6,7,5,6,4,6,5,5,3,5,4,5,4,5,3,4,5,5,5,5,3,3,5,4,5,6,3,3,4,5,4,5,4,5,5,4,4,5,5,4,3,4,4,5,4,4,3,5,4,4,5,3,5,5,4,5,7,4,3,4,4,3,5,5,4,3,5,3,5,3,4,3,4,5,4,5,4,5,5,3,4,3,4
322,1,2,2,52,174,3,6,4,2,2,4,5,6,6,6,6,5,1,4,4,3,5,4,5,6,4,4,2,1,1,1,1,2,2,1,1,1,1,1,1,1,2,1,7,6,5,4,7,5,5,6,5,4,7,6,5,6,5,4,6,6,5,3,4,3,4,3,3,3,3,4,3,2,3,4,3,3,2,6,6,1,4,3,5,4,3,4,3,3,2,3,2,5,3,4,3,4,4,2,3,3,4,4,3,4,3,5,5,3,7,10,4,3,5,2,3,2,3,5,4,3,5,2,4,4,3,4,3,3,4,3,4,5,4,4,2,4
323,1,2,2,52,52,2,1,7,2,1,5,8,7,4,7,3,6,2,4,4,2,4,5,3,2,4,3,1,1,2,1,2,2,1,1,1,1,1,1,2,2,1,1,7,3,5,4,8,9,5,6,8,4,8,7,3,3,2,8,6,6,5,6,6,5,6,3,3,2,4,1,3,6,5,4,4,4,1,5,5,3,5,3,4,2,3,5,5,7,2,3,3,6,6,4,7,6,6,6,6,6,7,6,1,1,6,6,2,2,7,2,2,1,1,5,2,2,3,3,1,1,6,6,4,1,4,5,7,2,2,6,7,2,5,4,4,4
324,1,1,6,52,52,3,1,6,10,3,4,1,1,5,5,8,8,2,2,6,4,1,4,4,1,7,1,2,2,2,1,2,1,1,2,2,2,2,2,2,2,1,1,5,5,1,1,3,6,9,5,5,5,8,1,10,10,1,10,5,8,5,7,7,7,7,4,4,4,7,7,7,1,7,5,4,7,1,1,1,1,5,1,1,4,4,7,7,7,4,4,6,4,7,1,7,7,4,7,7,6,4,6,1,1,7,7,1,1,1,1,1,7,1,1,4,4,4,4,4,4,1,7,1,1,1,4,7,7,7,7,4,7,7,4,7,4
325,1,1,2,52,52,1,1,5,10,-1,4,10,10,1,10,10,4,2,2,2,3,1,5,2,4,2,3,1,1,1,1,1,1,2,1,1,2,1,2,1,1,2,2,2,2,5,4,6,6,1,1,2,1,5,1,4,4,4,6,4,5,5,7,7,7,7,3,2,4,5,5,5,4,4,5,4,4,1,1,1,6,3,5,4,7,5,5,7,7,1,7,7,7,7,7,7,7,7,7,7,7,7,7,7,1,7,7,1,1,1,3,3,1,3,1,7,7,7,1,7,7,1,1,7,7,7,7,7,3,7,7,7,7,7,1,4,4
326,1,2,1,52,52,1,1,5,1,0,4,8,7,4,1,4,6,2,2,1,5,3,5,4,4,4,1,1,1,1,1,1,1,1,1,1,1,1,1,2,1,2,1,5,3,7,6,2,7,6,7,5,6,1,3,3,1,5,9,10,5,5,6,4,4,4,5,2,1,4,2,4,5,6,3,4,4,4,2,1,4,6,3,3,2,4,5,7,5,1,7,6,6,7,3,7,7,5,7,7,6,7,7,1,2,7,5,1,2,1,2,1,1,1,1,3,5,4,4,1,3,1,1,5,1,4,7,7,4,7,4,6,7,6,7,1,4
327,1,2,2,235,235,1,6,8,12,5,1,9,9,2,9,1,6,2,2,1,4,4,4,3,1,4,4,1,1,1,1,2,1,1,2,1,1,1,1,2,1,2,1,6,6,3,3,3,4,2,4,5,3,5,5,5,5,4,7,5,5,5,5,5,5,5,4,5,4,4,1,5,5,6,4,4,5,1,6,6,5,6,5,6,5,4,6,7,5,6,5,7,7,7,7,7,7,7,7,7,7,7,7,4,1,7,7,1,1,6,8,1,1,1,1,5,4,4,3,1,4,4,4,4,1,2,5,4,6,6,6,6,6,6,5,4,4
328,1,1,1,52,52,2,4,7,1,0,3,5,7,8,3,4,8,1,2,2,3,4,4,5,1,4,2,2,1,1,1,1,2,1,1,2,2,1,2,2,1,1,1,10,7,5,1,9,6,9,8,6,6,6,7,7,6,8,2,6,6,5,1,3,3,3,4,3,3,3,3,4,7,5,5,4,6,5,7,6,5,5,6,5,4,7,6,6,6,3,6,4,5,5,4,4,4,3,4,4,4,4,5,3,5,4,3,4,3,6,5,5,4,3,4,6,2,3,5,3,4,1,4,4,2,6,5,4,5,2,4,7,3,7,5,5,4
329,1,2,2,174,52,3,1,9,2,4,6,9,9,9,9,9,9,2,2,7,6,7,7,6,1,7,7,1,1,1,2,2,2,2,1,2,1,1,1,2,1,1,2,5,5,6,6,5,5,6,6,6,5,6,5,5,5,5,6,5,6,5,4,4,4,4,4,4,4,4,4,4,4,4,4,4,4,4,8,7,4,4,4,4,4,4,4,4,4,4,4,7,7,7,7,7,7,7,7,7,7,7,7,7,1,7,7,1,1,5,5,1,1,1,1,4,4,4,4,4,4,4,4,4,4,4,4,6,4,4,6,4,4,4,4,4,4
330,1,2,4,52,52,2,1,9,12,4,8,8,9,8,8,10,9,2,4,4,6,6,5,4,6,4,5,2,1,2,2,1,2,2,1,1,2,1,2,2,2,2,2,7,7,2,4,9,10,8,8,7,8,9,9,9,9,10,1,10,8,5,4,6,5,4,5,5,5,5,4,7,6,1,5,3,7,6,1,1,5,3,3,5,3,7,7,6,6,5,6,3,3,6,7,2,6,5,4,7,7,7,7,7,7,7,7,7,7,8,10,7,6,5,5,6,5,6,3,6,3,5,5,4,4,6,4,4,4,6,6,6,5,6,5,6,4
331,1,2,4,52,52,3,1,3,2,-3,4,10,10,3,10,8,4,2,2,1,1,1,7,6,5,2,4,1,1,1,1,1,1,1,2,1,2,2,2,1,1,1,1,7,6,5,5,5,10,7,3,5,2,6,6,3,4,4,7,7,6,5,7,7,7,6,4,5,4,4,7,3,7,7,5,7,7,3,5,5,7,5,7,7,6,3,3,7,7,7,7,7,7,7,5,7,7,7,7,7,7,6,7,3,1,7,4,1,1,4,9,1,1,1,4,2,3,3,7,2,2,7,4,7,4,4,7,7,4,7,7,7,7,7,6,4,4
332,1,1,2,52,52,2,1,8,2,1,3,9,10,1,9,1,4,1,2,2,1,1,3,4,4,1,6,1,1,1,1,1,1,1,1,1,1,1,1,1,2,1,2,8,7,9,2,10,8,1,2,9,0,5,7,1,1,1,2,10,6,5,7,7,6,4,5,4,3,4,1,2,6,6,5,4,5,1,7,7,7,2,6,6,5,5,5,7,7,7,6,7,6,7,5,7,7,7,7,7,6,2,7,1,1,7,7,1,1,10,7,1,3,1,1,7,7,1,1,7,6,6,1,6,2,7,1,7,5,6,4,7,7,7,1,5,4
333,1,2,3,52,52,4,1,6,12,0,4,7,8,2,2,6,5,1,2,2,2,3,6,4,2,5,5,2,2,2,1,1,1,1,2,1,1,1,1,1,1,1,1,7,5,9,4,5,7,3,3,5,2,8,7,9,8,8,5,8,5,5,7,7,6,5,6,5,4,6,7,6,6,7,3,4,4,2,1,1,6,2,6,6,5,3,3,5,6,3,6,7,7,7,7,6,7,6,6,6,6,7,6,2,6,6,7,1,1,2,7,1,5,2,1,4,3,2,4,5,4,2,4,5,2,4,6,5,2,7,7,7,7,6,6,5,4
334,1,2,6,52,52,3,1,8,2,5,2,7,9,2,3,2,10,2,2,1,1,4,4,7,1,5,1,1,2,1,2,1,1,1,2,2,1,1,1,1,2,1,1,7,9,3,1,10,1,5,8,5,2,5,1,10,5,10,10,5,10,5,7,4,7,7,2,1,1,4,7,7,7,7,5,5,6,4,2,3,7,1,7,4,7,1,1,5,1,4,5,4,7,7,4,7,7,2,3,7,7,7,5,2,1,7,4,3,1,8,1,1,7,1,2,4,4,7,4,4,4,1,2,6,1,1,5,7,4,7,7,6,7,7,7,1,4
335,1,1,2,52,52,3,1,3,1,0,4,6,7,8,2,5,8,2,2,6,5,1,7,7,5,7,1,2,1,1,2,1,1,1,1,2,2,2,2,1,2,1,1,6,5,7,3,5,9,5,5,8,8,10,8,10,6,10,10,9,10,5,7,7,7,7,1,4,4,7,7,6,7,7,5,5,5,4,9,8,7,6,4,6,7,1,6,4,5,4,4,7,7,7,4,6,7,7,7,4,7,7,7,1,1,7,2,1,1,8,2,1,4,1,3,5,5,5,4,4,4,3,6,3,1,1,4,5,4,5,4,4,5,5,5,5,4
336,1,2,2,52,52,3,1,8,1,3,6,8,2,2,4,1,9,2,2,2,4,4,5,7,2,6,2,1,2,1,1,1,1,1,2,2,2,1,2,2,1,2,2,4,1,7,7,2,5,10,2,1,2,6,1,4,9,7,10,4,4,5,6,5,6,7,2,1,2,7,4,6,7,7,4,1,2,1,1,4,7,2,4,5,3,5,7,6,7,7,7,1,1,7,1,7,4,7,7,7,1,1,7,1,1,6,2,1,1,1,5,1,1,1,1,7,7,7,1,4,7,2,5,2,1,4,7,7,4,7,7,7,7,7,3,7,4
337,1,2,5,52,52,4,1,4,2,0,4,8,8,1,6,1,6,2,2,4,5,1,6,5,1,2,5,1,1,1,1,1,1,1,2,2,1,1,2,2,1,2,2,6,7,8,5,9,5,7,3,6,3,4,4,4,2,1,5,10,6,5,7,7,5,5,4,2,4,5,5,3,6,6,5,5,6,1,4,1,6,2,5,5,3,6,5,7,6,4,6,7,6,7,5,7,7,7,7,7,6,5,7,4,1,7,3,1,1,1,6,1,4,1,1,4,5,5,4,4,6,1,6,4,3,4,6,6,2,6,6,7,7,7,4,2,4
338,1,1,1,52,52,1,1,5,10,1,4,4,1,7,2,3,7,2,2,1,2,2,3,4,1,5,2,2,2,1,1,1,2,1,2,2,2,2,2,1,2,2,1,7,4,5,5,5,9,4,4,4,7,5,5,8,10,9,9,8,8,5,6,7,7,6,3,2,4,6,4,5,5,5,4,1,2,1,1,1,5,5,3,5,6,1,3,1,2,4,2,6,5,6,1,7,5,2,2,2,5,2,5,1,1,2,6,6,1,7,1,1,1,1,1,5,2,6,3,2,2,5,6,2,1,1,5,7,3,6,6,6,5,6,4,5,4
339,1,1,4,52,52,3,1,7,2,3,6,8,6,7,5,2,3,2,2,4,2,4,3,2,2,4,2,2,2,1,2,2,1,1,2,1,2,2,2,2,2,1,2,5,6,6,5,6,7,4,3,3,5,5,6,5,7,5,8,6,5,5,5,5,4,3,4,4,5,4,3,5,3,5,5,4,4,4,3,1,3,5,3,3,6,3,4,4,3,3,4,4,4,5,3,4,5,3,4,4,5,5,3,4,3,6,5,2,4,6,3,4,3,5,1,4,4,5,5,6,4,4,5,4,1,3,4,3,4,5,4,4,3,2,4,5,4
340,1,1,4,105,52,3,2,5,1,0,5,5,5,5,5,5,7,2,2,4,4,4,4,4,4,4,4,1,1,2,1,1,1,1,2,2,1,2,1,1,2,1,1,5,5,6,6,5,5,5,5,5,5,5,5,5,5,5,6,5,5,5,4,4,4,4,4,4,4,4,4,4,4,4,4,4,4,4,3,5,4,4,4,4,4,4,4,4,4,4,4,4,4,4,4,4,4,4,4,4,6,5,6,4,3,7,3,2,2,5,5,1,1,1,1,4,4,3,5,3,4,1,3,4,3,4,4,4,4,4,4,4,4,4,4,4,4
341,1,2,4,52,52,4,5,1,12,0,4,8,9,1,1,1,2,2,2,1,4,1,7,4,1,1,4,2,2,1,1,1,2,1,1,1,1,1,1,2,2,1,2,4,4,8,8,8,8,7,6,8,6,6,5,8,10,8,8,8,8,5,7,7,7,7,1,4,4,7,7,7,7,7,1,4,6,1,1,1,7,1,7,7,7,1,1,6,1,4,6,4,7,7,7,7,7,7,7,1,4,7,7,7,1,7,7,1,1,1,10,1,1,1,1,4,4,4,4,4,4,1,1,6,1,6,4,5,2,6,3,6,7,6,6,1,4
342,1,1,5,52,52,3,1,8,1,0,2,10,7,2,7,1,8,2,2,1,1,4,3,5,1,5,2,2,2,1,1,1,1,1,2,2,2,2,1,1,1,2,2,7,7,3,4,8,10,10,3,4,2,8,4,8,10,7,8,8,5,5,7,7,7,5,5,3,6,5,5,3,6,5,2,3,3,1,1,1,5,5,5,2,2,5,5,7,5,3,5,5,7,7,7,7,7,6,6,7,6,6,7,6,7,7,4,6,7,3,10,1,3,3,4,3,1,5,5,1,1,7,6,5,3,3,7,7,5,7,7,7,7,7,7,4,4
343,1,1,4,52,52,1,1,5,1,0,4,7,6,5,5,3,5,2,2,2,2,5,3,4,1,5,2,2,2,2,2,1,2,1,1,2,2,2,2,2,1,2,2,4,5,5,5,5,6,5,3,5,5,5,4,8,3,8,8,6,6,5,7,6,6,5,4,4,4,5,4,6,5,5,4,4,5,3,3,1,3,5,3,3,3,5,6,7,5,4,7,5,5,5,4,5,6,4,6,6,5,4,5,1,1,6,6,1,4,4,2,1,3,1,1,4,4,4,4,4,4,4,6,5,1,2,5,4,4,6,6,6,6,6,6,3,4
344,1,1,1,52,52,1,4,6,1,-1,3,5,5,3,4,6,6,2,2,4,4,5,5,6,3,2,4,1,1,1,1,1,1,1,1,1,1,2,1,2,1,2,2,5,3,4,3,7,7,4,5,8,3,7,7,2,3,2,6,5,7,5,5,5,6,5,3,3,2,3,4,2,4,5,3,3,2,1,2,5,6,4,4,5,3,5,5,5,5,5,5,5,4,5,3,6,5,5,6,5,4,1,7,1,1,6,6,2,2,6,7,1,2,1,2,6,5,3,1,5,5,1,6,2,1,1,5,5,3,4,4,5,5,6,5,2,4
345,1,2,2,52,52,1,2,2,12,-1,6,9,5,5,5,1,3,2,2,6,4,4,6,4,1,1,3,2,2,1,1,1,1,2,1,1,2,2,1,2,1,2,2,3,6,3,2,5,8,6,2,5,2,5,9,2,1,2,3,3,7,5,7,6,5,5,2,4,5,3,4,2,1,3,1,1,1,1,1,1,2,2,2,1,2,5,6,5,3,2,2,7,6,7,3,4,6,2,4,2,6,1,7,1,4,7,4,1,7,8,1,1,5,5,1,2,3,6,4,3,4,1,6,4,1,1,7,7,2,4,2,7,7,7,1,1,4
346,1,1,4,52,52,1,5,3,12,0,2,10,10,4,10,1,2,2,2,1,4,4,6,4,3,1,4,1,1,1,1,1,1,1,1,1,1,1,1,2,1,2,2,7,2,2,3,5,2,7,1,9,8,5,9,1,1,1,6,9,9,5,7,4,7,3,5,2,1,4,4,4,1,4,4,4,4,4,1,1,1,3,4,4,6,1,5,3,4,2,2,7,7,7,1,7,7,1,1,1,7,7,7,1,1,7,7,1,1,10,1,1,1,1,1,4,4,4,4,4,4,1,7,1,1,1,7,7,4,5,4,7,7,7,4,4,4
347,1,1,3,52,52,3,3,5,3,0,3,7,4,7,3,10,5,2,2,4,4,4,3,3,4,4,4,2,1,1,2,2,2,1,2,1,1,1,2,2,1,1,1,5,6,6,5,6,6,6,5,6,6,6,6,6,5,5,6,6,5,5,4,2,4,3,4,4,4,4,4,4,3,3,4,4,5,4,6,6,5,5,4,5,4,4,4,4,4,5,4,4,3,3,4,4,4,4,3,4,4,4,4,4,3,4,4,4,4,5,5,3,3,4,3,4,1,4,2,5,4,4,4,3,4,6,3,4,3,5,5,4,4,3,4,4,4
348,1,2,1,52,94,1,1,5,2,0,4,6,6,1,5,1,8,2,4,1,5,6,6,4,1,3,3,1,1,2,1,1,1,1,2,1,2,1,2,1,2,2,2,6,7,9,5,10,6,7,2,5,2,5,6,4,3,2,6,7,6,5,7,7,6,4,3,5,4,4,5,3,6,6,6,4,6,1,2,2,5,5,4,5,4,3,3,5,5,3,4,6,4,6,6,6,6,6,6,6,7,3,7,1,1,6,6,1,6,2,5,1,1,1,1,5,3,6,1,3,4,1,4,3,1,1,7,7,2,5,5,7,7,7,5,2,4
349,1,2,2,115,52,2,1,6,12,0,5,5,6,6,6,8,5,1,2,4,3,4,6,6,6,3,4,1,2,1,1,1,1,1,1,1,1,1,1,1,2,1,1,7,7,4,5,6,6,7,6,8,7,7,6,6,6,7,5,6,6,5,7,7,5,4,4,5,4,4,4,5,5,4,3,5,4,5,8,6,5,5,5,3,5,3,3,3,5,5,5,5,5,6,1,5,5,5,5,5,5,5,7,1,1,5,5,1,1,7,7,5,1,1,1,4,4,4,4,4,4,6,6,2,1,1,4,4,4,4,4,4,4,4,3,4,4
350,1,2,5,52,52,3,1,7,12,0,4,10,10,2,3,1,8,2,2,1,1,4,6,4,1,4,3,2,1,1,1,1,1,1,2,1,2,1,2,1,1,2,1,8,6,4,1,5,3,5,3,3,2,4,2,3,7,8,6,8,3,5,6,3,6,4,4,1,3,3,6,3,5,5,4,3,4,2,4,6,3,6,3,4,3,6,6,6,5,5,6,6,5,6,4,7,6,5,7,4,5,4,4,1,1,6,5,1,1,2,2,1,1,1,1,4,4,4,4,4,4,3,2,6,2,2,6,6,6,7,7,7,7,6,5,5,4
351,1,2,4,52,52,3,1,8,1,0,5,3,2,1,4,1,6,2,2,3,1,3,3,1,4,1,7,2,2,2,2,1,1,2,1,1,2,2,1,1,2,2,2,4,2,8,8,4,5,1,1,5,1,1,1,1,2,1,4,5,3,5,5,5,3,1,4,3,3,1,4,3,3,3,1,3,1,1,2,2,5,6,1,3,3,6,6,3,5,3,5,7,7,7,5,6,6,5,4,6,7,5,7,1,1,7,5,1,1,1,8,1,4,3,1,4,4,4,4,4,4,5,7,4,1,3,7,7,4,4,7,7,7,7,5,1,4
352,1,1,4,182,52,3,1,5,4,5,5,1,1,10,1,1,10,2,2,4,4,4,4,4,4,7,1,2,2,2,2,2,2,1,1,2,2,2,2,1,2,1,2,1,1,10,10,1,10,10,10,10,0,10,10,10,10,10,10,10,10,5,7,7,7,7,1,7,4,1,7,7,7,7,7,7,7,1,1,1,7,1,1,1,7,1,1,1,1,1,1,6,1,6,1,5,4,4,1,1,4,1,7,1,5,4,5,6,1,10,1,1,1,1,1,1,1,4,7,1,4,1,7,1,1,1,1,4,1,1,7,4,1,4,1,1,4
353,1,1,1,52,52,1,4,2,2,0,3,10,3,2,4,3,3,1,4,2,3,4,6,7,4,4,6,2,2,2,2,1,1,2,1,2,2,2,1,2,2,2,2,7,1,6,5,1,10,5,7,9,2,1,3,4,1,1,1,10,10,5,7,6,7,7,1,5,4,6,3,4,7,7,7,6,7,1,1,10,4,3,1,5,7,1,1,1,1,1,1,4,6,7,5,7,4,1,3,1,5,4,7,1,1,4,5,2,5,10,1,1,3,3,3,1,1,4,4,1,7,1,1,1,1,1,3,7,1,1,3,4,3,7,6,4,4
354,1,2,4,52,52,4,1,5,1,1,4,5,6,2,2,1,9,2,2,2,1,1,3,4,2,3,2,2,1,1,1,1,1,1,1,2,1,2,2,2,1,2,2,5,4,4,3,5,6,6,2,5,3,5,3,6,4,5,6,4,3,5,6,6,5,5,4,2,3,5,3,3,5,6,5,4,4,1,5,5,3,4,2,2,2,5,5,6,5,5,5,7,6,6,5,7,6,7,7,7,7,5,6,1,2,7,5,1,7,3,7,1,3,1,1,5,5,4,1,3,5,2,5,5,1,2,6,6,4,6,6,7,7,7,3,4,4
355,1,1,2,52,52,1,1,6,2,0,5,2,3,4,1,1,4,2,2,2,3,3,2,5,2,1,5,2,2,1,2,1,1,1,1,2,2,2,1,2,1,2,2,7,3,5,3,4,1,9,1,5,1,1,7,3,1,1,7,2,8,5,5,5,4,6,5,3,4,5,2,4,6,5,4,5,5,1,3,2,3,5,1,1,1,6,7,5,6,6,4,7,7,7,3,7,7,7,7,7,5,1,1,1,1,6,7,1,1,1,3,1,1,1,1,5,4,7,1,2,6,7,7,1,1,1,7,6,4,6,5,7,6,6,6,2,4
356,1,2,4,52,52,3,1,4,11,-1,3,3,4,9,3,3,7,2,2,4,4,3,6,2,1,6,1,2,1,2,2,1,1,1,1,2,2,2,1,1,1,2,2,3,5,7,8,8,9,7,8,8,5,8,8,8,8,8,10,8,8,5,7,7,6,7,2,5,4,6,7,5,7,7,6,7,5,1,6,8,7,2,2,3,7,2,2,5,3,6,2,6,6,7,2,7,5,1,4,2,7,4,7,1,1,7,6,2,1,7,1,1,5,5,1,4,4,4,4,4,4,1,5,5,1,1,5,7,3,3,7,7,7,7,3,3,4
357,1,2,2,52,52,2,1,5,2,-1,4,9,7,8,3,5,9,1,2,2,5,3,4,4,2,5,5,2,1,1,1,1,2,2,1,2,2,1,1,2,2,2,2,3,5,6,3,4,6,7,8,7,8,4,8,9,7,6,6,5,7,5,2,2,6,6,5,3,4,6,6,6,5,4,4,7,4,1,2,5,1,6,2,3,3,7,2,7,4,5,5,7,7,7,4,6,7,6,6,7,5,6,4,2,3,4,6,1,5,6,5,1,4,1,1,2,1,1,5,1,1,5,3,5,1,1,6,7,4,5,6,5,5,5,7,3,4
358,1,2,3,52,52,3,2,10,2,0,4,10,10,2,6,1,10,2,4,4,1,6,7,4,1,5,2,2,2,2,2,2,2,2,2,1,2,1,1,2,1,2,2,5,10,9,7,3,10,3,10,8,3,4,5,10,10,10,7,4,7,5,7,7,7,7,1,1,1,7,7,6,7,7,7,7,7,4,1,2,7,1,7,7,7,1,1,7,2,5,7,7,7,7,7,7,7,7,7,7,7,7,7,7,4,7,7,1,1,10,6,1,6,1,6,1,1,1,7,1,1,7,3,5,1,2,6,7,4,7,7,7,7,7,5,1,4
359,1,1,3,189,52,1,3,6,1,1,4,7,6,5,9,5,8,2,2,4,4,3,3,2,5,4,2,2,2,1,1,1,2,1,2,1,1,1,1,1,2,1,1,4,2,4,3,5,3,7,4,7,7,3,7,6,4,7,6,7,6,5,5,4,5,4,6,4,4,4,5,5,4,4,4,4,3,3,9,7,4,5,3,3,2,5,6,5,5,5,5,5,7,7,4,7,7,7,7,6,5,5,6,3,5,6,6,7,6,6,7,1,1,1,1,4,4,4,4,4,4,3,4,4,1,3,6,5,5,5,6,7,6,7,5,5,4
360,1,2,5,52,52,3,6,6,2,0,4,3,2,1,1,2,9,2,2,4,4,1,6,4,5,2,4,2,2,2,2,1,1,1,2,1,2,2,2,2,2,2,2,3,6,9,9,7,5,6,5,8,5,7,5,5,5,5,6,4,7,5,7,7,6,6,3,1,4,7,4,4,5,6,5,5,5,2,3,6,6,3,4,3,4,2,5,7,6,4,5,7,7,7,2,7,6,4,7,7,7,7,7,1,1,7,5,1,1,4,4,1,4,1,1,5,7,4,5,4,6,3,6,7,1,6,7,7,4,7,6,7,7,6,4,6,4
361,1,2,2,52,52,1,1,5,3,-3,6,8,8,3,7,10,9,2,2,4,2,4,5,5,1,5,5,1,1,1,1,2,2,1,2,1,1,1,2,2,1,2,2,5,5,6,6,5,5,5,2,5,1,5,2,8,8,3,3,9,8,5,6,5,5,4,4,2,2,6,6,5,6,4,4,4,6,1,7,6,3,5,2,2,2,6,5,7,7,6,6,7,7,7,7,7,7,7,7,7,7,7,7,7,2,7,7,1,1,1,8,1,1,1,1,4,4,4,4,4,4,6,4,6,1,5,6,6,4,7,7,7,7,6,4,7,4
362,1,2,5,52,52,3,6,8,2,0,4,7,7,2,3,2,9,2,2,2,1,4,5,4,1,2,4,2,2,1,1,1,1,1,2,1,2,2,2,2,2,2,2,3,4,2,2,7,5,3,3,2,5,3,2,3,2,3,4,2,4,5,6,6,7,5,5,4,4,2,4,4,5,5,4,4,4,1,7,3,3,5,2,2,3,6,4,6,6,4,3,5,6,7,5,7,7,5,6,6,6,6,6,2,7,7,5,1,7,3,8,1,1,1,1,5,6,6,1,3,6,2,5,5,1,2,7,6,5,6,6,7,6,6,6,2,4
363,1,2,4,52,52,1,1,6,2,1,4,8,8,2,4,2,9,2,2,3,3,2,5,3,5,5,4,1,2,1,1,1,1,1,1,2,1,2,2,2,1,1,1,6,4,8,5,5,7,4,3,6,6,6,5,8,8,9,6,7,7,5,6,5,6,4,4,3,4,5,6,5,6,5,3,4,5,3,7,5,5,3,5,5,4,5,3,5,5,2,5,5,6,6,5,5,6,5,5,5,6,6,7,2,1,7,5,1,1,3,3,2,2,1,1,5,6,6,1,5,6,2,4,3,3,2,5,6,6,5,6,6,5,7,4,5,4
364,1,1,3,52,52,1,2,5,12,0,4,8,8,1,8,1,10,2,2,1,2,6,2,1,1,1,3,1,1,1,1,1,2,1,2,1,1,1,1,2,1,2,2,5,1,4,4,5,5,5,1,2,6,2,1,1,1,1,6,5,3,5,6,4,4,2,6,1,1,1,1,4,2,1,1,4,1,1,1,1,5,7,1,1,1,7,6,2,4,4,2,7,7,4,4,7,7,4,4,7,6,5,7,1,5,6,7,1,1,5,5,1,1,1,1,4,4,3,1,1,3,1,6,2,1,1,7,7,4,7,4,7,7,7,4,1,4
365,1,2,3,52,52,1,1,8,2,-3,6,8,7,5,6,2,6,2,2,5,4,4,5,4,1,2,5,1,1,2,1,1,1,1,1,1,1,1,2,2,2,2,2,5,4,7,4,8,9,5,2,6,4,4,4,2,1,2,4,8,7,5,6,5,5,4,5,5,5,3,3,4,3,3,3,2,2,1,2,3,5,6,4,3,2,6,3,7,5,2,5,5,5,7,4,6,6,5,5,7,5,5,6,2,1,6,5,1,1,5,3,1,1,1,1,5,6,3,1,5,5,5,6,2,1,1,6,7,1,5,6,7,6,6,3,1,4
366,1,2,3,52,52,1,6,5,12,0,1,5,5,5,3,5,8,2,1,4,7,4,4,4,4,7,1,2,2,2,2,2,2,1,2,2,2,2,2,1,2,1,1,1,1,6,6,5,5,5,3,5,5,5,5,10,10,10,10,5,5,5,4,4,4,4,4,4,4,4,7,7,4,4,4,4,7,4,1,7,4,4,4,4,4,4,4,7,6,7,4,7,7,7,4,7,7,7,7,7,7,7,7,3,5,6,7,6,7,5,1,1,1,1,1,4,4,4,4,4,4,6,7,3,1,3,4,4,4,4,4,4,4,4,4,4,4
367,1,2,3,52,52,2,1,6,12,0,4,8,8,2,8,10,6,2,2,4,4,2,5,5,1,3,2,1,2,2,1,1,1,1,2,1,1,1,1,2,2,1,1,5,5,3,2,9,8,3,2,10,2,2,2,7,10,7,7,8,5,5,7,6,3,5,5,2,3,5,5,4,5,6,3,3,4,1,1,1,5,6,7,7,5,3,2,5,7,7,6,7,7,7,6,7,7,7,7,7,7,7,7,1,7,6,7,1,2,6,1,1,1,1,1,4,4,4,4,2,4,3,3,5,1,3,7,7,4,7,7,7,6,6,3,6,4
368,1,2,4,52,52,3,1,7,12,-2,4,9,9,6,9,4,3,1,2,2,1,2,6,5,1,5,2,1,2,1,1,1,1,1,1,2,1,1,1,2,2,2,2,8,6,3,2,6,7,5,3,5,3,4,3,7,7,8,8,6,7,5,7,6,6,6,4,2,3,5,5,6,5,6,2,3,2,1,2,2,4,5,2,3,2,6,5,6,6,6,6,7,6,7,4,6,7,5,6,7,7,6,7,1,5,6,5,2,1,5,7,1,1,1,1,5,6,4,2,4,5,2,4,4,1,2,5,5,5,6,6,7,1,6,7,1,4
369,1,2,5,52,52,4,2,3,12,0,6,9,2,9,1,1,9,2,2,1,7,5,7,6,1,5,2,2,2,2,2,2,1,1,2,2,2,2,2,2,1,2,2,3,4,8,10,5,3,9,4,5,3,5,8,10,3,5,7,4,6,5,7,5,5,7,3,4,4,7,7,6,7,5,5,4,6,1,2,3,3,5,1,1,6,1,1,2,2,3,2,5,6,7,1,3,3,1,1,2,5,4,6,1,2,5,5,4,4,10,10,1,1,7,1,4,2,4,5,4,1,1,6,2,1,1,6,6,4,3,7,7,6,6,7,3,4
370,1,2,2,52,52,3,1,5,11,0,4,8,9,2,7,5,5,2,3,5,5,1,5,6,4,4,4,1,1,1,1,1,2,1,1,1,1,1,2,1,2,2,1,8,7,9,9,9,9,1,10,10,5,3,2,5,1,1,5,9,5,5,4,4,4,4,4,1,1,4,4,2,6,7,4,7,4,1,10,10,7,3,4,7,4,4,5,7,5,7,7,7,7,7,6,7,7,7,7,7,6,6,6,4,7,7,5,6,6,2,7,1,6,5,1,7,7,7,1,7,7,4,7,1,1,4,7,4,4,7,7,7,5,7,1,4,4
371,1,2,4,52,52,1,5,4,1,0,2,10,5,1,7,4,1,1,1,5,4,1,7,7,1,5,4,1,1,1,1,1,1,1,1,1,1,2,2,1,2,1,2,7,8,4,1,8,8,7,7,10,6,7,7,6,1,7,10,8,4,5,6,5,7,5,5,4,4,6,3,5,5,5,4,5,6,1,2,4,1,5,2,4,3,5,5,5,5,5,5,5,6,7,5,7,7,3,7,7,3,7,7,1,1,7,3,1,1,1,9,1,2,3,1,5,7,7,3,7,7,4,5,5,4,5,4,7,1,6,4,7,7,7,3,1,4
372,1,1,4,52,52,1,1,5,1,1,2,6,6,5,5,5,8,2,2,5,5,5,4,5,7,7,1,2,1,1,1,1,1,1,1,2,2,2,1,2,1,1,2,7,6,1,1,9,7,6,2,6,6,5,5,10,8,8,10,1,4,5,5,3,5,5,5,5,5,6,6,3,2,5,2,2,5,1,2,8,1,6,1,7,2,6,7,6,6,6,4,7,7,7,5,7,6,6,7,7,2,1,7,1,1,4,7,1,1,1,1,1,1,1,1,6,7,7,1,7,5,5,7,1,1,1,6,7,4,6,6,7,7,6,6,7,4
373,1,2,5,52,52,3,1,8,12,0,2,10,10,4,10,10,2,2,2,1,1,4,2,5,2,4,4,1,1,1,1,1,1,1,2,1,2,1,2,1,1,2,1,4,3,6,6,5,10,6,5,5,5,7,7,7,7,5,5,5,5,5,7,7,7,5,5,4,4,4,4,4,4,7,4,5,4,1,1,1,4,2,2,3,3,4,4,7,1,1,3,7,3,7,1,2,7,7,7,7,7,4,7,1,1,7,1,1,1,8,6,2,5,7,2,1,1,1,3,1,1,6,1,4,1,7,4,4,7,7,7,4,4,7,4,7,4
374,1,2,4,52,52,3,1,5,12,0,4,3,5,3,2,1,5,2,2,4,4,4,4,4,4,4,4,2,2,1,1,1,1,1,2,1,2,2,1,2,2,2,2,2,3,8,7,2,3,3,4,10,7,10,3,3,4,4,8,8,7,5,7,5,5,5,3,4,4,6,5,4,5,4,4,4,4,1,1,1,4,4,4,4,4,4,4,4,5,4,4,7,7,7,6,7,7,7,6,7,7,7,7,2,1,7,7,1,7,2,1,1,4,1,1,4,4,4,4,4,4,7,6,5,2,5,7,7,5,7,7,7,7,7,5,3,4
375,1,2,1,52,52,2,1,4,10,-3,4,9,8,1,6,1,7,1,3,7,3,3,6,5,1,1,4,2,1,2,1,1,1,2,2,1,1,1,1,2,1,2,2,8,4,5,3,10,10,2,1,7,3,4,3,2,2,2,4,10,6,5,6,7,5,5,3,4,3,4,5,3,6,5,2,5,3,1,1,6,5,5,2,5,5,5,7,6,5,7,5,7,7,7,5,7,7,7,5,7,7,7,7,1,1,7,7,1,1,1,10,1,1,1,1,6,3,7,1,4,7,2,6,5,1,6,7,5,1,5,6,7,7,6,5,1,4
376,1,2,5,52,52,3,3,5,12,0,4,8,6,3,3,1,9,1,2,1,1,1,3,4,1,2,4,2,2,1,2,1,1,1,1,2,1,2,1,2,1,2,2,5,5,5,5,6,7,8,2,6,5,6,6,2,2,1,6,6,5,5,6,6,5,5,4,3,3,5,6,3,2,3,1,1,2,1,1,1,1,7,1,2,1,6,6,6,4,5,5,7,7,7,2,7,7,7,7,7,7,4,7,1,1,7,5,1,7,3,6,2,4,4,1,5,5,5,1,1,5,1,3,6,1,1,5,6,4,6,6,7,5,6,3,4,4
377,1,1,2,52,52,3,1,7,1,0,6,6,6,3,4,3,6,2,2,2,5,4,4,4,2,3,2,1,2,2,1,1,1,1,2,2,2,2,1,2,1,2,2,5,4,5,5,4,5,2,2,4,6,3,2,8,4,6,6,5,7,5,6,5,4,5,4,4,4,4,4,5,4,5,1,2,1,1,2,3,6,3,5,4,2,5,5,6,7,2,6,5,4,6,1,6,7,5,7,7,6,4,7,1,1,7,4,2,1,3,2,1,1,1,1,3,4,4,4,4,4,6,5,4,1,1,4,5,2,5,7,7,5,5,6,4,4
378,1,1,5,52,52,3,1,7,1,0,6,6,6,1,5,1,7,2,2,1,1,2,3,5,1,1,2,1,1,1,1,1,1,2,1,1,1,2,1,2,1,2,2,5,3,6,3,9,1,3,3,7,6,6,7,2,2,2,5,3,10,5,6,3,5,2,5,1,1,3,1,3,5,2,2,2,2,1,3,3,3,5,1,1,2,5,6,5,5,5,3,6,6,7,5,7,6,6,5,6,6,4,7,1,1,7,3,2,5,3,9,1,1,1,1,2,2,4,5,1,2,4,6,3,1,3,6,6,1,5,7,7,6,6,5,1,4
379,1,2,4,52,52,1,1,5,2,0,6,5,5,3,5,4,5,2,2,1,1,4,4,4,1,1,4,1,1,1,1,1,2,1,2,1,1,1,1,2,1,1,2,3,2,5,4,4,7,3,1,5,2,5,2,3,5,2,5,4,5,5,6,4,2,4,4,4,4,4,4,4,4,5,4,4,4,4,5,5,4,4,4,4,4,4,4,4,4,4,4,6,6,6,4,4,6,5,6,5,6,6,7,4,1,7,5,1,1,6,1,1,5,4,4,6,6,4,1,6,6,4,4,4,3,5,6,6,2,4,6,6,5,5,4,1,4
380,1,1,4,52,52,4,5,3,10,2,4,3,3,8,3,1,7,2,2,1,3,1,2,7,1,7,1,2,2,2,2,2,1,1,1,2,2,2,2,1,2,1,2,5,1,2,2,2,1,1,2,1,0,1,1,9,9,10,10,5,7,5,7,7,7,7,3,3,5,7,7,6,7,7,6,7,7,4,1,1,5,4,5,4,5,4,5,6,5,7,4,7,7,7,1,7,7,7,5,6,7,7,7,1,7,7,7,2,7,10,1,1,4,4,1,6,6,1,1,6,3,6,2,5,3,1,7,7,5,7,7,7,7,7,7,1,4
381,1,1,4,52,52,3,1,2,1,0,4,9,8,1,8,1,2,2,2,4,3,1,7,4,1,4,4,1,2,2,1,1,1,1,1,1,2,2,2,2,1,2,2,7,5,9,9,8,10,10,6,3,7,3,10,1,2,1,6,10,7,5,6,6,1,6,5,4,4,4,2,4,5,5,4,3,2,1,1,1,2,6,1,4,6,6,6,6,7,4,6,7,7,7,6,7,7,6,7,7,6,7,7,5,1,7,5,1,1,6,2,1,1,1,1,7,7,6,1,6,6,5,6,2,1,2,7,6,2,6,7,7,7,7,4,2,4
382,1,2,2,183,183,3,1,9,5,3,4,10,10,5,8,3,5,2,2,3,3,5,6,2,6,5,4,2,1,1,1,2,2,1,2,2,2,2,1,2,2,1,1,7,7,5,3,5,8,5,5,8,3,8,9,7,10,9,4,8,7,5,2,6,4,4,3,2,6,6,4,2,6,2,5,5,6,2,5,8,4,4,5,4,6,5,5,6,2,4,6,6,2,4,2,2,2,3,1,2,6,3,7,3,1,4,4,3,5,7,6,1,6,2,5,1,5,1,7,7,4,6,5,5,2,4,6,1,4,4,4,3,3,6,7,6,4
383,1,2,2,52,52,3,1,9,12,1,6,7,6,6,7,6,7,1,1,4,4,4,3,5,4,4,4,1,1,2,1,1,1,1,2,2,1,1,1,1,2,2,1,7,6,3,2,7,5,5,7,6,6,5,5,5,3,7,5,7,7,5,4,4,4,4,4,4,4,4,4,4,4,4,4,4,4,4,2,3,4,4,4,4,4,4,4,4,4,4,4,4,4,4,4,4,4,4,4,4,5,6,7,1,3,6,5,1,3,4,5,5,4,3,4,4,4,4,4,4,4,3,4,4,4,4,3,4,4,4,4,4,4,4,4,4,4
384,1,2,4,174,174,4,1,7,2,0,3,10,10,1,4,1,10,2,2,4,1,2,3,4,1,1,4,1,1,1,1,1,1,1,1,1,1,2,2,1,1,2,2,6,6,4,4,6,10,6,1,9,1,1,2,1,1,1,8,8,3,5,6,6,6,4,6,2,2,4,3,3,2,2,2,2,2,2,3,1,5,3,2,2,2,7,6,7,6,6,2,7,7,7,7,7,6,7,7,7,7,6,7,7,1,7,7,1,1,2,3,2,4,1,1,6,6,6,1,7,7,1,1,7,5,7,6,7,7,7,7,7,7,7,6,4,4
385,1,2,4,52,52,1,1,5,10,-1,4,3,3,2,3,1,7,2,2,2,2,1,2,4,1,2,5,1,1,1,1,1,1,1,1,1,1,1,1,1,2,2,2,7,4,5,5,10,3,3,2,4,3,3,4,2,3,2,4,3,8,5,5,5,4,5,5,6,4,4,4,3,4,4,2,2,4,1,1,1,3,5,1,3,2,5,6,5,5,5,5,7,6,7,4,5,7,1,5,7,7,4,6,4,3,6,4,2,2,4,8,1,1,1,1,6,6,6,2,4,5,5,4,3,1,3,4,7,3,5,3,7,7,7,2,2,4
386,1,2,4,52,52,2,1,6,1,-2,4,8,6,3,4,2,4,1,2,2,1,2,5,2,1,3,2,2,2,1,1,1,1,1,1,1,1,2,2,2,1,2,2,7,5,7,6,3,6,3,2,4,2,4,2,4,3,2,6,3,5,5,3,5,3,4,5,5,2,5,4,3,4,5,2,2,2,1,2,4,2,4,2,3,2,6,6,6,5,1,3,7,7,7,5,7,6,6,7,6,7,6,7,5,1,7,5,1,1,3,3,1,7,1,1,1,1,2,4,3,4,4,4,6,2,3,5,7,2,4,6,7,6,6,3,2,4
387,1,2,4,52,52,3,1,8,1,0,4,8,7,2,8,7,8,2,2,2,1,1,5,4,2,5,4,2,2,1,1,1,1,1,2,2,1,1,1,1,2,1,1,6,6,4,7,4,3,3,6,4,2,5,4,8,10,8,8,5,5,5,6,5,6,4,4,2,3,4,7,7,5,4,2,4,4,2,1,1,1,5,1,5,2,6,5,6,6,4,3,7,7,7,6,7,7,7,7,7,7,7,7,4,3,7,7,1,1,2,8,1,4,1,1,4,7,4,1,5,7,5,4,6,3,6,5,6,4,7,7,7,7,6,6,4,4
388,1,2,2,52,52,3,6,7,1,0,4,7,7,4,5,5,5,2,2,3,4,4,4,4,4,4,4,1,1,1,1,1,1,1,2,2,1,1,1,2,2,2,1,4,4,6,4,5,6,5,4,5,4,5,5,5,5,5,7,5,5,5,4,4,4,4,4,4,4,4,4,4,4,4,4,4,4,4,4,3,4,4,4,4,4,4,4,4,4,4,4,4,4,4,4,4,4,4,4,4,5,2,7,2,1,7,4,1,1,4,5,1,2,2,2,4,4,4,4,4,4,3,5,2,2,5,4,4,4,4,4,4,4,4,4,4,4
389,1,2,1,52,52,2,1,7,1,0,4,9,7,3,5,3,10,2,2,1,1,6,5,5,1,4,4,2,2,1,2,1,1,1,1,2,1,2,1,2,1,2,1,1,4,8,5,7,8,1,3,1,2,1,2,2,4,10,6,9,3,5,7,3,6,5,4,4,4,4,2,5,7,7,5,6,6,1,4,2,7,1,4,7,3,5,4,7,4,1,7,7,7,7,7,7,7,7,7,7,7,7,7,3,7,7,7,2,1,4,1,1,7,6,1,4,7,7,1,3,1,1,1,7,3,5,7,7,4,7,6,7,7,7,5,1,4
390,1,2,2,52,52,2,1,4,2,1,6,7,8,6,7,5,6,2,2,4,4,2,3,3,2,3,2,1,1,1,2,1,1,1,2,1,2,1,1,1,2,1,1,1,3,6,4,7,5,5,6,6,5,4,6,4,5,7,6,5,5,5,3,4,3,4,4,3,3,3,5,4,2,5,5,3,5,4,4,6,5,5,4,3,4,5,3,4,4,4,5,4,4,5,3,6,5,6,6,4,4,2,5,1,1,3,5,2,3,5,5,1,1,2,2,5,4,2,4,4,4,4,4,4,1,1,4,4,3,4,4,4,4,4,4,4,4
391,1,1,4,52,52,2,1,7,12,1,4,2,3,3,1,1,9,1,2,1,1,4,2,5,1,4,4,2,2,2,2,1,1,1,1,1,2,1,1,2,1,2,2,3,3,6,6,6,1,3,2,6,2,3,2,5,3,4,6,5,5,5,7,7,7,6,3,4,4,6,5,4,5,6,2,4,5,1,1,1,2,5,2,2,4,5,5,5,6,4,4,7,7,7,4,7,7,7,7,7,7,7,7,1,7,7,7,7,7,1,10,1,1,1,1,4,4,4,4,4,4,4,4,4,4,4,5,7,5,5,4,6,4,7,5,4,4
392,1,2,3,52,52,2,1,9,12,0,5,3,2,3,2,1,8,2,2,1,1,5,5,4,1,2,5,2,2,1,2,2,2,1,1,2,2,2,2,2,1,2,2,9,9,8,3,5,3,2,2,1,6,2,2,2,2,1,6,4,2,5,6,5,5,5,5,3,3,3,4,6,3,4,1,1,2,1,1,1,3,4,2,3,3,4,4,5,6,5,2,6,6,6,5,7,6,5,6,6,6,6,6,6,1,6,3,3,2,3,4,2,4,3,2,4,5,4,4,4,4,3,4,3,2,4,2,6,4,5,5,5,7,5,4,3,4
393,1,1,5,52,52,1,3,3,1,0,4,2,2,1,1,1,9,2,2,1,1,2,2,1,1,1,4,2,1,1,1,1,1,1,1,1,2,2,2,2,1,2,2,2,1,6,6,2,2,6,1,9,4,3,2,1,1,2,8,1,3,5,7,6,4,2,4,2,4,3,2,3,4,3,2,4,2,1,4,2,1,4,1,2,1,6,6,3,5,3,3,7,7,7,2,7,7,6,5,6,6,2,7,1,1,7,6,2,1,5,5,1,1,1,1,2,3,7,1,2,6,6,6,2,1,1,6,6,5,6,6,7,7,6,4,2,3
394,1,2,1,52,52,2,4,7,12,0,3,5,6,5,4,7,7,2,2,5,4,1,6,5,1,5,4,2,2,1,1,2,1,1,1,1,1,2,1,2,1,2,2,7,5,6,5,5,5,6,6,6,6,5,6,6,6,5,5,5,7,5,3,3,2,4,5,3,3,4,3,3,3,4,3,4,4,6,3,7,4,5,5,3,3,5,3,5,5,2,4,4,5,5,5,3,3,4,4,5,4,2,3,3,4,6,4,4,3,6,4,3,5,3,3,5,4,5,5,4,5,5,5,4,3,3,3,3,4,6,3,4,3,5,3,3,3
395,1,1,2,52,52,1,2,6,11,0,3,7,8,8,6,6,7,2,2,3,4,5,6,2,3,2,3,2,1,1,2,2,1,1,2,1,2,2,1,2,2,2,2,7,3,3,5,8,9,6,8,8,7,8,5,6,10,8,5,5,8,5,5,3,5,5,5,7,5,5,6,6,5,7,5,5,5,7,5,10,6,5,3,6,7,6,7,6,4,3,6,7,5,6,7,5,2,7,6,4,2,1,5,1,6,2,6,6,6,5,10,5,4,4,4,6,5,4,4,5,6,5,1,2,2,3,5,7,6,4,3,5,3,3,5,3,3
396,1,2,3,52,52,2,1,8,12,0,4,7,3,1,7,1,5,1,2,1,1,4,3,4,1,3,4,2,2,2,1,1,1,2,2,1,2,2,2,1,1,2,1,8,2,6,4,10,3,5,3,6,8,6,3,5,2,4,6,7,6,5,7,5,5,5,5,5,4,2,3,4,5,2,2,2,4,1,3,4,5,6,4,5,4,2,4,5,6,2,6,7,1,6,1,4,7,5,7,7,6,1,7,1,1,7,7,1,1,5,5,1,1,1,1,6,6,6,1,4,4,5,4,4,4,4,5,6,1,3,7,7,7,4,4,4,3
397,1,2,2,52,52,1,1,7,1,-4,6,4,1,2,2,1,9,2,2,1,1,6,2,2,1,1,7,2,2,1,1,1,1,1,2,1,2,2,1,2,1,2,2,8,4,4,3,6,8,4,1,10,3,3,5,1,1,1,1,3,6,5,7,6,5,5,6,2,3,1,1,1,5,2,4,2,3,1,2,8,2,6,1,2,1,4,6,2,2,1,2,7,7,7,2,7,7,5,5,4,7,5,6,1,1,6,5,1,1,2,1,1,1,3,3,3,1,6,1,1,5,1,6,2,1,1,7,7,4,5,6,7,7,7,2,5,3
398,1,1,1,52,52,1,4,6,12,-3,3,4,5,3,3,4,8,2,2,1,3,3,2,5,1,1,5,2,1,1,1,1,1,1,2,1,1,2,1,2,1,2,2,8,6,4,3,9,4,3,2,6,3,6,3,2,2,2,3,4,4,5,7,5,6,3,5,2,2,2,1,2,2,3,2,2,2,1,1,1,2,5,2,2,2,5,5,6,3,3,6,5,5,6,5,6,6,5,6,6,5,3,6,2,3,6,6,2,2,2,6,2,2,2,2,3,2,3,1,3,4,3,6,2,2,2,5,6,2,4,5,6,5,5,4,2,3
399,1,2,6,52,52,1,2,4,2,0,6,9,10,2,7,7,6,2,2,3,4,1,6,4,6,3,5,1,2,1,1,1,1,1,2,2,1,1,1,1,1,1,2,5,2,5,7,5,8,4,3,7,4,5,4,9,10,6,5,8,8,5,6,3,5,2,5,2,4,5,6,7,5,6,2,3,3,1,5,2,7,6,5,5,2,6,6,2,6,6,5,6,6,6,6,5,6,6,6,6,7,7,7,7,1,7,3,1,1,1,9,1,1,1,1,6,7,7,1,6,7,6,7,2,1,1,6,7,2,6,7,7,5,6,5,4,3
400,1,1,4,52,52,2,1,7,1,2,4,9,8,1,4,1,7,2,2,3,2,2,3,6,1,6,2,2,2,1,1,1,1,1,1,2,2,1,1,2,1,2,2,8,4,2,2,10,9,10,7,10,7,6,9,10,8,10,7,5,9,5,7,7,7,6,4,4,4,7,7,7,3,7,4,2,5,1,8,8,3,1,1,4,1,6,6,7,7,7,5,7,7,7,5,7,7,7,7,7,7,7,1,4,1,7,5,1,1,2,10,1,1,1,1,1,1,1,4,1,1,3,4,6,4,4,7,7,3,7,7,7,7,7,3,1,3
401,1,1,4,94,94,3,1,8,2,0,1,9,10,10,9,9,10,2,2,4,7,5,7,5,5,1,6,1,2,1,1,2,1,1,2,2,2,1,1,1,1,1,1,8,7,4,3,8,8,8,7,8,10,7,9,8,9,8,3,8,9,5,2,3,4,2,4,3,4,3,3,2,2,1,2,2,1,1,8,8,1,3,1,1,1,2,2,2,1,2,2,2,3,2,2,2,2,1,1,2,4,2,6,5,2,5,5,5,2,8,9,3,2,4,3,4,4,4,4,4,6,3,4,4,4,3,4,4,3,4,3,2,4,4,3,3,3
402,1,1,4,52,52,3,1,8,2,0,4,10,9,3,9,6,4,2,2,3,2,3,6,3,1,5,2,1,1,1,1,1,1,1,2,2,2,2,2,2,2,1,2,2,4,4,4,6,6,5,3,2,1,6,3,8,6,6,7,8,6,5,6,5,7,6,6,2,3,5,6,6,3,5,5,5,3,1,4,6,5,6,2,3,2,6,5,6,4,5,4,7,7,7,7,7,6,6,7,7,6,6,6,6,1,6,5,2,1,3,4,1,5,3,1,2,1,2,5,1,1,3,6,4,2,5,6,6,1,7,6,7,7,7,5,2,3
403,1,1,4,52,52,3,1,8,12,1,6,6,7,5,7,3,7,1,1,4,4,5,4,3,4,5,3,2,2,2,1,2,2,2,2,2,1,2,2,2,2,2,2,6,5,5,5,6,5,5,5,7,6,5,5,6,6,5,5,4,6,5,5,5,5,4,5,3,4,4,5,4,5,3,4,4,4,4,5,7,4,4,4,5,4,5,5,4,5,4,4,5,5,4,4,3,3,3,4,4,6,5,6,2,2,6,5,3,2,5,5,4,4,3,3,4,4,4,3,5,4,3,4,4,1,2,2,3,3,4,4,4,4,3,3,4,3
404,1,1,5,52,52,2,2,7,12,-1,4,5,2,3,2,1,7,2,2,2,1,1,2,3,1,1,5,2,2,2,1,2,1,1,1,1,2,2,1,1,1,2,2,2,2,9,9,4,7,10,3,2,7,6,7,3,2,2,3,3,7,5,6,6,5,7,2,3,5,5,4,3,6,5,5,5,6,1,2,6,5,5,3,5,3,5,6,6,5,5,5,7,6,6,5,7,6,6,7,6,6,6,6,4,1,7,7,1,1,5,3,4,4,3,1,5,5,7,1,4,6,1,2,5,1,2,5,6,2,5,5,7,5,6,3,2,3
405,1,1,2,191,191,2,1,7,2,-4,3,7,7,1,10,4,8,1,4,2,4,2,2,4,1,1,7,2,2,1,2,1,1,1,2,1,1,2,1,2,1,2,2,8,3,9,4,10,7,4,3,10,2,2,10,1,1,1,1,8,4,5,6,4,6,4,6,4,2,3,1,2,2,4,3,2,3,1,1,1,2,6,1,1,1,1,7,7,7,7,6,7,6,7,6,7,5,5,7,6,7,2,7,6,1,7,4,1,1,3,9,4,1,5,1,7,7,7,1,7,7,1,2,7,7,7,6,6,7,7,6,7,1,5,6,1,3
406,1,2,4,52,52,4,5,5,2,0,2,9,5,2,5,1,5,2,2,1,4,4,5,6,2,4,3,1,2,2,1,2,1,1,2,1,1,1,2,2,1,1,2,5,2,6,7,7,5,5,2,6,5,5,7,7,6,7,4,5,5,5,7,6,4,6,4,1,1,4,7,5,6,4,3,2,6,1,3,3,6,2,5,6,3,5,5,7,6,2,6,7,7,7,5,7,7,6,4,7,6,6,7,5,1,7,6,1,7,2,5,1,4,1,1,6,6,7,1,5,5,4,1,5,1,3,6,7,4,6,7,7,7,7,5,2,3
407,1,1,1,52,52,1,1,8,10,1,2,7,6,8,8,1,5,3,3,4,3,4,5,5,5,4,4,2,1,2,2,1,2,1,2,1,1,1,2,2,2,1,1,7,5,3,4,5,7,5,8,5,7,8,5,6,8,7,6,7,6,5,3,4,5,6,4,3,4,4,3,5,5,4,4,4,5,6,5,8,6,5,5,3,4,3,5,4,4,4,5,4,6,3,5,4,4,5,5,5,4,6,5,5,4,3,5,4,4,7,6,5,4,4,3,5,3,4,5,3,4,4,5,3,5,6,5,5,4,5,4,5,4,5,6,3,3
408,1,2,3,48,52,3,2,4,11,4,2,7,8,6,7,7,4,3,4,4,3,4,4,4,4,3,4,2,1,1,1,2,1,1,2,1,1,1,1,2,2,2,2,5,6,6,4,6,6,5,5,9,3,4,6,4,4,3,8,3,5,5,6,6,3,4,4,1,4,1,5,4,7,2,2,2,4,6,4,5,6,4,1,1,2,4,1,5,3,3,3,3,5,4,2,6,1,3,2,5,7,7,7,7,7,7,3,7,7,6,6,3,6,4,4,4,7,1,4,4,4,7,7,5,2,4,1,6,6,7,6,6,2,3,7,6,3
409,1,1,4,52,52,1,1,7,1,0,4,10,8,1,6,7,5,2,2,2,3,4,5,5,6,2,6,1,2,1,1,1,1,1,2,2,2,1,1,1,1,2,1,6,5,7,2,5,10,7,3,7,7,4,4,7,5,6,3,8,6,5,5,6,6,5,6,5,2,5,5,5,5,6,6,5,5,1,2,2,5,2,5,2,2,5,5,5,5,7,2,5,7,7,5,7,6,7,7,7,5,7,6,6,7,7,7,1,1,2,6,1,5,1,1,4,1,2,6,1,1,2,2,6,5,5,6,6,7,7,7,7,5,7,4,7,3
410,1,1,4,52,52,3,1,7,12,1,2,8,7,3,2,3,4,2,2,1,1,2,3,3,1,3,3,2,2,1,1,1,1,1,1,2,2,1,1,2,2,2,2,2,2,9,6,5,5,8,5,7,8,8,5,8,3,5,6,5,7,5,5,6,5,5,3,3,5,4,6,5,4,5,5,4,4,4,2,3,5,3,2,6,5,6,3,6,6,5,6,6,6,6,6,6,6,5,5,6,6,6,6,6,3,6,6,6,6,8,8,1,1,1,1,4,4,3,3,4,3,5,3,5,4,4,6,6,6,5,3,6,6,4,3,6,3
411,1,1,6,52,52,3,5,7,2,-4,6,7,4,6,3,2,7,1,2,1,2,4,5,3,1,3,2,1,1,2,2,1,1,1,2,1,2,2,2,2,2,1,2,3,2,8,3,9,8,4,2,5,7,2,8,3,7,4,7,7,4,5,6,5,3,3,5,3,3,3,5,3,5,5,3,2,2,1,3,4,4,5,2,3,3,5,6,5,6,4,5,5,6,5,3,5,5,5,5,5,5,5,6,1,2,6,5,1,2,3,8,1,1,1,1,6,6,6,2,5,6,5,6,5,2,2,6,5,5,5,6,7,4,6,3,4,3
412,1,1,4,52,52,3,1,4,12,1,4,9,9,3,9,4,6,2,2,5,5,4,6,4,6,5,3,1,1,1,1,1,1,1,1,1,1,1,1,2,2,1,1,5,5,4,4,8,8,6,6,8,5,4,4,8,6,6,5,9,7,5,7,7,6,5,3,2,2,6,6,5,5,5,5,4,5,1,2,3,2,6,3,4,2,6,6,5,5,4,6,7,7,7,6,7,7,6,7,7,7,7,7,3,1,7,7,1,1,4,8,1,5,3,3,7,5,7,4,5,6,2,2,7,4,5,7,7,6,6,7,7,7,7,6,5,3
413,1,2,1,52,52,1,2,9,3,5,4,3,6,7,10,5,6,2,4,4,5,5,5,4,6,3,4,2,2,2,1,1,1,1,1,1,2,1,1,1,1,1,1,3,2,5,6,4,3,3,5,6,6,5,4,3,7,5,8,5,5,5,3,5,1,3,3,4,5,4,1,2,4,7,4,2,6,5,5,4,4,4,2,2,4,3,7,3,4,6,6,3,6,6,4,1,2,5,7,3,5,4,7,5,4,4,6,4,4,7,5,4,5,4,4,1,3,4,7,1,4,4,1,3,1,1,3,1,6,2,6,3,7,5,4,2,3
414,1,2,2,52,52,3,1,6,12,-1,6,8,7,6,7,4,4,2,2,3,5,2,2,5,6,1,3,1,2,1,2,2,1,1,1,1,1,2,1,1,2,1,2,6,5,3,7,6,10,5,4,6,10,4,3,9,6,7,10,7,8,5,2,6,4,2,2,5,4,6,2,4,1,3,1,4,5,4,1,1,6,1,5,2,3,3,7,3,3,6,3,3,4,6,2,4,7,3,4,2,2,4,5,4,4,1,7,1,4,6,5,3,7,1,3,1,4,6,3,2,3,2,4,1,6,6,3,1,3,4,6,4,3,5,5,2,3
415,1,1,3,52,52,1,6,7,1,-1,2,4,7,5,5,10,2,1,2,3,4,2,3,1,2,2,6,2,2,1,1,1,2,1,1,1,1,2,2,2,1,2,2,9,2,3,7,8,5,2,6,10,4,2,8,9,2,4,2,9,2,5,6,5,4,4,5,2,4,1,5,2,5,2,4,5,5,1,4,7,5,4,2,1,1,5,6,3,5,5,5,6,7,6,6,6,6,3,6,5,6,7,6,4,2,7,6,5,1,9,5,1,2,1,1,6,6,7,1,6,6,1,2,7,2,3,6,7,1,6,6,7,6,5,4,6,3
416,1,2,4,52,52,3,1,7,12,3,4,8,8,1,6,9,5,2,2,1,1,6,6,7,5,7,5,1,1,1,2,1,1,1,2,2,2,2,2,1,1,1,2,2,2,9,9,8,8,7,9,10,7,9,9,10,10,10,8,2,9,5,7,7,7,6,2,5,6,6,7,7,7,6,6,6,7,1,10,1,2,6,2,3,3,4,5,7,7,7,6,7,7,7,4,7,7,6,7,7,7,7,7,1,1,7,6,1,1,5,1,1,1,1,1,6,6,6,6,6,6,1,1,6,6,6,7,7,7,5,7,7,7,7,4,7,3
417,1,2,4,52,52,2,1,5,1,0,3,5,6,5,5,6,5,2,2,4,2,2,3,4,3,2,2,2,1,1,1,1,2,1,2,2,2,1,1,1,1,1,1,5,5,7,6,5,4,4,4,4,3,4,4,4,4,4,7,4,4,5,6,3,4,4,3,3,5,5,4,4,5,5,3,5,4,3,4,4,5,5,3,3,3,3,5,6,3,6,4,2,3,4,4,3,4,3,3,4,7,7,1,2,1,7,6,1,1,5,5,1,3,1,1,4,2,2,3,3,3,1,3,1,1,1,4,4,4,4,3,4,4,5,5,4,3
418,1,1,3,52,52,1,1,8,12,-2,6,7,7,7,6,7,7,2,2,3,4,3,3,3,3,3,3,2,2,2,1,2,1,1,1,2,1,2,1,2,1,2,2,4,4,3,3,7,6,6,6,7,7,6,7,7,7,6,4,6,7,5,6,6,5,6,6,5,6,6,5,5,6,5,6,4,5,2,1,1,6,5,6,5,6,6,5,6,6,5,6,7,6,5,5,5,6,4,4,5,6,5,5,4,2,6,5,4,1,10,1,1,1,1,1,1,1,1,5,1,1,5,6,5,3,5,6,7,5,6,6,6,5,6,5,5,3
419,1,1,4,52,52,3,1,7,12,0,4,8,8,4,7,2,8,2,2,5,4,4,5,5,5,5,4,1,1,1,1,2,1,1,1,2,1,1,1,1,2,2,1,7,8,4,4,8,8,7,7,8,7,8,8,7,7,6,3,7,6,5,5,6,5,5,4,5,5,5,5,4,5,5,6,5,5,5,7,8,5,5,6,6,4,5,5,6,5,5,5,5,5,5,6,5,4,5,4,5,6,6,4,5,1,7,6,1,1,7,8,5,5,4,5,3,2,2,3,2,2,5,5,6,3,5,3,3,3,4,4,4,3,3,4,2,3
420,1,2,4,52,52,1,1,6,9,0,6,6,8,2,6,3,3,2,2,2,2,2,3,2,1,2,5,1,1,1,1,1,2,1,2,1,1,1,1,2,1,2,2,5,5,5,5,7,6,3,3,4,5,5,4,3,2,2,4,7,3,5,5,5,4,5,5,3,2,2,3,4,3,2,2,2,2,1,1,1,2,6,2,2,2,4,4,5,5,4,3,6,6,5,3,5,6,4,6,6,4,1,4,1,2,6,6,1,1,3,5,1,6,3,1,5,4,4,5,2,3,3,4,4,3,3,5,5,2,5,6,7,6,5,4,2,3
421,1,1,3,52,52,1,2,5,11,0,4,5,4,4,2,1,4,2,2,3,3,1,2,3,4,4,2,2,2,1,1,2,1,1,1,1,1,1,1,2,1,1,2,2,3,6,2,1,2,4,2,5,1,4,2,5,3,7,8,7,4,5,5,5,5,2,3,1,1,4,2,3,5,4,4,3,1,1,2,5,5,4,4,4,3,2,3,2,3,2,1,4,5,5,3,5,4,4,3,5,4,6,4,5,7,6,6,5,4,2,2,3,7,6,3,4,5,5,4,5,5,4,3,2,3,2,5,3,3,4,5,5,5,4,5,2,3
422,1,2,4,52,52,5,1,6,11,0,2,8,8,4,5,3,6,2,2,3,2,4,5,4,4,6,4,1,1,1,1,1,2,1,1,1,1,1,2,2,1,2,2,3,3,5,6,5,4,7,7,7,3,4,5,4,3,5,7,5,6,5,5,4,4,4,5,4,4,4,5,4,5,4,4,4,4,4,10,7,4,3,3,2,2,5,4,6,4,5,5,6,7,7,4,7,7,7,7,6,6,6,6,4,6,6,5,1,1,3,5,2,2,2,2,1,1,1,1,1,1,4,4,4,1,5,5,5,5,6,6,6,7,5,4,5,3
423,1,2,3,52,52,3,1,8,9,2,5,7,8,9,8,5,7,2,2,6,6,5,5,2,6,5,5,2,2,1,1,1,2,1,2,1,2,1,2,1,2,2,1,8,6,3,3,9,8,8,9,7,9,7,9,8,8,8,2,7,8,5,6,7,6,6,7,6,3,6,5,5,7,6,6,7,5,6,8,9,6,6,6,7,7,7,5,6,6,5,6,6,6,6,6,7,6,5,7,7,6,6,6,5,6,7,6,5,6,8,10,7,7,6,6,3,2,5,6,5,3,3,5,3,5,5,5,7,6,5,6,7,6,7,6,6,3
424,1,1,3,52,52,3,1,9,12,-1,5,6,4,3,4,4,8,2,2,2,1,4,2,1,1,2,5,1,2,2,1,1,1,2,2,1,1,2,1,2,1,2,2,7,4,3,1,9,5,5,3,10,8,6,6,4,3,3,4,4,6,5,5,5,5,5,6,5,3,3,3,3,6,5,1,5,5,1,1,6,2,4,1,2,1,6,6,6,5,4,3,6,6,7,2,6,7,2,5,6,7,5,7,2,2,7,7,2,1,8,3,6,1,1,1,6,3,7,1,3,4,1,4,4,1,1,6,7,5,3,6,7,3,5,2,1,3
425,1,1,4,52,52,3,3,6,12,1,4,9,5,1,6,5,8,2,2,1,1,3,5,6,5,4,2,1,1,1,1,1,1,1,2,1,2,1,1,2,1,2,2,6,5,4,1,10,10,1,3,2,2,10,2,2,10,5,9,7,3,5,6,7,6,5,5,4,1,5,4,5,5,6,4,5,6,1,1,1,6,3,5,6,5,3,3,6,7,2,5,5,7,7,7,7,7,5,7,7,3,3,7,1,1,6,3,1,1,1,10,1,1,1,1,7,7,7,1,7,7,4,4,4,2,2,4,3,4,6,6,7,5,6,2,5,3
426,1,1,4,52,52,2,1,6,1,0,4,6,6,6,7,5,7,2,2,6,5,4,5,3,1,3,3,2,2,2,1,1,1,1,2,2,2,1,2,2,1,1,2,7,6,4,4,6,8,6,7,6,7,7,7,6,6,7,4,6,7,5,5,5,4,4,5,5,6,5,5,5,5,2,6,5,5,1,6,6,6,6,5,5,3,3,3,3,4,5,3,7,7,7,6,6,6,5,6,7,6,6,6,6,2,6,6,1,6,6,8,1,1,1,1,1,1,4,6,1,4,1,1,1,1,4,6,6,6,7,6,4,6,5,5,5,3
427,1,2,4,52,52,3,1,6,12,0,4,7,6,3,5,4,7,2,4,3,1,4,5,6,1,3,2,2,1,1,2,2,1,1,2,1,1,2,2,2,1,2,2,7,3,6,3,10,6,5,1,4,3,5,2,7,8,5,7,2,7,5,7,6,5,5,4,2,3,6,4,3,6,5,2,2,2,1,2,2,2,4,2,2,2,5,6,5,3,3,5,5,6,6,5,7,7,6,7,7,3,4,6,1,1,7,6,1,1,2,7,1,1,1,1,3,2,2,6,1,5,6,6,4,2,1,6,6,3,5,5,7,7,7,5,2,3
428,1,1,4,52,52,3,1,9,2,1,6,7,7,3,4,1,8,1,2,2,1,4,5,5,2,6,5,1,1,1,1,2,1,1,2,2,2,1,1,2,2,1,2,5,3,3,1,5,4,8,2,5,3,9,6,9,2,9,3,7,8,5,7,6,7,3,5,3,2,6,6,5,2,3,3,2,2,1,4,3,2,4,2,2,6,6,6,4,6,6,2,7,6,7,6,7,7,7,6,7,6,3,6,4,1,6,4,2,1,3,9,1,1,1,1,2,2,1,6,4,2,3,3,6,2,6,6,7,5,6,6,7,7,7,4,2,3
429,1,2,4,52,52,3,3,3,3,-4,4,4,5,3,2,2,8,1,2,1,1,5,4,3,5,1,5,1,1,1,1,1,1,1,1,1,1,1,1,1,1,2,2,5,4,7,2,8,5,1,2,2,1,2,1,3,9,1,1,3,7,5,7,5,6,6,5,2,5,5,1,1,5,5,6,5,5,1,9,1,2,3,7,5,1,4,5,5,1,4,2,7,4,4,4,6,5,5,2,6,3,6,7,1,1,4,6,2,1,5,3,1,6,1,1,4,3,2,5,1,5,6,4,3,1,1,6,5,1,5,1,7,6,5,6,4,3
430,1,2,5,52,52,2,1,6,12,0,4,10,10,1,6,3,5,1,4,4,5,1,6,4,2,4,1,1,1,1,1,2,1,1,1,1,1,1,1,2,1,2,2,5,5,5,5,8,10,5,6,7,5,6,6,7,5,4,8,6,8,5,7,7,4,5,3,4,4,5,5,5,4,5,2,3,3,1,1,1,5,3,5,7,5,3,4,4,5,6,4,7,7,7,7,7,7,7,7,7,7,7,7,6,1,7,2,1,1,3,1,4,4,5,4,7,4,7,4,4,6,1,2,5,2,4,6,7,2,4,7,7,7,6,3,2,3
431,1,1,5,52,52,3,5,6,2,-3,4,4,6,4,5,1,7,2,2,1,1,4,4,1,1,2,4,2,2,1,1,1,1,1,1,1,1,2,2,2,1,2,2,5,6,4,5,5,5,4,3,6,3,5,7,3,2,3,5,4,5,5,6,5,5,3,5,2,2,3,4,4,3,3,3,3,3,1,5,4,2,6,2,3,3,6,6,5,4,5,3,5,6,6,3,6,6,4,5,5,5,5,6,2,1,6,5,1,1,2,6,1,1,1,1,2,2,4,4,1,1,4,3,5,2,3,4,6,6,5,6,6,5,6,4,2,3
432,1,1,2,52,52,3,1,5,1,0,5,7,5,5,4,2,10,1,1,2,4,4,4,4,4,4,4,1,1,1,1,2,1,2,1,1,1,1,1,1,2,2,1,6,5,6,6,6,5,4,5,5,5,4,5,4,5,5,7,4,5,5,3,4,3,4,3,3,4,3,3,5,3,4,3,4,3,3,3,2,4,2,4,3,5,3,3,3,3,4,5,5,7,5,6,5,7,5,5,5,7,7,7,1,1,7,7,2,1,6,4,3,3,2,3,4,4,4,5,4,4,4,4,3,2,5,4,5,4,4,5,3,4,3,3,5,3
433,1,2,4,52,52,3,1,3,10,1,4,5,5,5,5,2,7,2,2,1,4,4,4,4,4,4,4,2,1,1,1,1,1,1,1,2,2,1,2,2,2,2,1,5,5,6,5,6,6,5,6,6,5,5,5,5,5,5,6,5,5,5,7,7,5,4,4,2,3,3,7,5,4,4,4,4,4,4,1,1,2,6,2,2,2,6,6,7,6,6,6,6,6,7,4,7,7,7,7,7,6,6,7,1,1,7,6,1,1,1,9,1,1,1,1,1,1,1,1,1,1,1,1,1,1,1,6,7,4,6,7,7,7,7,5,2,3
434,1,2,4,52,52,3,1,8,1,0,7,5,4,3,5,3,5,2,2,1,1,4,4,3,1,4,2,1,2,1,1,1,1,1,2,1,1,1,1,2,2,2,2,2,2,5,5,4,3,2,2,5,2,4,2,3,3,4,7,3,6,5,5,5,4,5,4,2,2,3,4,5,5,5,2,3,2,1,3,2,2,5,2,4,6,4,3,6,6,3,6,6,7,7,3,7,7,5,5,7,4,6,7,1,7,6,7,1,1,4,5,1,5,2,1,2,4,4,4,1,4,4,5,4,2,3,6,5,4,4,6,7,4,2,5,3,3
435,1,2,2,52,52,1,4,7,3,0,4,8,9,6,2,7,10,2,4,1,1,6,6,5,2,5,6,1,2,2,2,2,2,1,1,2,2,2,2,2,1,1,2,7,2,6,5,5,10,9,7,10,8,2,3,4,4,9,3,8,4,5,7,7,6,7,4,2,4,6,5,6,7,7,5,5,6,4,8,10,6,2,7,7,5,3,2,7,7,7,7,5,7,7,7,7,7,7,7,7,6,7,7,7,1,7,3,1,1,2,6,1,1,1,1,1,1,4,5,5,4,6,5,7,2,7,7,6,4,6,7,7,6,6,4,1,3
436,1,2,4,52,52,3,3,5,2,0,2,5,5,4,2,1,5,2,2,1,4,4,4,5,5,4,4,1,2,1,1,1,1,1,2,2,1,1,2,1,2,1,1,3,5,6,6,3,5,2,3,2,0,3,1,8,5,7,6,2,6,5,7,7,7,7,2,1,4,6,7,5,7,7,5,5,7,4,2,3,6,4,5,6,4,4,3,7,5,2,5,5,6,6,1,7,6,6,6,6,5,5,6,1,7,7,6,1,7,5,1,1,4,1,1,6,6,2,1,5,6,6,3,4,1,2,6,7,4,6,7,7,6,6,6,2,3
437,1,2,3,52,52,4,2,5,1,0,4,10,5,1,9,9,5,1,1,1,1,4,6,4,1,7,1,1,1,1,1,1,1,1,2,1,1,1,1,2,2,1,1,5,3,7,2,6,10,5,5,5,5,5,5,10,7,10,10,8,4,5,7,7,7,7,2,6,5,7,7,7,7,7,7,7,7,1,8,6,3,5,2,5,3,5,4,7,7,7,7,7,6,7,7,7,7,7,7,7,7,7,6,7,1,7,7,1,1,1,9,1,2,1,1,7,7,7,1,7,7,7,3,4,1,2,7,7,5,7,7,7,7,7,3,1,3
438,1,1,3,52,52,2,1,6,2,-4,4,8,5,2,5,2,8,2,1,2,6,4,5,6,2,1,6,2,2,2,1,1,1,1,1,2,1,2,1,2,2,2,2,4,6,8,6,9,5,8,4,9,3,3,8,2,2,1,2,4,9,5,6,5,6,5,5,2,4,2,1,2,5,5,5,4,4,1,1,1,3,6,2,4,2,6,6,5,6,2,5,7,6,6,5,7,6,5,5,6,6,5,6,2,1,7,5,1,1,3,1,1,3,2,1,6,7,6,1,6,5,2,4,5,4,2,6,7,3,5,6,7,6,6,3,2,2
439,1,1,4,52,52,1,6,8,12,3,6,8,8,1,6,8,7,2,2,1,1,2,3,5,2,2,3,1,1,2,1,2,2,2,2,2,1,1,1,1,1,2,1,8,9,5,4,8,10,3,3,8,4,7,4,4,3,4,4,6,6,5,7,3,5,5,6,7,3,6,6,6,6,6,6,5,6,2,2,2,5,3,1,2,1,6,5,2,2,5,5,5,6,7,2,7,6,6,5,7,3,3,6,5,1,6,5,6,1,2,10,1,1,1,1,2,5,2,5,3,5,4,3,5,2,5,6,6,6,6,6,6,6,6,5,5,2
440,1,1,5,52,52,2,1,7,2,1,2,9,7,1,8,2,5,2,3,1,2,2,7,5,2,3,6,1,1,1,1,1,1,1,1,1,1,1,1,2,1,2,1,5,5,7,7,8,9,9,4,10,7,4,2,6,3,2,6,9,4,5,7,6,7,5,6,3,2,5,5,2,2,2,2,1,1,1,1,1,1,6,1,4,7,7,7,7,7,7,7,7,7,7,6,7,7,6,6,7,7,5,7,6,1,7,6,1,1,4,10,1,2,2,1,4,4,3,3,2,5,2,2,6,1,2,6,7,1,5,7,7,6,7,5,1,2
441,1,1,4,52,52,1,1,7,10,-3,4,3,6,8,1,4,10,2,2,5,1,3,5,7,3,6,2,1,2,2,2,1,1,1,1,2,2,2,2,2,1,1,1,2,2,6,3,7,8,7,5,10,6,8,9,10,9,10,7,8,8,5,6,7,7,7,1,5,7,7,7,7,7,7,6,7,7,3,6,8,5,1,7,1,5,1,1,7,2,7,4,5,5,2,1,2,6,1,2,3,5,6,4,1,3,2,6,3,1,10,1,1,2,2,3,2,7,2,7,2,1,2,5,5,1,2,7,6,5,2,6,5,7,7,2,6,2
442,1,1,4,52,52,1,1,5,3,0,1,7,7,7,7,6,8,4,4,4,4,2,4,3,4,4,4,1,1,2,2,1,2,2,1,2,2,2,2,1,1,2,1,6,10,1,1,10,10,10,10,9,9,10,10,10,9,9,1,9,10,5,5,2,5,2,2,2,6,3,6,2,4,3,4,5,4,2,10,10,6,4,5,3,5,1,3,6,5,6,2,6,3,5,6,3,5,5,3,3,2,2,2,2,4,2,5,3,2,10,10,5,4,5,4,4,5,4,4,4,4,5,3,4,3,5,2,2,4,2,6,5,3,6,2,3,2
443,1,1,2,52,52,2,1,7,1,-2,5,1,1,10,1,1,8,2,2,1,1,5,1,5,1,1,6,2,2,2,1,2,2,2,2,1,2,2,2,2,1,1,1,5,2,10,6,10,10,9,1,7,0,6,7,1,1,1,3,5,8,5,6,6,1,6,4,1,5,1,1,1,6,6,5,1,3,1,8,1,2,5,1,7,1,7,6,3,1,5,1,5,4,4,1,7,4,1,1,1,3,3,6,1,1,4,6,1,1,1,1,1,1,1,1,1,1,5,1,1,6,1,7,1,1,1,4,6,7,1,4,7,7,3,7,1,2
444,1,1,2,52,52,2,1,8,2,-1,6,8,8,2,8,6,6,2,4,5,4,4,4,2,2,2,3,2,1,1,1,1,2,1,2,1,1,1,1,2,1,2,2,6,9,4,2,5,6,3,2,10,6,4,3,6,1,6,5,5,5,5,6,5,4,2,5,2,2,2,3,3,2,3,2,2,2,1,3,3,4,2,2,2,3,5,5,6,6,6,6,2,2,2,3,2,2,2,2,2,7,5,6,2,1,7,5,1,1,7,8,1,3,4,1,5,4,5,5,4,4,5,5,2,1,5,3,6,2,5,4,6,6,6,6,2,2
445,1,1,3,52,52,3,1,8,12,0,4,4,5,5,4,2,9,2,4,1,2,3,2,3,2,2,3,1,2,2,2,2,1,2,2,2,2,1,1,2,1,1,1,6,8,5,7,7,5,4,4,5,5,5,7,4,5,7,6,4,4,5,2,5,3,5,4,4,6,5,4,4,4,5,3,6,4,5,1,2,5,5,4,6,5,5,5,4,6,6,3,6,5,5,5,6,4,3,6,4,7,5,7,6,6,7,4,5,7,5,6,4,4,5,3,4,3,4,4,4,3,4,4,4,5,4,4,5,3,6,6,3,6,3,4,5,2
446,1,2,1,52,52,1,4,1,3,0,4,10,10,10,10,1,6,2,2,1,1,1,1,2,1,4,6,1,2,1,2,1,2,2,2,2,2,2,2,1,1,1,1,8,10,8,6,6,6,6,7,6,5,10,8,5,5,4,4,8,6,5,7,7,7,7,7,6,5,7,7,7,7,7,7,7,7,7,2,2,7,4,3,1,4,2,6,7,6,5,4,2,7,7,7,7,7,7,7,7,7,7,7,6,1,7,7,1,7,5,4,1,1,7,1,2,1,2,5,1,1,7,7,1,1,1,7,7,7,7,7,7,7,7,7,7,2
447,1,1,4,52,52,1,3,3,1,0,4,8,10,1,7,3,5,1,1,1,1,1,6,6,1,4,4,2,1,2,1,2,1,1,1,2,2,1,2,2,1,2,2,9,9,9,3,6,5,10,3,8,4,2,3,9,10,2,5,10,8,5,7,6,7,6,6,4,2,7,7,5,4,6,2,2,6,1,4,4,3,3,2,1,2,3,3,7,7,7,6,7,7,7,5,7,7,7,7,7,6,4,7,4,1,7,3,1,1,2,7,1,1,1,1,1,1,1,3,1,4,1,1,6,4,5,7,7,2,6,7,1,7,7,4,1,2
448,1,2,4,52,52,3,5,8,12,0,4,6,6,4,3,1,8,2,2,1,1,4,3,4,3,4,3,1,1,1,1,1,1,1,1,1,1,1,1,2,1,2,2,4,4,2,8,6,6,9,5,5,6,1,2,9,9,4,6,5,6,5,7,7,7,6,3,5,5,7,7,5,3,3,3,5,3,1,1,10,6,5,5,7,5,5,5,7,5,5,7,7,6,7,5,7,7,6,6,7,7,7,7,1,1,7,7,2,1,1,10,1,1,1,1,1,1,1,4,1,1,1,1,1,1,7,7,7,3,7,7,7,7,7,7,7,2
449,1,1,4,52,52,4,1,7,12,-3,6,10,9,4,8,5,4,2,2,2,4,2,5,4,1,2,5,2,2,1,1,1,1,1,1,1,1,1,1,2,1,2,2,5,6,2,1,3,4,6,2,8,3,5,5,4,3,3,5,7,7,5,7,6,5,5,3,4,5,2,5,3,5,4,3,3,4,1,1,1,5,3,2,2,2,5,6,3,3,2,5,7,5,6,2,6,6,3,2,5,7,2,6,1,1,6,7,4,2,6,4,1,1,1,1,5,4,6,3,1,4,5,7,1,1,1,6,6,2,5,7,7,6,6,6,3,2
450,1,1,2,4,174,3,1,4,2,2,4,6,6,9,6,6,8,2,2,7,7,7,7,7,7,7,7,2,2,1,2,1,2,1,2,1,2,2,2,1,1,1,1,8,6,5,4,7,7,7,8,8,7,8,7,8,8,8,3,8,7,5,1,2,2,2,2,1,1,2,2,3,2,2,1,2,1,3,7,7,2,1,1,1,3,1,2,2,3,3,3,3,2,1,2,2,3,2,2,3,3,4,3,4,5,5,4,2,3,7,7,5,5,5,6,5,6,6,6,6,6,5,6,6,6,5,1,2,1,5,3,1,3,1,3,1,2
451,1,1,5,52,52,2,5,4,1,2,3,5,7,4,1,3,5,1,1,1,5,2,5,4,4,5,1,1,2,1,1,1,1,1,2,2,2,1,2,2,2,1,1,6,7,7,5,9,5,5,2,3,3,3,5,10,9,8,9,5,7,5,6,6,6,5,4,4,3,5,5,7,5,5,3,3,3,4,2,1,4,5,3,3,2,3,5,5,6,5,5,5,4,4,2,6,5,6,6,6,4,2,4,1,2,6,5,1,1,3,3,1,1,1,1,7,7,7,1,5,6,5,5,2,1,3,5,6,4,5,6,6,6,6,5,5,2
452,1,1,2,52,52,1,1,3,1,0,5,4,1,7,2,1,8,2,2,1,3,6,2,6,2,3,4,2,2,2,2,1,1,1,2,1,2,1,2,2,1,2,2,4,1,8,2,7,5,10,3,10,0,10,1,8,10,10,1,8,10,5,7,7,7,4,3,3,2,6,4,7,7,5,5,4,5,1,7,7,4,6,2,5,3,6,6,5,4,1,4,1,5,6,1,5,4,1,3,5,3,1,2,1,1,6,7,2,2,6,1,1,1,1,1,1,1,1,2,1,1,5,5,4,1,3,2,7,5,1,7,7,5,7,2,4,2
453,1,1,2,52,52,1,4,5,1,-1,2,7,7,2,7,2,8,2,2,2,5,5,5,2,1,1,4,2,2,1,2,2,2,2,2,1,2,2,1,2,1,2,2,6,5,7,2,10,5,8,5,9,7,6,8,2,1,1,4,8,5,5,5,2,5,5,5,2,2,2,2,3,5,5,2,2,2,1,3,1,2,5,2,2,2,5,6,6,5,2,5,6,6,6,6,7,6,6,6,6,6,6,7,1,1,6,6,1,1,7,6,1,3,3,1,6,6,6,1,6,6,3,4,5,1,3,5,6,2,6,6,6,5,5,5,3,2
454,1,2,1,116,116,2,2,4,2,2,3,7,9,8,7,7,8,3,2,2,4,7,4,6,4,2,4,2,2,2,2,2,2,1,1,1,2,1,2,2,2,2,2,9,8,3,3,8,7,5,8,6,8,5,5,5,8,9,4,6,4,5,4,2,2,1,4,1,3,1,2,3,2,4,1,1,2,2,9,9,1,2,6,2,2,1,1,2,3,2,2,2,3,1,6,3,2,1,6,3,6,6,4,5,2,5,4,7,3,8,6,5,7,4,4,6,4,5,3,4,4,1,1,6,4,3,6,6,5,5,5,3,6,7,3,3,2
455,1,2,3,52,52,3,3,6,2,1,3,9,6,6,7,4,4,2,2,4,5,2,6,4,1,2,5,1,2,1,1,1,1,2,1,1,2,2,1,2,2,2,2,6,7,8,8,6,10,7,7,9,7,7,9,5,3,1,4,9,7,5,6,5,5,5,4,2,3,4,4,3,6,5,4,4,5,2,5,7,2,5,3,3,4,4,3,5,5,4,4,4,5,7,5,6,6,5,4,5,6,6,7,2,7,6,5,2,1,8,2,2,7,2,6,5,5,6,1,2,5,3,4,4,1,3,6,7,4,3,3,7,7,6,3,2,2
456,1,1,3,52,52,1,1,7,1,0,5,8,5,9,2,2,9,1,4,1,5,4,5,5,4,1,6,2,2,2,2,2,1,1,1,1,2,1,1,2,1,2,2,4,2,4,2,3,4,4,7,1,6,2,5,8,7,4,4,6,4,5,5,5,6,5,4,2,2,4,2,2,4,5,1,5,2,1,6,5,2,5,2,2,1,6,5,3,5,3,4,7,7,7,5,7,7,6,5,5,5,5,7,4,1,7,4,2,3,5,5,2,5,3,1,4,1,1,6,2,1,2,1,6,3,4,6,6,6,5,3,6,6,5,6,5,2
457,1,2,2,52,52,2,3,7,2,-4,3,10,9,3,9,2,4,2,2,1,1,3,6,1,7,1,6,2,1,1,1,1,1,1,1,2,2,2,1,2,2,2,2,3,4,6,6,5,6,4,6,6,5,5,5,6,5,6,5,5,5,5,7,1,1,5,1,2,1,5,7,3,3,2,1,2,2,4,10,7,4,3,2,4,2,2,4,1,5,3,3,7,7,7,6,1,7,7,1,5,7,7,7,7,7,7,7,7,7,3,5,1,1,1,1,1,1,5,7,1,1,1,1,1,1,1,7,2,2,7,7,2,7,7,2,2,2
458,1,2,4,52,52,3,1,9,2,1,3,10,10,1,5,2,8,2,2,2,4,3,4,5,2,3,4,1,1,1,1,1,1,1,1,2,2,2,2,2,1,2,1,3,3,7,6,4,5,5,1,6,5,6,4,7,6,6,9,3,7,5,7,7,7,6,3,3,4,6,7,3,4,6,4,4,4,2,7,8,5,3,5,4,5,3,3,5,2,4,5,7,7,7,4,7,7,7,7,6,7,7,7,1,1,7,3,1,1,5,2,1,4,1,4,4,4,4,4,4,4,3,7,2,1,1,7,7,2,6,7,7,7,7,4,1,2
459,1,2,5,52,52,3,2,5,12,-2,4,10,10,1,7,2,5,2,2,2,2,2,3,4,1,2,2,1,1,1,1,1,1,1,1,1,1,1,2,2,1,2,2,9,6,4,5,9,7,6,4,6,7,5,5,2,2,2,4,7,5,5,6,6,5,4,5,4,3,2,2,3,4,4,2,4,2,1,2,5,2,5,2,2,2,6,6,4,5,2,2,6,6,6,5,6,6,6,6,6,7,7,7,4,1,7,2,1,1,1,10,1,1,1,1,6,5,6,1,4,6,2,5,4,4,4,6,6,4,4,7,7,7,7,3,1,2
460,1,1,5,52,52,3,1,7,2,1,6,8,6,6,3,2,6,2,2,2,1,4,5,5,3,2,2,2,2,1,1,1,2,1,2,1,1,1,2,2,1,2,2,4,2,7,7,3,2,2,2,2,3,3,2,4,2,3,7,6,7,5,5,5,4,5,4,2,2,5,3,5,6,6,3,4,4,1,3,2,2,6,2,3,3,5,5,6,3,3,6,4,2,7,2,5,6,2,2,2,4,1,7,1,6,6,3,4,2,2,3,1,1,1,1,2,1,7,1,1,4,2,6,2,1,1,2,6,2,7,6,7,5,6,3,5,2
461,1,2,1,52,52,3,1,6,3,2,3,8,6,8,9,6,7,4,2,5,3,4,3,4,3,5,4,1,1,1,2,1,1,2,1,1,2,2,2,2,2,2,2,8,5,4,1,9,7,7,7,8,5,9,6,8,7,9,2,6,7,5,1,2,3,4,1,2,4,6,4,1,2,5,5,1,4,2,8,6,6,2,4,4,4,5,3,3,3,6,3,4,2,5,3,4,6,3,4,4,5,4,6,3,5,5,2,7,3,8,5,3,3,4,3,4,5,4,3,3,4,2,4,5,2,3,1,4,3,3,1,5,6,4,4,5,2
462,1,1,2,52,52,1,1,5,1,0,5,4,9,1,3,10,8,2,3,2,3,5,7,5,1,2,2,1,1,1,1,2,2,2,2,1,1,1,1,1,2,2,1,8,4,6,4,7,10,8,9,10,3,3,8,6,4,3,5,5,10,5,7,6,7,5,7,4,2,5,6,5,5,2,5,1,2,1,2,1,2,4,2,1,5,5,6,7,7,7,6,7,7,7,7,7,7,7,7,7,7,6,7,7,1,6,7,1,1,9,6,4,1,5,1,7,4,4,2,5,7,1,2,7,4,5,5,7,5,6,5,7,7,6,7,2,2
463,1,1,5,52,52,3,1,7,12,0,5,7,6,6,2,1,10,2,2,4,1,2,5,2,1,2,5,1,2,1,2,1,1,1,2,2,1,2,2,2,1,2,2,3,2,4,2,7,8,2,2,10,2,5,4,2,1,2,3,4,6,5,7,5,6,4,6,3,3,2,4,4,4,4,3,2,3,1,3,2,3,6,2,3,3,6,6,5,2,3,5,7,4,3,1,7,7,5,7,4,7,2,2,1,1,7,5,1,3,3,4,1,1,1,1,1,1,1,5,1,3,4,4,6,1,3,6,6,5,4,6,7,6,6,4,2,2
464,1,1,3,52,52,3,1,9,2,0,6,9,8,2,7,1,9,2,2,2,1,5,4,3,1,1,2,1,1,1,1,1,1,1,1,1,1,1,1,1,2,2,1,8,3,2,2,10,10,6,6,8,9,10,8,1,2,2,9,10,7,5,7,7,7,3,6,6,3,3,6,7,7,7,7,5,7,1,8,2,5,7,2,5,1,1,7,5,7,6,7,7,7,7,3,7,7,1,7,2,7,7,7,1,7,7,7,1,1,2,9,1,1,1,4,1,1,1,7,1,1,1,7,7,4,6,7,7,7,7,7,7,7,6,7,6,2
465,1,1,3,52,52,3,6,8,12,0,6,1,2,9,2,2,9,2,2,3,1,5,3,6,1,1,2,2,2,2,2,1,2,2,1,1,2,2,2,2,2,2,2,3,6,3,4,2,3,2,3,7,3,3,4,4,4,8,8,3,8,5,7,6,7,6,5,4,5,5,3,5,6,6,5,5,6,1,2,9,3,3,2,3,5,3,3,4,4,5,5,7,7,7,3,5,5,5,5,5,5,7,7,3,5,6,4,4,4,3,2,2,6,1,1,2,4,5,6,4,1,1,1,1,1,2,6,7,6,5,7,7,7,5,7,1,2
466,1,2,2,52,52,3,1,6,1,0,4,6,4,6,3,3,8,2,2,2,2,6,2,4,1,1,2,2,1,1,1,1,1,1,1,1,2,1,1,2,1,1,2,1,1,4,3,1,2,1,1,1,2,4,1,1,1,1,10,1,3,5,6,4,6,5,5,3,4,4,1,1,5,7,3,4,4,1,8,7,4,3,5,4,4,2,3,6,5,2,6,5,6,7,2,6,6,7,3,6,4,5,7,2,1,5,5,3,1,3,5,2,5,4,2,5,5,2,6,4,5,5,2,2,1,1,6,5,3,5,5,7,6,7,4,2,2
467,1,2,4,235,52,3,3,2,3,-3,2,2,2,7,2,2,6,2,2,7,6,1,6,6,1,3,6,1,1,1,1,1,1,1,1,1,1,1,1,1,1,2,2,2,3,8,6,3,8,5,6,8,8,8,9,9,8,5,2,9,8,5,6,2,3,6,2,5,4,4,6,5,2,7,6,5,6,7,3,2,3,6,4,4,6,6,2,2,4,5,1,3,5,7,2,6,4,4,4,4,5,2,6,1,1,6,6,1,2,6,2,1,1,1,1,1,4,2,6,2,1,1,1,1,1,1,4,6,3,6,7,6,7,4,5,4,2
468,1,1,4,52,52,4,3,4,2,-2,4,5,5,3,4,2,7,2,2,2,3,3,3,3,2,1,4,2,2,2,2,1,1,2,1,1,2,2,2,2,1,2,2,8,4,6,2,7,5,4,3,7,3,7,3,2,2,2,5,3,5,5,6,5,6,5,3,2,3,4,4,3,5,4,4,4,4,1,5,4,4,4,2,4,2,6,6,6,5,4,4,6,5,6,5,6,6,6,5,6,6,3,7,3,1,6,6,1,1,6,6,1,4,3,1,3,4,4,4,2,3,5,4,6,4,2,6,6,1,4,6,6,6,6,4,4,2
469,1,2,2,52,52,3,1,7,12,-2,6,7,8,2,8,7,7,1,2,2,3,3,3,5,6,1,6,1,2,1,1,1,1,1,2,1,1,1,1,1,1,2,1,3,6,9,9,7,7,5,4,9,1,7,4,2,2,2,2,2,5,5,7,7,5,5,5,2,3,3,4,1,1,5,6,5,1,1,1,3,6,2,5,6,4,3,3,5,5,7,6,5,7,7,5,7,7,7,7,7,4,4,7,3,1,6,7,1,1,2,8,1,1,1,1,3,3,5,5,3,3,4,4,5,3,5,6,6,2,4,6,7,6,6,2,2,2
470,1,1,3,221,221,3,2,10,3,0,4,8,10,2,9,1,1,2,2,1,5,6,5,5,6,1,4,1,1,1,2,2,2,1,1,1,2,2,1,1,2,1,2,2,6,3,2,4,6,4,7,3,7,5,3,4,4,3,8,6,3,5,1,2,2,1,1,4,3,2,2,2,1,2,2,1,2,3,10,10,7,6,6,4,7,4,6,6,6,5,5,5,7,5,6,5,5,7,6,6,6,4,5,6,6,5,6,6,6,8,9,6,5,5,5,4,1,4,6,6,6,3,6,5,1,1,6,6,5,4,4,7,5,5,7,5,2
471,1,1,2,52,52,2,3,4,12,0,4,4,6,3,6,5,4,2,4,2,3,3,5,5,2,3,2,2,2,2,1,2,2,1,2,2,2,2,1,2,1,2,2,3,10,7,5,4,8,2,5,8,2,4,3,8,5,6,5,5,5,5,6,5,5,5,4,2,1,5,4,4,5,6,2,2,4,1,1,3,4,3,4,6,3,3,4,5,6,5,4,6,6,7,6,7,7,7,7,7,6,3,7,6,1,7,4,1,1,1,8,1,1,1,4,5,7,7,1,4,6,1,3,5,1,4,4,6,5,6,4,7,4,3,3,4,2
472,1,1,2,240,240,2,1,7,2,3,5,9,10,3,8,10,3,2,4,7,6,2,6,1,1,5,1,1,1,1,1,1,1,1,1,1,1,1,1,2,1,2,1,5,5,1,1,6,6,2,1,5,0,1,7,1,1,1,10,5,6,5,7,5,6,5,5,2,5,6,2,7,4,3,5,2,5,1,10,5,5,6,1,2,1,6,7,6,7,7,1,6,6,7,6,7,7,7,7,7,7,6,7,5,1,7,3,1,1,1,1,3,4,1,1,1,6,1,6,1,1,1,1,5,4,6,7,7,5,7,7,7,7,7,7,1,2
473,1,1,5,52,52,5,2,6,10,-3,5,10,6,1,3,1,9,2,2,1,1,1,5,5,1,1,5,1,2,2,1,1,1,1,1,2,2,2,1,2,1,2,2,2,3,2,2,5,8,3,3,6,7,6,4,3,3,2,6,6,3,5,7,7,6,5,4,4,3,5,4,5,6,7,5,4,4,1,1,1,3,6,2,3,6,6,6,6,3,4,3,7,7,7,4,7,7,7,5,7,7,7,7,2,1,7,5,2,1,2,5,1,3,2,1,1,1,1,6,1,1,1,4,5,1,3,7,7,6,5,4,7,7,7,2,1,2
474,1,1,4,52,52,4,2,5,9,-2,5,8,2,2,2,5,4,1,2,3,3,2,5,5,2,1,6,1,1,1,2,2,1,1,1,1,1,2,1,2,1,2,2,4,5,8,3,8,8,6,4,10,2,7,8,6,2,2,3,5,7,5,4,5,3,6,3,5,6,6,2,3,7,5,2,3,5,1,2,8,5,2,3,4,5,2,5,5,6,5,3,5,7,7,5,2,7,6,2,6,5,5,7,2,2,7,5,5,1,5,8,1,1,1,1,5,5,4,5,4,5,5,4,5,3,4,5,6,2,5,5,7,3,5,5,5,2
475,1,2,4,52,52,3,1,8,1,-1,5,10,8,2,8,4,8,2,3,5,1,5,6,3,6,3,5,1,1,2,1,2,2,1,2,1,1,1,1,2,1,2,2,3,8,5,5,7,7,8,4,6,7,5,3,4,1,5,5,9,1,5,7,6,7,6,5,6,2,5,2,5,5,5,5,2,2,1,6,6,5,2,3,2,7,6,6,6,7,5,7,7,7,7,5,7,7,7,7,7,7,7,7,5,1,7,7,1,1,2,9,2,3,3,1,1,1,1,5,1,1,2,5,6,1,1,6,7,5,5,7,7,7,7,5,5,2
476,1,2,3,52,52,4,6,3,2,1,4,9,9,2,10,5,2,2,2,1,7,1,6,3,4,5,2,1,1,1,1,1,1,1,1,1,1,1,2,2,1,2,2,7,8,7,5,5,5,3,3,3,2,3,3,5,2,4,8,8,5,5,7,6,6,4,4,3,3,4,4,4,5,4,4,4,5,1,1,1,2,4,3,6,2,6,4,7,7,5,7,7,7,7,1,7,7,7,7,7,7,6,7,1,1,7,2,1,1,1,8,1,1,1,1,7,7,1,1,7,7,4,3,6,4,5,6,5,5,7,7,7,5,7,5,4,2
477,1,2,5,52,52,3,1,6,1,0,4,8,8,3,5,1,5,2,2,2,6,2,5,4,2,2,5,2,1,1,2,1,1,1,1,1,2,2,1,2,1,2,2,6,5,6,4,7,6,5,5,7,6,7,4,6,4,3,5,3,5,5,7,7,4,4,5,2,2,5,4,2,5,5,2,2,2,1,7,5,4,5,2,3,2,5,5,6,6,2,5,6,5,6,4,6,6,6,6,6,6,5,6,2,2,6,3,2,2,6,7,1,4,4,1,6,6,6,2,2,4,2,3,6,1,3,6,6,5,5,6,7,6,6,3,2,2
478,1,2,5,52,52,3,5,8,1,3,6,8,8,2,5,1,9,1,2,1,6,2,6,5,1,6,1,2,1,1,1,1,1,1,1,2,1,1,1,1,1,1,2,4,2,5,3,5,5,2,2,9,1,5,1,9,8,4,10,8,8,5,7,7,7,7,2,2,2,7,7,5,5,6,5,4,5,1,7,6,6,6,6,5,5,3,3,6,1,6,5,6,7,7,7,7,7,7,7,7,6,6,7,7,1,7,5,1,1,1,10,1,1,1,2,7,4,6,1,7,7,1,1,7,1,6,7,7,4,5,7,7,7,7,4,4,2
479,1,1,3,52,52,3,1,8,10,0,5,2,2,8,1,2,9,2,2,1,1,6,1,2,4,1,1,2,2,2,2,2,2,1,2,2,2,2,2,2,2,2,2,1,1,3,3,3,2,2,1,7,0,1,8,1,1,1,10,1,1,5,7,7,7,6,2,1,4,2,4,2,7,7,4,4,4,1,1,1,4,3,4,4,5,3,3,1,1,1,1,1,3,6,1,1,4,4,2,4,1,1,6,1,4,3,6,4,5,8,1,1,4,1,1,1,1,1,1,1,1,1,7,1,1,1,4,6,6,2,4,5,1,6,7,4,2
480,1,2,4,52,52,3,1,4,12,3,4,1,1,10,1,1,6,1,1,4,6,1,6,6,1,7,1,2,2,2,2,2,2,1,2,2,2,2,2,1,2,1,1,6,1,5,1,1,5,1,1,5,0,3,1,10,6,10,10,4,10,5,7,7,7,7,1,3,4,7,7,7,7,7,5,6,7,4,1,5,4,1,4,7,7,1,1,1,1,1,1,6,5,7,1,1,1,1,1,1,6,5,6,1,3,5,2,6,2,10,1,1,1,1,1,1,1,4,1,1,4,1,6,2,1,1,4,7,4,7,4,5,2,6,4,4,2
481,1,2,5,52,52,5,5,5,2,0,4,7,6,3,2,1,8,2,2,1,2,4,3,4,2,1,6,1,1,2,1,1,1,1,1,1,2,2,2,2,2,2,2,5,5,3,2,8,6,5,3,8,8,7,10,2,5,2,4,8,9,5,7,6,6,6,5,4,4,2,4,2,5,5,4,5,5,1,6,1,3,3,2,2,2,5,6,5,4,4,4,5,6,6,5,6,7,6,5,7,5,6,7,2,1,7,5,1,1,9,5,1,3,3,1,4,4,4,5,4,4,1,4,4,1,1,7,6,5,4,7,7,7,7,4,6,2
482,1,2,4,52,52,4,1,5,2,0,4,9,5,1,8,1,7,2,4,5,1,2,6,1,5,6,1,1,1,1,1,2,1,1,2,1,2,1,2,2,1,2,2,7,5,7,7,6,10,10,1,10,1,7,5,10,9,9,10,1,8,5,7,7,6,7,4,1,1,6,7,7,7,7,5,7,7,1,1,1,3,1,2,2,5,7,7,7,4,1,7,7,7,7,4,7,7,7,7,7,7,7,7,1,7,7,7,7,7,1,10,1,1,1,1,1,1,1,1,1,1,1,4,7,7,1,7,6,3,7,7,7,7,7,4,4,2
483,1,1,2,52,52,2,1,8,12,3,6,8,7,2,3,6,7,2,2,5,5,5,5,4,2,2,6,1,1,1,1,1,1,1,2,2,1,1,1,2,1,1,1,9,6,4,3,10,10,2,1,5,7,8,4,2,8,2,5,3,4,5,6,6,5,2,2,3,4,3,2,2,2,5,1,2,2,1,1,1,4,3,3,4,4,6,5,1,5,4,2,5,6,7,3,7,6,5,6,6,3,3,6,1,1,6,6,2,2,1,6,1,1,1,1,4,2,2,5,1,3,2,6,2,1,2,6,6,3,5,3,7,6,6,6,2,2
484,1,2,3,52,52,2,3,4,12,0,2,9,8,1,5,3,7,2,2,3,1,2,6,4,1,1,6,1,1,1,1,1,1,1,2,1,1,1,1,2,1,2,1,1,1,4,3,8,10,4,3,8,6,4,7,7,4,8,5,10,6,5,6,6,4,4,4,4,4,4,4,5,5,6,1,4,5,1,1,4,5,6,2,2,2,6,6,5,1,2,5,7,6,7,6,7,7,6,7,6,5,5,7,5,1,7,5,1,1,4,6,1,1,1,1,1,1,1,4,6,4,5,7,4,1,6,7,7,6,7,7,7,7,7,7,1,2
485,1,1,4,52,52,3,1,7,12,-1,6,9,3,1,5,1,9,2,2,1,1,4,5,1,1,1,5,2,1,1,1,1,1,2,1,1,2,2,2,2,1,2,2,8,3,3,3,4,3,10,2,3,10,7,7,3,2,2,2,8,7,5,7,6,7,5,5,1,2,2,1,5,1,2,2,2,1,1,1,3,2,5,1,2,1,6,6,5,6,4,2,7,7,7,7,7,7,7,7,7,7,7,7,7,1,7,4,1,1,5,1,3,3,3,1,4,6,7,1,1,3,4,4,5,1,2,7,7,5,4,6,7,7,7,5,2,2
486,1,1,4,52,52,1,1,6,1,2,4,8,9,2,8,1,7,1,2,5,4,2,6,5,1,5,4,2,2,2,1,1,2,1,2,1,2,2,2,2,1,2,2,5,7,3,2,10,7,8,3,10,7,7,10,7,3,5,4,8,8,5,7,7,5,5,3,1,5,6,4,4,6,6,4,4,5,1,8,8,5,6,4,4,3,5,4,4,5,4,3,4,7,6,5,7,7,6,6,5,6,7,6,5,1,7,4,1,1,8,3,1,6,5,1,6,6,6,1,4,4,1,2,6,1,4,7,6,5,4,4,6,7,5,6,4,2
487,1,2,3,52,52,2,1,4,12,0,4,5,7,5,2,4,5,2,2,3,4,2,3,3,1,4,4,2,2,2,1,1,1,1,2,1,2,1,1,2,1,2,2,7,5,4,4,7,7,3,4,5,3,7,5,1,1,1,4,4,4,5,6,6,6,6,3,4,4,5,4,4,7,6,4,4,6,1,1,3,4,6,2,4,4,5,4,4,3,3,4,6,6,6,4,6,6,5,4,5,6,7,7,2,1,7,4,2,1,1,5,1,1,1,1,4,4,3,4,4,3,2,3,5,2,3,5,6,4,4,5,6,7,4,7,3,2
488,1,2,2,183,52,2,1,6,5,1,5,10,6,2,6,5,7,2,2,2,2,1,6,4,1,3,2,1,2,1,1,2,1,1,2,2,1,1,1,2,1,2,2,5,4,6,2,5,10,2,2,5,0,6,5,5,6,5,7,2,6,5,6,5,6,6,4,3,1,2,5,6,6,4,2,2,2,1,8,4,4,6,3,3,3,5,6,3,5,4,5,7,7,7,7,6,7,5,7,6,7,7,6,5,1,7,2,1,1,2,8,1,2,5,1,1,1,4,2,1,3,5,6,3,1,2,5,4,4,2,7,7,7,4,2,1,1
489,1,1,4,52,52,1,5,7,10,-4,4,3,3,1,2,2,10,2,2,1,1,4,2,2,2,1,6,1,1,1,1,1,1,1,1,2,1,2,1,1,1,1,1,3,2,5,3,7,1,6,1,3,6,2,2,2,1,2,3,2,4,5,7,6,5,5,5,2,7,1,1,3,4,2,1,1,2,1,1,1,3,6,1,2,1,6,7,6,5,3,5,5,7,7,5,6,7,7,7,7,2,4,7,4,7,7,6,7,7,3,1,1,1,1,1,7,7,7,1,7,7,3,1,7,6,4,6,7,5,6,3,7,7,7,2,1,1
490,1,1,3,52,52,1,1,9,4,-1,5,9,10,1,9,3,8,2,2,1,1,7,1,6,1,2,5,1,1,1,1,1,1,1,2,1,1,1,1,1,1,1,1,8,3,5,3,10,8,7,1,8,5,8,8,3,4,8,3,7,7,5,7,6,6,5,5,2,5,5,1,2,6,3,2,4,2,3,10,10,1,4,1,6,1,6,6,6,5,2,7,7,7,7,7,7,7,7,7,7,7,6,7,7,3,7,6,1,1,1,10,1,5,4,1,4,4,5,5,5,5,5,6,4,3,4,4,7,7,7,1,6,7,7,5,1,1
491,1,2,5,52,52,3,5,4,12,-2,5,10,5,2,4,1,5,2,2,1,2,1,6,4,2,1,6,2,2,1,2,1,1,1,1,1,2,1,2,2,1,2,2,3,1,4,1,2,9,4,4,4,7,2,9,1,1,1,3,4,7,5,6,5,5,5,5,1,1,2,1,1,5,3,2,2,1,1,1,5,3,4,1,2,2,6,6,4,3,2,4,7,7,7,5,7,7,6,7,7,7,7,7,5,7,7,5,1,1,1,10,1,6,4,2,1,1,5,1,1,1,1,1,7,1,1,6,7,5,5,5,7,2,6,4,3,1
492,1,1,3,174,52,1,1,7,11,0,5,5,1,7,1,1,10,3,4,1,4,7,1,1,1,1,7,2,2,2,1,2,1,2,2,1,2,2,1,2,2,2,2,8,5,3,3,10,3,4,1,10,6,5,4,1,1,1,1,4,3,5,7,3,7,5,3,1,1,2,1,1,5,6,2,2,4,1,1,4,1,1,1,2,5,2,4,1,1,1,1,4,5,5,6,6,6,2,4,5,5,4,7,1,1,6,3,1,5,10,1,1,1,1,3,1,1,5,1,1,4,1,7,1,1,1,5,7,2,1,1,7,5,6,7,1,1
493,1,1,3,52,52,3,1,8,2,-1,6,7,9,2,5,1,8,1,2,1,1,5,2,4,1,1,5,1,1,1,1,2,2,1,2,1,1,1,1,2,1,2,2,5,2,3,2,5,5,2,2,5,1,2,2,2,2,1,4,5,3,5,6,5,6,2,6,4,2,2,2,3,1,1,5,1,1,1,5,5,2,6,2,2,1,6,6,4,2,2,3,6,6,6,4,7,7,6,6,7,7,7,7,2,1,7,5,1,1,1,8,2,6,4,2,4,2,6,1,1,6,1,1,7,1,5,6,6,6,7,6,7,5,7,6,1,1
494,1,1,4,52,52,3,2,4,10,-1,6,9,8,3,5,4,2,1,2,6,6,2,7,4,5,3,3,1,1,1,1,1,1,2,1,1,1,2,2,2,2,2,2,8,9,7,7,9,10,9,4,9,7,5,10,5,5,3,5,9,8,5,5,5,3,6,4,3,5,4,1,3,5,5,4,1,2,1,1,1,5,3,3,3,5,5,6,6,6,3,5,5,6,7,3,7,5,5,7,5,5,6,2,1,1,6,2,1,1,8,2,1,1,1,1,5,6,7,1,3,6,6,6,4,3,2,5,6,1,6,2,6,7,6,6,1,1
495,1,2,5,52,52,3,3,4,12,0,6,10,8,6,9,1,5,2,2,1,1,3,4,5,3,2,2,2,2,2,1,1,2,1,1,2,1,2,2,1,1,2,1,6,6,3,1,3,10,10,4,6,6,2,4,2,3,8,2,3,8,5,5,5,7,7,7,3,4,4,4,4,7,2,3,6,7,1,1,8,5,5,5,4,5,3,3,4,5,5,3,7,1,7,1,1,7,7,7,7,7,1,7,1,1,7,4,1,1,8,1,1,1,2,4,4,4,6,2,4,7,4,1,5,1,1,5,4,1,4,6,7,4,6,4,6,1
496,1,1,3,52,52,1,1,4,2,1,5,8,7,6,5,1,5,1,1,5,1,3,4,5,4,5,2,1,1,1,1,2,1,1,2,2,2,1,2,2,1,2,2,8,8,10,3,7,10,1,1,10,0,6,3,2,1,2,10,10,7,5,6,6,7,6,4,2,3,4,7,6,5,7,5,1,2,1,1,1,5,2,6,1,4,4,4,3,4,4,5,4,6,7,5,4,6,4,4,4,4,6,7,3,1,6,6,1,1,10,5,1,1,1,1,1,1,4,4,1,1,4,7,1,1,1,5,7,2,7,7,7,1,7,1,7,1
497,1,1,5,52,52,5,3,5,12,0,1,10,5,1,1,1,10,2,2,7,7,1,7,7,7,7,7,2,1,2,2,2,1,1,1,2,2,2,1,1,1,2,1,2,5,9,9,2,2,2,2,2,10,2,2,2,2,2,9,2,2,5,7,7,7,7,4,7,7,4,4,4,4,4,4,4,4,4,2,2,4,4,4,4,4,4,4,4,4,4,4,4,4,4,4,4,4,4,4,4,6,1,7,1,4,4,7,7,1,2,2,1,1,1,1,1,1,1,7,1,1,1,1,1,1,4,1,1,1,1,1,1,1,1,1,1,1
498,1,1,3,52,52,1,3,2,2,0,2,1,1,2,1,1,5,1,1,4,4,1,4,4,1,1,4,2,2,2,1,1,1,1,1,1,2,2,2,2,2,2,2,2,1,6,7,1,1,1,1,1,5,5,1,1,1,1,6,1,1,5,7,4,7,7,1,1,1,4,4,1,4,4,4,4,1,1,1,1,4,1,4,4,4,4,4,3,4,1,5,4,4,6,4,7,7,6,7,7,2,1,4,1,7,6,7,7,7,1,1,1,1,1,1,4,4,3,4,4,4,1,7,1,1,1,4,7,1,4,4,5,4,6,4,1,1
499,1,1,2,52,52,2,1,5,12,-3,6,8,5,1,5,1,5,1,2,1,1,4,5,1,1,1,7,1,2,1,1,1,2,2,1,1,2,2,1,2,2,2,2,3,3,6,5,5,10,5,1,5,4,1,7,3,1,1,2,5,6,5,6,4,3,3,5,3,4,1,1,3,2,2,1,1,1,1,1,1,2,5,2,3,2,6,6,6,6,4,6,7,2,6,4,7,7,4,6,6,7,4,7,2,3,7,7,4,1,3,4,1,1,1,1,6,7,4,1,4,4,5,6,2,1,1,6,6,4,5,1,7,5,7,4,2,1
500,1,1,1,52,52,1,1,7,1,-1,6,9,3,7,6,7,4,2,2,1,1,5,3,3,1,4,3,1,2,1,1,1,1,1,2,1,1,1,2,2,2,1,1,2,3,1,3,6,5,4,6,10,0,3,2,5,3,2,6,9,2,5,5,4,2,5,4,3,7,4,5,2,1,5,6,4,3,4,5,9,3,3,7,3,5,7,6,5,2,2,4,4,4,7,3,2,5,6,4,3,4,5,6,1,3,5,6,4,5,5,6,4,6,5,5,6,5,4,5,5,3,2,5,4,3,2,6,3,6,1,2,5,5,4,6,3,1
501,1,2,2,52,52,2,1,5,12,-2,6,6,5,3,4,1,6,1,2,5,4,4,5,2,1,1,6,2,2,2,1,1,1,2,2,1,1,2,1,2,1,2,2,7,4,3,3,8,8,5,4,6,3,7,6,1,1,1,2,3,8,5,6,6,3,4,4,3,1,2,1,1,5,5,4,3,3,1,1,2,3,3,2,2,2,5,6,5,3,1,2,4,5,7,5,7,6,4,6,7,5,6,7,1,1,7,4,1,1,1,6,1,1,1,1,6,3,4,3,2,5,6,4,4,1,2,6,6,2,5,1,7,7,6,2,2,1
502,1,1,2,52,52,1,2,5,9,-5,2,10,5,1,8,3,3,2,2,3,7,3,5,4,1,1,4,2,2,2,2,1,1,2,1,1,2,2,1,2,1,2,2,6,6,4,2,10,10,7,1,3,8,7,8,2,3,1,5,10,5,5,7,5,5,6,2,3,4,2,1,2,6,6,5,3,2,1,3,3,5,2,1,2,2,5,5,6,4,5,4,7,6,7,4,7,6,2,5,5,7,7,7,1,1,7,7,2,1,9,5,1,2,1,1,5,3,6,1,1,3,4,4,1,1,1,6,7,1,5,1,7,6,6,4,1,1
503,1,2,5,52,52,2,1,3,10,-2,2,10,10,1,8,1,4,2,2,2,1,2,7,6,1,1,4,1,1,1,1,1,2,1,1,1,1,2,1,2,2,2,2,8,7,4,1,7,10,10,5,7,6,7,5,4,1,1,3,10,5,5,7,7,7,5,4,2,2,6,2,3,6,5,2,4,2,1,1,7,5,2,2,2,2,5,6,6,7,4,6,7,7,7,7,7,7,7,7,7,7,7,7,1,1,7,2,1,1,3,7,1,3,1,1,7,5,7,1,1,1,1,1,7,1,4,7,6,2,2,4,7,7,7,7,2,1
504,1,1,5,52,52,4,5,2,2,0,3,8,7,1,3,1,10,2,2,1,3,2,5,4,3,2,2,2,2,2,2,2,2,2,2,2,2,2,2,2,2,1,2,1,1,7,7,3,2,1,2,2,0,1,1,2,1,1,9,10,1,5,7,5,5,5,5,1,5,5,3,5,5,3,1,1,3,1,1,1,3,6,2,5,3,5,3,5,7,3,5,5,7,7,5,7,7,7,7,7,7,7,7,7,1,7,7,1,1,1,5,1,5,1,1,1,1,1,7,1,1,1,7,7,1,7,7,7,3,7,7,7,7,7,5,1,1
505,1,2,3,1,1,3,3,2,8,3,2,1,5,1,9,5,5,1,2,2,7,6,2,1,1,5,1,1,1,2,2,2,1,1,1,1,2,1,1,2,2,1,1,9,5,3,6,3,5,2,5,4,9,5,9,5,5,5,9,5,2,5,2,6,5,2,6,5,5,2,5,2,7,5,5,1,1,5,9,9,7,2,5,5,7,7,2,7,1,1,1,7,2,5,5,7,7,7,5,5,7,2,5,5,4,7,5,5,5,1,3,2,5,5,5,5,1,7,6,6,5,7,5,5,5,2,6,5,3,4,1,1,5,1,5,5,1
506,1,2,5,52,52,3,1,5,2,3,5,2,2,1,5,1,7,1,4,2,1,1,5,4,1,5,1,2,1,2,1,2,1,1,1,1,2,1,2,1,2,1,1,5,5,6,6,7,7,4,3,5,5,6,7,6,5,5,8,6,8,5,7,6,6,6,2,1,4,6,4,5,5,7,3,4,4,1,6,6,4,3,3,3,4,4,4,5,3,4,3,6,6,6,3,6,6,3,4,4,7,6,7,3,1,7,4,1,1,4,5,1,4,1,1,4,4,4,4,4,4,2,7,1,1,4,5,7,6,4,7,7,7,7,3,3,1
507,1,2,2,52,52,1,4,5,2,0,5,8,9,1,5,1,4,2,2,1,1,2,5,1,1,2,2,1,2,1,1,1,1,1,1,1,2,1,1,2,2,2,2,5,5,9,8,8,6,8,2,3,1,8,8,3,1,2,9,7,3,5,7,4,4,5,3,1,1,4,1,4,5,1,1,4,1,1,1,1,1,7,1,4,1,2,6,5,6,3,3,5,6,7,7,7,7,6,7,7,3,5,7,1,1,6,5,1,7,1,2,1,5,1,1,2,2,2,6,2,3,5,7,3,1,1,6,7,3,6,7,7,3,7,4,1,1
508,1,2,3,52,52,3,1,7,10,0,4,3,3,7,2,3,9,2,2,1,1,3,3,4,1,3,5,2,2,2,1,2,1,1,1,2,1,2,1,1,2,2,1,7,3,4,1,4,8,4,5,8,1,8,8,8,7,5,8,7,8,5,7,5,7,5,4,4,4,5,4,6,4,5,5,5,5,1,2,5,1,7,4,4,4,4,6,5,4,4,5,7,7,5,1,7,7,6,5,5,7,7,4,1,1,7,7,2,1,8,1,1,2,4,1,1,1,5,3,2,1,1,5,5,1,2,7,7,5,5,4,6,7,7,7,4,1
509,1,1,1,52,52,1,1,8,10,-2,4,7,8,2,3,3,6,1,2,1,5,7,7,4,1,1,6,2,1,1,2,1,1,1,2,1,1,2,2,2,2,2,2,6,3,10,4,7,1,9,2,8,3,1,8,2,2,1,3,10,5,5,3,5,7,6,2,4,4,2,2,2,7,7,5,7,7,1,2,10,2,3,2,3,2,5,5,4,7,1,5,7,7,7,5,7,7,6,7,7,6,7,7,5,1,7,6,1,1,2,6,1,1,2,1,7,7,4,3,5,7,5,4,4,2,6,6,7,1,6,5,7,7,7,5,1,1
510,1,2,2,52,52,2,1,8,1,0,4,9,10,1,9,1,6,1,2,3,1,7,3,4,1,4,4,1,2,2,1,1,1,1,2,1,2,1,1,2,1,2,2,8,6,1,1,7,10,3,5,10,2,6,2,1,3,5,6,10,5,5,7,7,6,5,5,1,1,5,7,5,6,7,3,4,4,1,10,4,5,5,3,1,1,7,7,7,7,1,7,7,7,7,5,7,7,7,7,7,6,7,6,5,1,7,7,1,1,3,6,1,7,1,1,7,7,4,1,5,7,1,1,7,1,7,4,7,4,7,7,7,7,7,7,1,1
511,1,2,5,52,52,4,2,3,1,0,4,10,10,1,7,10,1,2,2,4,1,4,7,4,1,7,4,1,1,1,1,2,1,1,2,1,1,1,1,2,2,2,1,1,1,10,9,5,10,1,3,10,0,5,1,10,10,10,10,10,4,5,7,7,5,7,7,7,4,5,7,7,7,7,5,7,7,4,1,1,7,7,5,1,4,5,5,7,7,7,7,7,7,7,7,7,7,7,7,7,7,7,7,7,7,7,7,7,7,1,10,1,1,1,1,7,7,7,1,7,7,7,7,4,1,1,4,7,4,5,7,7,7,7,7,1,1
512,1,2,2,52,52,3,3,5,12,0,2,1,5,9,1,5,5,2,2,4,4,4,3,4,1,4,4,2,2,2,2,2,2,2,2,1,2,1,2,1,2,1,1,1,1,6,6,5,7,1,5,1,0,6,1,3,5,2,1,1,3,5,7,4,6,4,4,4,4,3,1,4,5,5,7,5,4,1,1,1,4,4,4,1,4,7,4,7,2,1,5,7,7,7,1,7,7,4,4,4,6,6,7,1,1,7,7,1,1,10,1,1,1,1,1,1,1,1,1,1,1,1,1,7,1,7,4,6,2,7,4,7,7,7,7,7,1
513,1,2,4,52,52,1,2,7,12,-3,6,5,1,1,1,1,6,2,2,1,1,4,5,1,1,1,6,2,2,1,1,1,2,2,1,1,2,2,1,2,1,2,2,2,2,8,8,4,6,5,2,7,6,4,2,1,1,1,3,1,6,5,7,5,5,6,4,1,4,1,1,1,1,1,1,1,1,1,1,1,2,6,2,2,2,4,6,6,6,2,5,5,4,7,4,7,7,7,7,7,4,1,7,1,1,6,5,1,1,1,5,1,1,1,1,6,7,7,1,5,5,6,7,4,1,1,6,6,4,4,4,7,6,7,2,1,1
514,1,1,5,52,52,3,3,6,12,-2,5,9,8,1,6,1,5,2,2,1,5,3,6,4,1,1,5,1,1,1,1,1,1,1,1,1,1,1,1,2,1,2,2,8,8,4,3,9,9,10,5,9,8,9,10,2,4,2,3,9,9,5,7,6,4,5,5,3,4,4,5,2,4,4,2,1,1,1,1,1,2,5,2,2,2,6,6,4,6,4,7,7,7,7,6,7,7,6,7,7,7,2,7,2,1,7,7,1,1,6,8,1,7,1,1,4,4,4,4,4,4,3,2,7,2,2,7,6,6,4,2,7,6,7,5,1,1
515,1,2,3,52,52,2,1,2,12,-2,3,10,1,10,3,1,2,2,2,5,4,4,6,4,4,2,5,2,2,2,2,1,1,2,1,2,2,2,2,1,2,1,1,1,1,10,10,1,3,1,1,4,2,6,5,1,1,1,4,7,7,5,7,7,7,7,1,5,6,4,4,5,7,7,4,7,7,5,1,5,4,1,1,7,7,1,1,1,1,1,1,1,1,6,1,1,1,1,1,1,1,1,6,1,4,2,4,5,4,10,1,1,1,1,1,1,1,7,6,1,1,1,7,1,1,1,6,6,1,1,1,6,6,6,6,1,1
516,1,2,4,52,52,1,3,7,12,0,5,10,9,1,10,2,3,2,2,7,4,1,6,5,2,3,4,2,2,1,1,2,2,1,2,2,2,2,1,2,1,2,2,9,10,6,4,10,10,9,3,10,9,8,5,7,2,7,4,10,9,5,7,6,5,7,1,3,2,7,7,5,3,6,6,7,5,1,2,8,7,2,1,1,2,3,6,7,7,7,7,7,7,7,7,7,7,7,7,4,7,7,7,7,1,7,5,1,1,6,10,2,6,5,1,1,1,1,5,1,1,1,7,6,1,6,5,7,5,7,7,7,4,6,6,1,1
517,1,2,2,52,52,2,4,6,10,-3,5,8,10,1,6,4,6,1,2,2,2,6,5,2,1,1,6,2,2,1,1,1,1,1,1,1,2,2,1,2,1,2,2,8,5,4,2,4,6,7,3,9,10,5,5,1,1,1,2,7,3,5,7,5,5,5,5,3,2,4,2,2,3,4,3,2,3,1,3,3,4,4,2,5,2,5,6,5,6,2,5,4,7,7,5,7,7,7,7,6,6,7,7,1,1,7,7,1,1,2,7,1,1,1,4,5,5,7,1,2,4,4,4,1,1,2,5,5,4,2,4,7,5,6,3,2,1
518,1,2,5,52,52,5,6,6,1,0,6,8,8,1,5,1,5,2,2,1,1,4,5,4,1,2,5,1,1,1,1,1,1,1,1,1,1,1,1,2,1,2,2,8,3,6,2,4,5,3,2,10,8,3,6,2,1,2,3,7,5,5,7,5,4,2,5,2,3,2,2,3,3,2,2,1,1,1,1,1,1,6,1,1,1,7,7,3,3,4,2,7,7,7,6,7,7,6,7,7,6,7,6,1,7,6,6,7,7,1,8,1,1,1,1,4,4,7,1,1,6,1,7,1,1,1,7,7,3,4,6,7,7,7,1,2,1
519,1,2,3,52,52,2,1,8,2,-4,4,8,9,1,2,1,7,2,2,1,1,5,1,4,1,1,5,2,2,2,1,2,2,2,2,2,2,2,1,2,1,2,2,2,1,4,2,6,1,9,1,3,3,4,4,1,1,1,2,6,4,5,6,7,3,3,2,1,2,4,5,5,3,6,3,1,3,1,7,3,5,6,1,5,2,6,5,7,7,7,6,3,7,7,5,7,7,5,5,7,6,7,7,1,1,7,6,3,1,1,5,1,6,1,1,7,7,7,3,7,7,6,7,7,4,6,6,7,2,7,6,7,7,7,2,6,1
520,1,1,4,52,52,3,1,4,1,-2,4,9,6,2,6,2,5,2,2,2,2,1,5,4,1,1,4,1,2,1,1,2,1,1,1,1,1,1,1,2,1,2,2,6,5,5,5,4,7,6,4,4,6,7,9,3,3,2,3,9,10,5,7,6,6,6,4,2,2,4,2,3,5,4,3,2,4,1,1,1,4,4,3,5,4,4,3,5,7,6,5,7,7,6,2,7,7,3,6,6,6,2,7,1,7,6,6,7,7,2,4,1,1,1,1,6,7,7,1,5,6,7,6,2,1,1,7,6,1,6,4,7,3,7,3,1,1
521,1,2,4,52,52,3,1,7,12,-2,4,9,6,1,3,1,7,1,2,7,1,4,5,6,2,1,6,2,1,2,2,1,1,1,1,2,1,2,2,2,2,2,2,9,5,5,2,8,10,6,1,7,1,6,6,1,1,1,1,7,7,5,6,6,4,4,5,2,2,2,2,2,5,5,3,2,2,1,1,1,3,6,2,2,2,6,5,6,6,1,5,7,3,7,6,7,7,4,7,7,7,1,7,1,1,7,7,1,1,1,10,1,6,5,1,7,5,1,1,1,4,1,1,6,1,4,7,5,4,4,6,7,6,7,5,3,1
522,1,2,4,52,52,2,1,7,2,0,4,6,6,7,5,3,8,2,2,4,5,6,5,3,3,4,6,2,1,2,2,1,1,1,2,1,2,2,1,1,2,1,2,3,8,4,3,7,7,7,2,4,4,6,7,3,2,5,1,2,6,5,7,6,6,5,5,4,1,3,3,3,3,3,5,1,5,1,5,4,4,5,2,3,6,5,6,6,5,3,6,6,7,5,5,7,7,7,7,6,5,5,6,2,1,7,5,1,1,2,8,1,3,1,1,4,1,1,4,1,4,4,2,5,1,5,6,7,3,5,5,7,7,7,5,2,1
523,1,2,2,52,52,1,4,4,2,2,5,4,2,10,2,1,7,1,2,3,5,3,3,3,1,3,1,2,2,2,2,2,2,1,1,2,1,2,1,1,2,1,2,5,5,7,7,7,10,4,1,6,3,4,8,3,4,1,8,2,4,5,6,7,6,6,2,1,1,4,5,5,7,5,6,4,4,1,1,3,4,3,1,1,6,1,4,1,1,1,1,3,5,5,1,5,4,2,2,2,3,1,6,1,7,6,3,4,3,9,1,1,4,4,1,1,2,5,4,1,4,1,6,1,1,1,1,7,1,1,1,1,7,6,5,1,1
524,1,1,2,52,190,3,1,7,11,-2,4,5,8,1,6,1,10,2,2,3,1,5,5,2,4,2,5,2,1,1,1,1,2,1,2,1,1,2,1,2,2,2,1,5,2,4,4,6,9,10,4,7,5,5,3,1,2,4,4,6,5,5,7,6,5,6,4,3,2,1,5,4,7,5,2,5,7,1,1,5,1,7,6,7,1,6,6,7,4,4,7,7,7,7,7,7,7,7,7,7,7,7,7,6,7,7,7,1,1,1,2,1,1,1,1,6,5,1,1,1,5,6,7,3,1,2,7,7,2,3,7,7,7,7,1,2,1
525,2,2,4,69,69,3,1,6,11,0,5,10,10,1,6,1,6,1,1,5,1,1,6,1,1,4,4,1,1,1,1,1,1,1,1,1,1,1,1,1,2,1,1,3,4,9,8,6,5,5,6,5,6,6,2,5,6,6,6,3,5,5,7,7,5,6,6,1,4,7,6,5,7,7,7,7,6,4,3,10,7,6,7,5,6,4,1,7,1,5,7,5,7,7,7,7,7,7,7,7,6,7,7,7,7,7,7,7,7,10,5,1,7,1,1,1,1,1,7,1,1,1,4,4,4,4,6,6,7,7,7,7,7,6,7,5,7
526,2,1,3,69,69,3,1,5,9,-1,4,6,8,5,5,1,5,2,3,5,5,5,5,5,1,4,4,2,2,2,1,1,2,1,1,2,2,1,1,2,1,2,2,5,4,5,4,6,7,6,6,5,6,6,7,7,7,7,5,5,7,5,6,5,5,6,4,6,5,5,4,6,5,6,5,6,7,6,1,8,4,5,3,5,4,7,5,6,4,6,6,5,4,6,4,3,5,6,6,5,7,6,7,5,7,6,6,6,7,7,6,1,4,1,1,6,5,5,5,6,4,4,6,6,5,5,6,6,6,6,5,7,6,7,5,7,7
527,2,1,2,69,69,3,1,10,1,5,5,9,9,10,9,9,10,4,4,7,7,7,7,7,7,7,7,1,1,1,1,1,1,1,1,1,1,1,1,2,2,2,2,10,10,1,1,10,10,10,9,10,10,9,9,10,9,10,1,9,9,5,7,7,7,6,7,7,6,5,6,7,7,7,6,6,7,6,10,10,7,6,6,6,7,7,7,7,6,6,7,7,6,6,7,7,7,7,6,6,6,7,7,6,7,7,7,6,6,10,10,6,7,6,7,7,7,7,7,6,6,6,7,7,6,6,6,7,6,6,6,7,6,7,7,8,7
528,2,1,1,69,69,1,1,6,2,5,4,10,10,10,10,1,7,2,2,6,5,4,5,1,1,5,7,1,1,1,1,1,1,1,1,2,2,1,2,1,1,1,1,1,1,10,3,8,8,8,5,6,6,6,10,10,8,7,4,10,6,5,7,7,6,6,6,6,5,6,7,6,7,7,7,7,7,7,10,7,7,1,7,1,7,5,1,7,1,7,7,7,7,7,7,7,7,7,7,7,7,7,7,7,7,7,7,7,7,10,9,4,1,1,1,1,1,1,4,1,1,1,1,7,6,7,7,7,7,7,7,7,7,7,7,8,7
529,2,1,1,69,69,3,1,8,2,-1,5,10,10,2,10,2,5,1,4,7,7,5,7,1,1,1,7,1,1,1,1,1,1,1,1,1,1,1,1,1,1,2,1,5,8,7,7,10,8,3,6,6,6,4,6,5,5,4,5,5,8,5,7,7,7,6,6,5,6,4,4,6,5,5,4,4,4,3,10,10,6,3,2,4,5,5,7,6,4,4,6,7,7,7,7,7,7,7,7,7,7,7,7,7,7,7,7,7,7,5,3,2,7,1,4,7,4,1,1,7,7,1,1,7,4,7,7,7,1,7,4,7,7,7,4,1,7
530,2,1,2,249,69,3,1,8,1,1,5,9,9,9,9,9,9,2,3,5,5,5,5,5,5,5,5,1,2,1,2,2,2,2,1,1,2,2,2,1,2,1,2,8,8,2,1,9,9,8,9,8,8,9,7,8,7,8,2,8,9,5,6,7,1,7,4,7,6,7,7,7,7,7,7,6,7,6,3,4,7,7,7,7,7,7,7,7,7,7,7,7,7,7,7,4,7,7,7,5,7,7,7,7,7,7,7,7,7,9,9,7,7,7,7,7,7,7,7,7,7,7,7,7,6,7,7,7,7,7,7,7,7,7,7,8,7
531,2,1,4,69,69,3,1,7,10,2,8,10,10,1,10,10,1,2,4,7,7,1,7,1,7,7,1,1,1,1,1,1,1,1,1,1,1,1,1,2,1,2,2,1,1,6,1,10,10,10,10,10,10,10,10,10,10,10,10,10,10,5,7,7,7,7,1,7,7,7,7,7,7,7,7,7,7,1,1,1,7,1,7,7,7,1,1,7,7,7,7,7,7,7,7,7,7,7,7,7,7,7,7,7,7,7,7,7,7,1,10,4,4,4,4,5,5,6,5,4,5,6,5,4,3,5,7,7,7,7,7,7,7,7,7,8,7
532,2,1,3,69,69,1,1,6,2,3,4,9,10,1,8,1,4,1,2,7,5,3,6,3,1,1,7,1,2,1,2,1,1,1,2,1,1,1,1,2,2,1,1,5,5,4,3,10,9,7,1,7,0,6,1,1,1,1,3,6,7,5,7,7,7,5,5,2,5,7,2,5,7,7,7,6,7,1,7,7,7,3,7,5,7,3,1,6,7,7,7,7,7,7,1,7,7,7,7,6,7,6,4,1,6,6,7,7,7,8,9,1,1,1,1,6,6,1,1,7,7,6,3,4,4,3,7,7,7,7,7,7,7,7,7,8,7
533,2,1,2,69,69,1,1,6,2,3,5,10,10,1,10,1,1,2,4,5,5,1,6,6,1,5,3,1,1,1,1,1,1,1,2,1,1,1,2,1,1,1,1,9,10,10,8,10,10,2,4,10,5,7,10,4,3,5,7,10,10,5,7,7,7,7,1,4,7,7,4,6,7,7,6,5,4,1,6,3,7,7,7,7,7,1,1,1,4,5,1,7,7,7,7,7,7,7,7,7,7,7,7,7,7,7,7,7,7,8,1,1,4,1,1,6,4,4,1,5,6,4,5,2,2,2,4,7,7,7,4,7,7,7,5,8,7
534,2,1,3,197,197,3,1,10,5,3,4,10,10,10,10,10,10,2,2,7,7,7,7,7,7,7,7,2,2,2,2,2,2,2,2,2,2,2,2,2,2,2,1,10,10,1,1,10,10,10,10,10,10,10,10,10,10,10,1,10,10,5,7,7,7,7,7,7,7,7,7,7,7,7,7,7,7,7,10,10,1,7,1,7,1,7,7,4,4,4,4,7,5,7,2,5,7,4,4,5,6,3,6,2,4,3,3,3,4,10,10,1,7,3,1,1,1,1,7,1,1,1,1,1,1,1,7,7,7,7,7,7,7,7,7,8,7
535,2,1,2,69,69,3,1,8,2,4,5,8,9,3,6,1,6,2,2,6,1,4,3,1,1,1,7,1,1,1,1,1,1,1,2,1,2,2,2,2,2,1,2,2,1,7,8,10,3,6,5,6,4,3,9,2,1,3,3,6,5,5,1,3,4,7,5,3,3,3,2,3,1,1,1,1,2,1,9,8,5,6,5,5,3,3,3,5,3,5,3,7,7,7,7,7,5,7,7,7,7,7,7,7,7,7,7,7,7,6,7,4,7,1,1,7,6,3,7,6,7,5,1,7,7,5,6,5,7,6,7,7,6,7,5,6,7
536,2,1,4,69,69,3,1,6,2,5,5,10,10,1,7,1,5,2,4,7,3,2,7,6,7,7,1,2,2,2,1,2,2,1,1,2,2,2,1,1,1,1,1,8,8,5,3,10,8,3,3,9,6,8,6,10,10,10,7,6,10,5,7,6,6,7,7,4,4,7,7,7,7,7,7,5,7,4,10,9,7,7,7,7,7,1,1,7,5,7,6,7,7,7,7,7,7,7,7,6,7,7,1,1,1,1,7,7,5,10,2,1,1,1,1,7,7,7,2,7,7,6,7,7,1,7,7,7,7,7,6,7,6,6,6,2,7
537,2,2,4,69,69,2,1,7,2,0,2,10,10,1,5,1,3,1,3,6,6,3,7,6,4,5,1,1,1,1,1,1,1,1,2,1,1,1,1,1,2,1,1,8,7,6,3,9,10,7,5,10,8,5,8,7,3,8,9,8,9,5,7,7,2,7,4,1,6,6,7,7,7,7,6,2,6,1,8,8,7,1,7,5,7,1,1,3,6,6,2,6,7,7,7,6,7,7,7,7,3,4,7,4,7,7,7,7,7,5,8,1,3,7,1,7,7,4,1,7,7,3,1,6,1,6,7,7,7,7,7,7,6,6,2,2,7
538,2,1,3,69,69,4,1,5,2,-2,5,10,10,6,8,3,8,2,1,7,7,1,7,5,6,3,6,1,1,1,1,1,1,1,1,1,1,1,1,1,1,1,1,7,2,9,9,9,10,10,10,10,8,9,7,8,8,6,3,10,9,5,7,6,7,7,4,4,6,6,6,4,7,7,7,7,7,1,10,10,6,7,6,6,5,6,5,6,6,6,5,7,7,7,7,7,7,7,6,6,7,7,7,7,7,7,7,7,7,7,5,1,2,2,2,5,5,5,4,4,4,6,4,4,1,5,6,7,6,7,7,7,5,7,7,8,7
539,2,2,3,69,69,1,1,10,2,-4,4,6,5,8,9,9,8,2,2,7,6,7,5,7,6,6,5,1,1,1,1,1,1,1,1,1,1,1,1,1,2,2,1,9,9,5,3,8,5,5,7,5,5,9,8,6,7,8,3,8,5,5,7,1,5,5,6,6,6,6,6,7,6,5,7,6,7,7,7,10,6,7,6,7,7,6,6,6,6,3,6,4,6,5,5,7,3,4,7,5,7,7,6,7,7,7,7,7,7,7,9,5,6,7,7,6,7,6,7,5,6,6,6,7,7,6,7,7,7,6,7,7,7,6,6,7,7
540,2,2,5,69,69,3,1,8,2,-4,5,10,10,3,8,2,6,2,4,1,1,6,7,1,1,1,7,1,1,1,2,1,1,2,2,1,1,1,1,1,1,1,1,2,6,5,3,9,9,7,9,9,9,9,9,9,9,8,2,8,10,5,7,6,7,6,3,5,5,5,5,2,6,2,2,5,5,5,6,3,2,6,1,1,1,6,6,1,6,7,6,7,7,7,7,7,7,7,7,7,7,7,7,7,7,6,6,7,7,2,4,1,1,1,1,1,6,1,6,1,1,1,7,1,1,1,6,7,7,6,7,7,7,7,7,7,7
541,2,2,1,69,69,2,4,9,2,1,3,10,10,5,10,2,10,2,2,3,7,5,6,4,1,1,6,1,2,2,2,1,1,2,1,2,1,1,1,1,1,2,2,2,10,9,1,10,9,8,8,7,7,8,10,7,8,6,1,9,10,5,5,3,1,3,2,3,1,2,1,5,6,1,7,2,7,7,9,7,6,1,7,3,7,7,2,7,1,3,6,1,7,3,7,1,7,1,1,2,7,2,7,7,5,1,1,7,4,10,9,1,6,3,7,7,4,6,7,7,5,6,3,4,7,1,7,7,7,1,1,2,6,7,6,1,7
542,2,1,3,69,69,1,1,7,12,-3,4,10,8,1,8,1,2,2,2,1,4,1,5,5,1,4,5,2,2,2,2,2,2,2,2,2,2,2,2,1,2,2,1,1,1,4,1,10,10,10,10,10,10,8,10,7,1,1,1,10,10,5,7,7,7,7,3,1,5,7,6,7,7,7,7,7,7,4,1,1,5,4,6,5,5,5,1,5,6,3,6,7,7,7,7,7,7,7,7,7,7,7,7,7,7,7,7,7,7,5,5,1,4,2,1,1,1,1,5,1,1,1,3,4,3,3,7,7,7,7,7,7,7,7,7,8,7
543,2,1,5,69,69,3,1,7,2,1,6,10,10,1,6,1,4,2,2,1,1,5,6,5,1,1,5,1,2,1,1,1,1,1,1,1,1,2,1,1,2,2,1,6,6,7,5,10,7,2,2,8,7,2,4,3,1,6,8,7,8,5,7,7,6,5,3,1,1,4,7,7,7,5,2,2,6,2,6,7,7,7,6,5,5,4,3,4,7,7,3,7,7,7,6,7,7,7,7,7,7,7,7,6,7,7,7,7,7,1,2,4,1,1,1,7,7,7,1,7,7,4,1,5,4,2,7,7,7,7,7,7,7,5,5,2,7
544,2,2,5,69,69,3,3,5,2,-5,2,10,10,1,10,1,5,2,4,4,4,4,4,4,1,4,4,1,1,1,1,1,1,1,1,1,1,1,1,2,1,2,1,10,8,5,1,10,10,1,1,10,10,1,6,3,1,6,1,1,10,5,7,7,7,7,2,1,4,6,7,6,7,7,6,4,4,4,10,10,7,1,7,1,5,3,1,7,7,7,7,7,7,7,7,2,7,7,7,7,7,7,7,7,7,7,7,7,7,10,10,1,4,1,1,7,7,7,6,7,5,1,1,7,7,7,7,7,7,7,7,7,7,7,7,6,7
545,2,1,4,249,249,1,3,4,11,0,5,10,10,1,5,1,10,2,4,7,6,3,5,4,1,1,6,2,2,2,2,2,2,2,2,2,1,2,1,2,1,2,2,5,10,1,1,7,10,6,8,7,10,10,10,4,2,2,2,10,8,5,7,7,7,6,3,1,7,7,1,1,6,5,7,4,4,1,8,8,7,7,2,7,5,5,5,7,5,6,7,7,1,7,7,7,7,7,7,7,7,1,7,7,7,7,7,7,7,1,10,1,1,1,4,6,7,1,6,5,7,1,1,7,1,7,7,7,2,7,7,7,7,7,2,8,7
546,2,2,2,69,69,3,1,7,12,2,4,6,6,4,7,7,6,4,4,6,5,4,5,5,6,7,5,2,2,2,2,2,2,2,2,2,1,1,2,1,1,2,1,7,3,7,9,4,10,10,2,4,7,7,5,5,6,5,5,3,5,5,2,3,4,4,3,4,5,6,7,6,4,7,5,5,6,6,2,6,6,3,3,4,4,6,6,6,4,3,5,2,7,6,7,7,6,6,6,6,6,5,7,7,7,7,7,6,6,6,6,3,2,7,4,4,5,4,7,2,6,6,6,5,3,7,5,4,4,7,5,6,5,7,5,2,7
547,2,1,4,69,69,3,1,8,10,5,6,10,10,1,7,2,2,2,2,5,4,2,5,2,1,5,2,1,1,2,1,2,2,1,2,2,1,1,1,2,2,2,2,8,8,9,2,10,9,3,1,10,10,6,7,3,2,3,5,10,10,5,7,6,7,6,2,5,7,2,2,6,5,5,4,5,2,1,1,1,7,1,7,7,7,1,2,2,6,6,5,6,7,7,7,7,7,7,7,7,5,7,7,7,7,7,7,6,7,4,8,1,6,1,1,6,4,2,5,3,6,5,1,7,1,5,6,7,7,6,7,7,7,6,7,2,7
548,2,1,5,249,249,3,1,8,2,3,5,8,10,1,5,1,8,2,2,4,4,5,4,1,1,1,1,1,2,2,2,2,1,1,1,1,2,2,1,2,2,1,2,5,6,8,8,7,7,5,4,10,4,5,2,2,5,2,6,6,3,5,7,4,7,7,1,1,5,6,6,4,7,7,6,4,7,1,7,7,7,1,7,7,7,4,2,7,7,7,7,5,4,7,7,7,7,7,7,7,1,1,7,7,7,7,7,7,7,8,8,1,1,1,1,1,1,1,6,1,1,5,1,7,4,5,2,7,4,7,7,7,7,7,4,2,7
549,2,2,1,69,69,2,4,3,12,-2,4,10,10,2,10,1,1,1,4,7,7,3,7,7,4,1,7,1,1,1,1,1,2,1,1,1,1,1,1,1,1,1,1,8,8,7,5,10,10,10,10,10,10,10,2,1,1,1,1,10,10,5,7,7,7,7,3,5,7,7,1,2,7,7,7,4,7,1,1,5,6,5,7,7,6,6,5,7,6,6,6,4,7,7,7,7,7,7,7,7,7,7,7,7,7,7,7,7,7,6,1,4,5,4,5,4,7,4,5,1,7,1,7,4,1,7,7,7,1,1,3,7,7,7,7,8,7
550,2,2,2,69,69,1,1,7,10,-3,5,10,10,6,5,1,5,2,2,7,5,3,7,7,1,1,4,2,1,2,1,1,1,1,1,1,2,1,1,1,2,2,2,6,7,7,5,10,10,9,6,8,8,6,5,2,3,4,5,10,10,5,7,7,5,3,5,3,3,4,2,2,7,7,7,4,7,2,1,9,5,4,7,3,3,5,3,6,4,5,6,6,7,7,7,7,7,7,7,4,5,7,7,7,7,7,7,7,7,3,3,1,1,1,1,5,4,1,1,7,7,6,5,3,1,2,7,7,5,7,7,7,6,5,7,6,7
551,2,1,2,69,69,2,6,1,2,0,7,10,10,10,1,1,10,2,2,1,1,7,6,1,5,7,1,2,2,2,2,2,2,2,2,2,2,2,2,1,1,2,2,1,1,1,1,1,1,1,1,1,0,1,1,1,1,1,10,1,1,5,7,7,7,7,7,1,1,1,1,1,1,6,5,5,3,1,10,10,7,7,2,7,1,7,6,7,1,6,7,7,7,7,7,6,7,7,7,7,7,7,7,7,7,7,7,7,7,10,10,2,1,1,2,7,7,7,7,7,7,2,6,6,5,4,7,7,7,7,7,7,7,7,7,8,7
552,2,2,4,69,69,4,1,5,11,3,6,10,10,1,10,1,5,2,3,7,7,3,7,5,1,1,5,1,1,1,1,1,1,1,2,1,1,1,1,1,1,2,1,6,6,6,6,6,10,7,7,6,6,6,8,5,4,6,5,7,6,5,7,7,7,7,1,1,4,7,5,4,6,6,5,6,6,1,9,10,7,1,7,7,7,1,1,5,7,7,7,7,7,7,7,7,7,7,7,7,4,7,7,5,7,7,7,7,7,1,10,2,1,1,1,4,2,3,4,4,4,1,7,1,1,1,7,7,7,7,5,7,7,7,7,6,7
553,2,2,4,69,69,4,1,5,2,0,2,10,10,1,10,1,7,2,3,6,5,3,5,2,1,1,2,1,1,1,1,1,1,1,1,1,1,1,1,1,1,1,1,9,10,1,1,10,10,8,5,8,10,5,7,1,8,10,5,1,10,5,7,7,5,7,1,1,1,7,1,7,7,1,1,7,7,7,4,4,7,1,7,7,7,1,1,7,7,7,7,2,7,7,7,7,1,7,7,7,4,7,7,7,7,4,7,7,7,1,10,1,1,1,1,1,1,1,1,1,1,4,4,4,4,4,7,7,7,7,3,7,7,3,3,8,7
554,2,2,3,69,69,3,1,8,12,0,5,10,10,1,7,1,6,2,2,1,1,4,5,4,4,4,5,1,2,1,1,1,1,1,1,1,1,1,1,1,1,2,2,8,7,6,6,10,5,1,1,7,0,1,3,1,1,3,5,10,8,5,7,7,5,7,4,1,4,5,7,5,7,7,4,1,6,1,1,5,7,1,7,7,7,1,1,7,4,7,5,7,7,7,7,7,7,7,7,7,7,7,7,7,7,7,7,7,7,1,10,1,1,1,1,7,7,7,1,4,7,4,4,7,1,7,7,7,7,7,7,7,7,7,7,7,7
555,2,1,1,69,69,2,1,8,2,0,4,9,10,1,5,2,4,2,4,5,2,1,7,3,4,6,1,1,1,1,1,1,1,1,1,1,2,1,2,1,1,2,1,6,8,7,6,10,10,9,8,2,3,2,9,10,8,10,10,8,10,5,1,1,1,7,1,5,6,7,7,7,7,7,7,6,5,7,8,5,7,1,7,7,7,1,1,2,7,1,1,6,7,7,7,6,7,6,6,6,6,7,7,7,7,6,7,7,4,10,1,6,1,7,5,1,1,7,4,1,1,1,6,1,5,1,6,7,7,6,7,4,1,7,7,6,7
556,2,2,3,69,69,3,1,8,2,0,5,10,10,2,7,1,4,3,4,1,1,7,2,4,1,1,6,2,2,2,2,2,2,2,2,1,1,1,1,2,1,1,2,5,2,3,3,8,7,7,5,7,1,6,6,5,6,5,4,7,6,5,6,7,6,6,6,7,6,6,6,7,6,7,5,5,6,1,7,8,7,1,7,6,7,1,1,5,7,6,5,7,7,7,7,7,7,7,7,7,7,7,7,7,7,7,7,7,7,10,8,2,2,1,2,1,1,1,1,1,1,1,1,1,1,1,4,6,7,7,7,7,7,7,7,7,7
557,2,1,3,69,69,3,1,6,2,0,2,9,10,1,9,1,4,1,2,7,7,2,7,6,1,1,6,1,1,1,1,1,1,1,1,1,1,1,2,1,2,2,1,9,9,6,4,10,10,6,1,8,9,9,8,1,1,1,1,10,8,5,7,6,6,6,4,5,5,4,1,5,7,7,7,5,7,1,5,5,7,1,6,6,5,6,3,7,7,7,7,7,7,7,7,7,7,7,7,7,7,6,7,1,7,7,7,7,7,1,9,1,1,1,1,7,7,7,1,7,7,7,7,7,7,7,7,7,7,7,7,7,7,7,5,2,7
558,2,1,3,69,69,3,1,8,2,0,5,10,10,1,5,1,8,2,1,5,4,4,4,5,1,1,1,2,2,2,2,1,1,2,1,1,2,1,1,1,1,2,1,6,6,3,3,10,10,10,9,10,8,10,9,9,1,1,10,10,10,5,7,7,7,7,7,7,4,4,4,4,7,7,4,4,4,4,5,10,1,7,4,1,1,7,7,7,7,7,5,5,7,7,4,4,5,5,4,2,4,7,7,1,2,2,2,2,2,1,10,1,1,1,1,1,1,1,7,1,1,7,1,4,1,7,7,7,4,7,5,7,7,5,1,2,7
559,2,1,4,69,69,3,1,8,2,-3,1,8,7,1,5,1,10,2,2,1,1,4,1,1,1,1,1,2,2,2,2,2,2,2,2,2,2,2,1,2,1,2,2,3,3,4,1,8,6,1,3,2,2,1,1,1,1,1,6,3,6,5,7,7,7,4,6,4,4,6,5,4,6,6,6,5,6,1,8,8,4,5,5,4,2,6,4,5,5,4,4,6,6,7,7,6,6,6,6,7,7,7,7,7,7,7,7,7,7,1,1,1,1,1,1,5,7,1,1,1,7,4,7,1,1,4,4,7,4,6,7,7,7,6,7,2,7
560,2,2,5,69,69,2,3,4,2,3,2,9,9,1,4,1,6,2,4,1,6,3,5,3,1,1,5,1,1,1,1,1,1,1,2,1,1,1,1,2,1,2,2,2,1,10,9,7,8,2,1,3,2,1,1,1,2,1,5,2,5,5,7,6,7,6,5,1,4,4,5,5,5,5,4,4,5,1,9,8,6,1,7,1,6,2,2,7,5,6,3,7,7,7,6,7,7,7,7,7,7,7,7,7,7,7,7,7,7,3,1,3,7,1,1,5,5,4,1,7,7,5,5,6,1,2,5,5,7,6,6,7,6,7,6,4,7
561,2,2,4,69,69,4,1,5,2,2,5,8,10,10,4,6,8,1,2,7,6,7,7,7,7,7,1,2,2,2,2,1,2,1,2,2,1,1,2,2,2,1,1,4,4,9,7,5,6,7,7,7,5,7,7,8,8,10,3,7,6,5,7,7,7,7,7,7,7,6,4,5,5,6,5,6,5,6,10,10,6,6,6,6,7,6,7,7,7,6,6,7,6,7,4,7,7,7,7,7,6,6,7,1,7,7,7,7,7,10,1,1,1,1,1,4,4,4,4,4,4,7,7,7,7,7,7,7,7,7,7,7,7,7,7,8,7
562,2,1,4,69,69,3,1,7,12,-5,5,8,9,1,7,1,5,1,2,4,1,4,5,7,1,1,7,2,1,1,1,1,1,1,1,1,1,2,1,1,2,1,1,6,8,8,9,9,6,10,6,8,9,3,8,4,2,1,2,3,10,5,7,7,7,7,1,2,6,7,1,6,7,7,6,6,7,4,1,1,7,1,7,2,7,2,2,2,4,4,4,7,7,7,7,7,7,7,7,7,6,7,7,7,7,7,7,7,7,1,9,5,7,1,1,7,7,1,1,7,4,5,1,7,7,7,7,7,1,1,7,7,7,7,1,2,7
563,2,2,3,69,69,3,1,5,2,-5,5,8,8,1,8,1,5,1,4,3,4,4,7,1,1,6,1,1,2,1,2,1,1,1,1,1,1,1,1,1,1,2,2,7,8,6,4,7,6,7,9,8,7,6,7,8,5,7,4,6,7,5,7,7,6,6,6,6,5,7,6,4,7,6,7,5,7,7,1,7,2,5,6,7,2,2,5,2,5,6,5,7,7,7,7,7,7,7,7,7,7,7,7,7,7,7,7,7,7,1,5,1,7,1,7,1,1,1,6,3,2,1,1,1,1,7,6,7,5,6,6,6,7,5,6,6,7
564,2,2,3,69,69,3,1,7,2,3,5,9,8,9,8,3,3,1,4,7,6,1,6,2,6,3,6,1,1,1,1,1,2,1,1,1,1,1,1,1,1,2,1,10,10,8,8,10,10,9,2,3,9,3,3,3,3,3,3,9,9,5,7,7,5,3,5,2,5,6,3,4,7,7,6,7,7,6,3,4,5,2,3,6,6,5,3,6,5,2,6,6,6,7,7,4,7,6,6,7,7,6,7,7,6,6,5,7,7,9,9,6,7,6,7,7,5,1,6,6,7,1,1,6,1,7,6,7,6,6,4,6,7,7,2,2,7
565,2,2,3,69,69,3,3,7,2,0,4,1,10,1,5,1,4,1,3,4,4,7,4,1,1,1,4,1,1,1,1,1,1,1,1,1,1,1,2,2,2,2,2,6,6,6,6,6,6,5,1,6,3,1,1,1,1,1,5,7,4,5,7,7,5,5,4,4,4,3,1,1,5,5,5,4,5,1,5,7,5,5,4,4,4,4,3,5,5,4,5,6,6,6,6,6,6,6,6,6,7,7,7,7,7,7,7,7,7,5,1,2,7,2,1,1,1,1,7,1,1,1,7,5,5,7,7,7,5,5,7,7,7,7,4,2,7
566,2,2,5,69,69,3,5,5,2,2,4,10,10,1,10,1,4,2,2,4,4,4,6,6,1,4,1,1,1,1,1,1,1,1,2,2,1,1,1,1,1,1,1,5,5,2,1,10,10,1,8,5,3,1,1,6,1,9,9,8,8,5,7,7,7,7,1,4,7,7,7,7,7,7,6,7,7,4,5,7,7,1,7,7,7,1,1,5,7,2,2,7,7,7,7,7,7,7,7,7,7,7,7,7,7,7,7,7,7,10,1,1,3,1,1,7,7,7,1,7,7,7,7,4,1,7,7,7,7,7,6,7,7,7,7,5,7
567,2,2,3,69,69,3,1,6,2,0,5,10,10,1,9,1,5,1,2,7,7,1,7,5,2,6,5,1,1,1,1,2,2,1,2,1,1,1,1,1,2,2,1,7,5,8,7,10,10,8,9,7,7,8,7,3,3,3,6,9,10,5,7,7,5,7,2,4,4,7,7,7,5,7,4,5,6,4,8,9,7,1,7,7,7,1,1,7,7,7,7,7,7,7,7,7,7,7,7,7,6,7,7,6,7,6,7,7,7,9,1,1,1,1,1,7,7,7,1,6,7,6,2,7,5,7,7,7,7,7,7,7,7,4,7,1,7
568,2,2,3,69,69,1,1,6,11,-3,2,8,10,4,7,1,6,2,2,7,7,2,7,7,1,4,4,1,1,1,1,1,1,1,1,1,1,1,1,1,1,1,1,1,1,9,9,6,10,6,7,6,5,5,5,3,5,5,7,5,5,5,7,7,7,3,3,6,6,7,5,7,7,7,7,7,7,7,10,10,7,7,7,7,7,7,7,7,7,7,7,7,7,7,7,7,7,7,7,7,7,7,7,7,7,7,7,7,7,5,4,1,4,1,3,4,4,4,7,6,4,4,1,7,2,2,7,7,7,7,7,7,7,7,7,8,7
569,2,2,5,11,124,3,1,5,2,0,2,7,7,2,2,1,5,1,3,5,5,4,6,4,1,1,7,2,2,2,2,1,2,1,2,2,1,1,1,2,1,2,2,4,1,7,5,9,8,7,4,6,0,6,1,1,1,1,3,1,7,5,7,7,7,7,1,1,1,4,2,5,5,7,5,2,4,1,6,5,7,1,7,7,7,3,2,7,7,7,4,7,7,7,7,7,7,7,7,7,7,7,7,7,7,7,7,7,7,1,10,1,1,1,1,5,7,5,1,4,1,6,6,4,1,7,4,7,5,7,7,7,7,7,6,1,7
570,2,2,5,69,69,3,1,5,9,0,8,10,10,1,6,1,5,2,4,5,1,1,7,1,1,1,5,1,1,1,2,1,1,1,1,1,1,1,2,2,1,2,2,7,10,8,8,10,10,10,1,10,2,1,9,1,1,2,8,1,5,5,7,4,7,6,3,1,7,2,2,3,7,7,6,7,7,1,5,5,2,7,2,1,2,6,6,7,7,6,6,7,7,7,1,7,7,7,7,7,7,7,7,1,7,7,7,7,7,1,1,4,3,1,1,7,7,1,1,7,7,5,4,1,1,7,7,7,7,7,7,7,7,7,7,1,7
571,2,2,2,69,69,1,1,2,10,0,4,10,5,1,10,1,10,3,4,7,7,4,7,1,4,4,4,1,1,1,2,1,2,1,1,1,1,1,1,1,1,1,1,10,6,9,1,10,10,10,10,10,10,10,10,10,1,10,1,10,10,5,7,7,7,7,7,7,7,7,7,7,7,7,7,7,7,7,10,10,7,7,7,7,7,7,7,7,7,7,7,7,7,7,7,7,7,5,7,7,7,7,7,7,7,7,7,7,7,10,10,3,7,7,7,1,4,1,7,1,1,1,1,7,1,7,7,7,4,7,7,7,7,7,7,5,7
572,2,1,3,57,124,3,1,7,12,-5,7,10,10,1,10,1,6,2,3,6,4,7,4,1,1,1,7,2,2,2,2,2,2,1,2,1,1,1,1,1,1,2,2,6,7,5,7,10,10,1,6,7,6,7,1,1,1,1,10,6,10,5,7,7,7,7,4,4,7,7,1,4,7,7,4,4,4,1,1,1,7,1,7,4,7,4,4,1,1,7,4,7,7,7,7,7,7,7,7,7,7,7,7,7,7,7,7,7,7,1,1,6,7,7,7,7,4,7,1,1,7,7,1,7,1,3,7,7,7,7,7,7,7,7,7,8,7
573,2,1,2,69,69,2,1,5,2,0,2,10,10,1,5,1,4,2,2,4,5,4,6,4,4,4,4,1,1,1,1,1,1,1,1,1,1,1,1,1,1,1,1,4,1,7,6,5,5,5,5,5,5,4,5,4,5,6,7,4,5,5,3,4,3,3,4,4,4,3,4,5,5,3,5,5,5,4,4,4,5,5,5,5,3,5,5,3,4,4,5,4,6,4,5,4,5,4,5,6,4,4,4,5,6,4,4,5,4,3,3,2,4,2,3,2,2,6,5,1,1,1,1,1,1,2,6,6,5,6,6,6,4,6,6,7,6
574,2,1,2,69,69,1,4,5,2,0,3,10,10,1,9,1,7,2,4,1,5,4,5,1,1,1,5,1,2,2,2,1,2,1,1,1,1,1,1,1,1,2,1,9,9,4,4,10,5,1,1,10,8,3,5,1,1,1,3,10,6,5,7,6,4,6,1,2,2,2,5,5,7,7,7,4,5,4,2,5,6,5,7,2,6,1,1,5,2,6,2,7,7,7,7,7,7,7,7,7,7,7,7,7,7,7,7,7,7,5,6,4,3,1,1,4,2,4,5,1,5,4,4,6,2,5,7,7,7,7,5,7,7,5,5,8,6
575,2,2,2,69,69,3,1,5,2,3,7,7,9,3,7,3,5,2,2,6,6,2,6,4,1,6,2,1,1,1,1,1,1,1,1,1,1,1,1,1,2,2,1,9,9,6,6,10,10,6,8,7,5,7,5,10,8,9,7,8,8,5,6,6,6,6,2,5,4,7,7,5,6,7,7,5,6,4,4,5,7,1,7,5,7,1,1,4,3,5,3,7,7,7,7,7,7,7,7,7,7,7,7,7,7,7,7,7,7,6,2,4,5,4,5,1,1,1,3,1,1,1,3,4,4,6,6,6,7,7,6,7,7,6,7,6,6
576,2,1,2,69,69,1,1,7,2,3,5,7,8,4,7,3,4,2,2,4,4,5,5,4,5,3,5,2,2,1,2,2,1,1,2,2,1,1,1,2,1,2,1,7,5,6,4,8,7,8,5,8,6,5,7,4,6,5,3,7,8,5,6,5,6,5,4,3,3,4,4,3,6,6,6,6,5,2,7,6,6,4,7,6,5,3,3,6,4,6,6,7,7,6,7,7,6,7,6,6,6,6,6,6,7,7,7,7,7,5,6,3,4,1,1,5,6,4,2,4,5,4,3,4,2,3,6,6,6,7,7,7,2,7,6,3,6
577,2,1,2,69,69,2,2,7,8,1,5,10,10,3,8,1,7,2,4,4,5,5,6,5,1,4,3,1,1,1,1,1,2,1,1,1,1,1,1,1,2,2,2,6,6,3,1,8,10,3,8,7,7,4,7,7,1,6,4,7,8,5,5,6,6,5,5,4,5,5,4,5,6,5,6,6,6,2,8,7,7,2,4,3,5,3,4,4,6,6,3,7,7,7,6,7,6,7,5,6,7,6,7,6,7,7,7,7,7,4,10,2,2,2,1,6,6,3,1,6,7,4,3,6,2,7,5,6,6,6,5,7,7,6,6,5,6
578,2,2,1,69,69,2,1,8,10,-3,4,8,6,7,9,1,6,2,3,6,3,6,7,6,5,6,6,1,1,1,1,1,1,1,1,1,1,1,1,1,1,2,1,6,8,8,7,8,8,5,5,5,5,6,6,5,5,5,6,6,5,5,6,5,5,5,5,6,6,6,6,6,6,5,6,6,6,5,5,5,6,6,6,6,6,6,5,6,5,6,6,7,6,6,6,5,6,6,6,5,6,4,6,6,6,5,7,7,7,5,5,2,2,2,2,6,4,4,4,6,6,5,3,5,3,2,6,2,4,6,6,6,4,6,3,6,6
579,2,1,3,69,69,3,1,6,2,-2,4,7,9,6,4,1,6,2,4,6,7,7,6,4,1,1,7,1,1,1,1,2,1,1,2,2,1,1,1,1,2,2,2,1,1,6,5,8,10,2,6,8,7,9,7,1,4,2,3,7,7,5,6,6,6,6,3,4,6,6,2,6,6,6,2,6,6,4,7,7,2,2,6,6,6,2,2,6,4,6,6,6,5,6,6,6,6,6,6,6,7,7,7,7,7,7,7,7,7,7,9,5,6,6,5,6,6,7,2,7,7,5,7,2,1,6,6,6,6,7,6,6,7,6,6,2,6
580,2,2,2,69,69,3,1,5,10,3,5,7,10,2,8,2,7,1,3,5,6,6,6,7,1,4,5,2,2,1,1,2,2,1,2,2,1,1,1,1,2,1,1,5,5,8,8,8,7,8,5,8,7,7,7,5,5,5,6,8,7,5,7,7,7,7,3,4,6,7,4,4,6,7,6,3,3,5,2,8,4,1,1,4,7,1,3,5,4,5,4,7,6,7,4,7,7,7,7,6,6,7,6,4,7,6,6,7,7,3,5,4,5,4,3,6,6,3,3,5,7,7,6,3,1,1,7,6,5,7,4,7,6,4,7,2,6
581,2,1,3,69,69,3,1,6,12,0,5,10,9,3,5,1,5,2,3,5,5,3,6,5,1,5,1,1,1,1,1,1,2,1,1,2,1,1,1,2,1,2,2,6,3,3,2,10,8,2,2,9,5,1,2,10,10,10,8,9,9,5,6,6,5,5,4,2,2,7,6,7,6,6,6,4,4,1,2,2,7,3,5,4,5,4,1,5,5,5,5,7,7,6,7,6,7,5,5,6,7,7,7,6,7,7,7,7,7,6,5,2,6,2,1,6,5,5,1,5,6,6,5,4,3,2,6,6,6,7,6,7,6,5,6,1,6
582,2,1,3,69,69,3,1,8,2,4,6,7,10,6,6,1,7,2,2,6,4,3,7,4,1,5,5,1,2,2,1,1,2,2,1,1,1,2,1,1,2,2,1,5,8,4,6,8,7,7,7,8,4,8,8,9,7,6,4,6,6,5,6,5,6,5,4,3,5,4,5,6,6,5,6,6,5,6,6,8,6,6,6,6,5,4,6,5,6,4,6,6,5,5,6,5,5,6,4,4,3,4,6,5,4,5,5,4,6,8,7,5,6,6,4,6,7,5,3,6,7,4,6,6,5,4,5,6,6,6,7,7,4,6,4,4,6
583,2,2,5,69,69,3,1,6,12,-5,5,9,9,1,7,1,6,2,2,6,4,3,6,4,1,1,6,2,1,1,2,1,1,1,2,1,1,2,2,1,1,2,1,9,6,5,4,8,9,3,3,9,9,7,5,1,2,2,6,7,7,5,7,7,6,6,4,4,4,2,1,3,6,5,4,4,4,1,1,1,5,7,4,2,1,6,6,4,6,5,4,7,7,7,7,7,7,7,7,7,7,7,7,7,7,7,7,7,7,2,5,1,7,1,1,7,7,7,2,7,7,5,4,7,4,6,6,7,6,7,7,7,7,6,5,8,6
584,2,1,2,69,69,3,1,7,2,-4,3,10,10,2,9,2,2,2,4,7,3,5,5,5,1,4,6,1,1,1,1,1,1,1,1,1,1,1,1,1,1,1,1,4,3,8,9,10,8,10,6,10,4,3,10,6,2,7,8,4,5,5,7,5,6,5,4,6,6,4,4,7,6,6,5,5,4,4,6,7,5,3,6,5,3,6,3,7,2,5,6,7,7,7,7,7,7,7,7,7,7,7,7,7,7,7,7,7,7,3,4,1,1,1,1,1,1,1,5,1,1,3,4,4,5,1,6,6,7,6,7,7,6,7,7,3,6
585,2,2,5,69,69,5,1,7,2,1,4,7,7,5,4,5,7,2,2,4,3,5,5,4,2,3,4,2,2,2,1,2,2,1,2,1,1,2,1,2,2,2,2,5,5,6,3,8,7,7,4,8,7,5,5,4,4,5,6,5,7,5,6,6,4,6,5,4,4,4,5,5,5,5,4,5,5,3,5,7,5,3,5,4,5,5,3,5,4,5,4,5,6,5,5,6,5,6,6,5,6,6,5,6,6,6,6,4,6,7,6,1,1,1,1,4,4,5,4,4,5,6,6,5,2,6,6,6,4,6,6,6,6,6,6,3,6
586,2,1,2,69,69,3,1,8,12,0,8,9,9,5,6,1,8,2,3,6,4,6,4,6,6,5,5,2,1,1,1,1,2,1,2,2,2,1,1,2,1,2,2,4,5,2,2,8,7,4,6,7,6,5,6,5,5,5,5,6,7,5,7,6,6,5,4,4,5,5,5,5,6,5,5,4,5,4,4,4,5,6,5,4,5,4,4,4,5,5,5,6,5,7,6,7,6,6,7,7,6,7,7,7,7,7,7,6,6,6,7,4,6,4,4,5,5,5,6,5,5,2,3,6,3,5,6,5,5,6,6,6,6,5,6,2,6
587,2,1,5,69,69,3,1,8,2,4,5,9,10,9,9,9,9,2,2,6,6,6,7,6,6,6,6,2,2,2,2,2,1,1,1,2,2,2,2,1,2,1,1,9,10,2,2,9,9,9,9,9,9,9,9,9,9,9,2,10,9,5,6,7,6,7,6,6,7,7,6,6,6,6,7,6,6,6,9,10,7,6,6,6,6,6,6,6,6,6,6,6,6,6,6,6,6,7,6,6,5,5,5,5,6,6,5,5,5,9,10,6,6,6,7,6,6,6,6,6,7,5,4,5,4,4,7,6,6,6,6,6,6,6,6,7,6
588,2,1,3,69,69,3,1,6,2,2,6,6,9,4,4,1,5,2,2,3,4,5,4,5,4,5,3,1,2,1,1,1,1,1,2,1,1,1,1,1,1,1,1,5,5,5,5,6,5,5,5,7,6,3,6,6,6,5,4,6,6,5,7,5,7,4,3,4,4,4,5,4,5,5,5,5,4,4,6,6,4,5,5,4,5,5,5,5,4,3,4,6,7,7,7,7,7,7,7,7,6,7,6,7,7,7,7,7,7,8,7,1,4,1,1,1,2,3,4,1,1,4,4,4,4,7,7,4,6,7,4,7,5,7,5,7,6
589,2,1,2,69,69,3,1,9,12,-2,6,7,7,3,6,1,6,2,4,2,4,5,4,4,1,2,4,1,2,2,1,1,1,2,1,1,2,2,2,1,1,2,2,5,4,7,2,5,6,6,1,7,5,3,3,1,2,2,6,2,5,5,7,4,6,5,5,5,5,4,5,3,5,5,4,3,4,1,1,1,5,2,5,5,4,5,3,6,4,5,7,7,7,7,5,5,7,6,7,6,6,7,7,4,7,7,6,7,7,7,1,1,5,1,2,6,4,2,1,5,7,3,4,5,1,5,4,7,2,5,6,7,7,5,4,2,6
590,2,1,2,69,69,2,1,7,12,-2,6,8,8,2,7,1,8,2,4,4,3,6,5,3,1,2,6,2,2,1,2,1,2,1,1,1,2,2,2,1,2,1,1,4,7,8,4,9,6,3,7,7,7,4,6,4,3,2,5,8,8,5,6,6,7,2,6,5,2,2,1,2,2,2,3,3,2,1,1,3,5,3,2,2,2,5,3,4,6,3,4,6,6,6,6,6,6,6,6,7,6,4,4,6,5,6,6,4,6,3,8,5,5,5,4,1,2,2,1,1,2,6,2,6,2,7,6,6,6,6,6,7,6,7,6,2,6
591,2,1,2,69,69,3,1,8,10,-3,4,9,8,6,3,1,9,2,2,1,5,7,3,5,1,1,6,1,2,2,2,1,1,1,1,1,1,1,2,1,2,2,1,2,3,3,3,8,4,2,4,3,8,7,6,1,1,1,4,3,3,5,7,6,6,7,1,5,3,4,1,2,7,7,6,6,7,1,1,2,6,2,5,6,2,6,6,7,6,6,7,7,7,7,6,7,6,7,7,7,7,7,7,5,7,6,6,7,7,2,8,1,1,1,1,7,6,5,1,7,7,6,1,7,5,7,7,7,4,7,7,7,6,5,2,2,6
592,2,1,3,69,69,3,1,7,1,3,5,8,8,4,6,1,4,2,2,5,3,3,6,4,5,3,5,1,1,2,2,1,1,1,1,1,2,2,2,1,2,2,1,5,5,8,5,8,9,5,4,6,4,4,4,5,6,4,5,7,6,5,7,6,5,6,3,3,4,5,6,3,6,5,5,3,7,3,9,7,5,2,4,3,5,3,6,5,3,5,4,3,6,6,7,5,6,3,5,7,3,2,7,4,7,7,7,5,6,4,4,1,2,1,1,5,3,3,1,4,6,5,2,6,4,4,7,6,3,7,6,7,6,5,6,6,6
593,2,2,2,69,69,2,1,6,12,2,6,10,10,3,5,1,6,2,4,5,2,1,4,6,1,1,2,2,2,2,2,2,2,2,2,2,2,1,2,2,2,2,2,5,5,6,3,10,8,2,4,5,5,8,3,1,1,6,6,8,8,5,6,6,6,5,5,5,4,5,4,2,5,6,5,5,6,2,3,3,5,3,5,5,5,3,2,3,6,4,3,7,6,7,7,7,7,7,7,7,7,7,6,3,7,7,7,7,7,2,10,1,4,1,1,6,6,6,6,6,6,5,4,3,2,5,6,7,5,6,7,7,7,6,5,2,6
594,2,1,3,69,69,3,1,7,2,0,5,9,9,1,3,1,3,1,4,5,2,3,5,4,1,6,2,2,2,2,2,1,1,1,1,2,2,1,1,2,1,2,2,5,4,9,8,10,5,6,6,6,4,6,7,6,4,6,6,5,7,5,7,4,7,6,4,4,4,6,7,7,6,7,6,5,5,7,2,1,7,1,6,7,1,1,2,1,7,4,1,7,7,7,7,7,7,7,7,7,7,7,7,7,7,7,7,7,7,5,5,1,6,1,1,6,7,6,2,7,6,7,2,6,7,7,6,6,7,7,7,7,6,7,6,2,6
595,2,1,3,69,69,3,1,6,2,2,5,8,8,6,8,2,6,2,2,2,1,6,1,5,1,2,4,1,1,1,2,1,2,1,2,1,2,1,2,1,1,1,2,4,3,4,5,8,5,8,4,6,3,6,5,9,6,5,4,7,7,5,6,5,7,7,6,1,5,7,4,4,6,6,4,5,2,1,3,2,5,6,2,1,2,7,6,5,1,7,1,1,2,2,3,1,2,1,1,1,1,3,5,6,1,2,1,1,6,3,8,1,5,1,1,6,7,6,3,6,7,5,3,5,6,6,4,6,5,7,6,6,7,6,7,6,6
596,2,2,2,69,69,2,1,5,9,-2,4,10,10,1,7,1,5,2,4,5,6,4,5,4,1,5,5,2,2,2,1,1,1,1,1,1,2,2,2,2,1,2,2,9,10,3,3,10,7,4,4,10,6,5,4,5,1,6,6,7,10,5,6,6,6,7,4,4,4,6,7,7,7,7,4,6,7,1,5,5,7,2,7,7,7,2,1,7,1,5,7,7,7,7,7,7,7,7,7,7,6,7,6,7,7,7,7,7,7,6,7,1,4,1,3,7,7,1,1,6,7,7,6,7,6,7,6,5,4,7,3,7,7,6,5,3,6
597,2,1,3,69,69,3,1,7,12,-3,5,7,8,6,5,1,8,2,2,1,7,4,1,4,1,1,5,1,2,2,2,1,2,1,1,1,1,1,1,1,2,2,1,3,3,10,7,10,8,4,1,3,4,4,4,1,1,1,6,8,8,5,7,7,7,2,5,6,7,5,2,1,7,7,7,5,7,1,3,8,1,6,1,2,1,7,7,7,6,7,7,7,6,7,5,7,7,7,7,7,7,7,7,5,7,7,6,7,7,1,3,1,3,1,3,7,7,1,1,7,7,7,1,7,7,7,2,7,6,7,6,7,7,7,7,2,6
598,2,1,2,69,69,2,2,5,11,0,4,10,10,1,5,1,5,1,1,5,4,4,5,6,4,1,4,1,1,1,1,1,1,1,1,1,2,1,2,1,1,2,2,10,5,8,6,10,10,1,1,10,2,1,1,1,1,1,8,5,1,5,7,4,4,7,2,1,4,4,6,5,7,7,4,4,4,1,10,10,7,1,5,2,7,2,1,5,4,4,5,7,7,7,7,7,7,7,7,7,7,7,7,7,7,7,7,7,7,5,1,1,1,1,7,7,5,4,1,5,5,7,5,1,1,1,5,6,4,4,6,7,7,5,6,5,6
599,2,1,5,69,69,4,2,7,2,5,2,7,10,7,6,1,7,1,4,1,1,6,5,4,4,4,4,1,1,1,1,1,1,1,1,1,1,2,2,2,2,2,2,6,6,2,2,10,6,10,6,10,8,3,6,4,2,2,9,6,5,5,7,7,7,6,5,7,7,6,7,7,7,7,6,5,5,7,7,10,5,5,5,5,4,5,3,7,6,7,5,7,6,6,6,7,7,7,7,7,7,5,5,1,6,6,7,7,7,6,2,1,1,1,1,5,2,4,7,4,5,7,6,6,6,5,7,7,7,7,7,7,7,7,7,8,6
600,2,1,2,11,11,3,1,7,2,3,4,8,9,5,5,1,6,2,3,5,6,6,6,5,6,4,5,2,2,1,1,2,1,1,1,1,1,2,2,1,2,2,1,6,1,4,3,7,9,2,5,8,7,8,8,5,7,6,3,8,3,5,6,5,5,5,5,4,5,5,4,5,4,4,3,5,5,1,6,4,6,7,6,5,5,6,5,6,3,5,7,7,6,7,6,7,7,7,7,7,7,6,7,5,7,7,7,7,7,8,7,2,4,3,1,3,3,4,2,2,4,1,3,5,2,7,4,6,6,7,6,7,7,5,4,3,6
601,2,2,5,69,69,3,1,7,2,-3,5,9,9,1,6,1,6,2,4,1,1,5,6,5,1,3,6,2,2,1,2,1,1,1,1,1,1,1,1,2,1,2,2,6,6,4,3,8,6,6,4,5,8,7,6,4,4,6,4,4,7,5,7,7,5,5,6,3,1,5,6,6,6,6,6,4,6,1,8,8,2,7,2,6,1,6,6,5,6,7,5,7,7,7,5,7,7,7,7,7,7,6,6,3,7,7,7,7,7,1,8,1,3,1,1,1,1,3,6,1,1,5,2,4,3,6,7,7,6,7,7,7,6,7,6,1,6
602,2,2,2,69,69,2,1,5,11,0,2,10,10,3,4,1,6,2,1,6,4,4,6,5,1,2,5,2,2,2,2,2,1,2,1,2,2,1,2,1,2,1,1,5,6,6,6,9,9,9,6,10,8,8,8,3,1,1,3,7,5,5,6,6,6,7,3,2,4,5,5,4,7,6,5,4,6,1,2,9,5,3,3,2,4,5,4,5,1,4,5,4,6,4,6,7,6,6,6,6,3,3,4,1,7,6,7,6,7,2,5,1,2,1,1,6,1,4,1,4,5,4,4,5,3,1,3,7,5,5,4,6,6,6,7,3,6
603,2,2,3,69,69,3,1,7,2,0,6,5,6,6,5,6,5,2,2,5,5,5,5,5,5,4,4,2,1,2,1,2,1,1,1,1,1,1,1,2,2,2,2,4,2,6,7,6,7,5,4,4,5,4,5,3,4,5,5,4,3,5,4,5,5,5,5,5,5,5,4,4,4,4,3,1,5,4,4,3,5,5,4,4,3,4,4,6,1,4,7,7,7,7,7,7,7,7,7,7,6,5,7,7,7,7,7,7,7,6,7,1,1,6,1,1,1,1,1,1,1,2,4,4,4,3,6,6,7,6,6,6,6,5,6,6,6
604,2,1,6,69,69,3,5,6,12,-1,4,8,8,2,5,2,8,2,2,1,1,4,5,5,1,1,6,1,1,1,1,1,1,1,1,1,1,1,1,1,1,1,1,3,6,3,2,9,8,4,2,8,7,7,4,3,2,2,3,8,9,5,7,7,7,4,6,4,6,4,4,3,4,4,4,4,4,1,1,2,1,6,1,7,2,7,6,5,6,5,5,7,6,7,6,7,6,7,7,7,7,7,7,7,7,7,7,7,7,3,3,4,5,1,4,2,1,2,5,1,1,1,1,7,1,7,6,7,5,7,7,7,7,7,4,3,6
605,2,2,4,69,69,3,3,7,12,0,4,10,10,2,8,1,6,2,2,5,4,4,5,4,1,4,4,1,1,1,2,1,1,1,1,2,2,1,2,1,2,2,1,7,6,9,7,7,8,5,5,8,7,6,6,6,7,7,6,6,7,5,3,5,4,7,7,4,4,6,7,7,7,7,6,4,7,4,5,6,7,2,7,6,6,2,2,6,4,4,6,7,7,7,6,7,6,7,7,7,7,7,7,6,7,7,7,7,7,5,3,3,5,2,4,4,4,3,4,3,6,5,4,4,3,5,6,7,5,7,6,7,7,7,4,7,6
606,2,1,3,69,69,3,1,6,2,-3,6,10,10,6,7,6,3,2,2,7,2,3,7,6,1,1,4,1,1,1,1,1,2,1,2,1,1,1,1,1,2,1,1,7,5,5,3,10,9,9,7,6,1,4,7,10,5,8,8,9,5,5,7,6,7,7,4,5,5,7,7,5,6,7,6,7,7,7,3,10,7,1,3,3,7,1,5,5,1,2,1,7,7,7,7,7,7,7,7,7,5,6,7,7,7,6,7,7,7,4,5,1,1,1,1,7,4,5,2,5,7,6,5,3,1,1,7,7,2,7,5,7,7,7,6,2,6
607,2,1,3,69,69,3,1,7,2,-1,5,10,10,1,7,1,5,2,3,6,2,4,7,1,4,4,4,1,1,1,1,1,2,1,2,1,1,1,1,1,1,1,1,5,6,9,5,10,9,5,6,6,7,4,4,4,5,4,6,4,7,5,7,7,6,5,5,5,5,4,5,5,5,5,3,4,6,1,5,5,7,7,6,6,6,4,4,5,7,7,2,6,7,7,7,7,7,6,7,6,6,3,7,1,7,7,7,7,7,3,9,1,1,1,1,7,7,1,1,7,7,4,4,5,5,5,5,7,5,7,7,7,7,7,6,4,6
608,2,1,3,249,249,2,1,7,11,3,4,8,9,1,4,1,8,2,2,5,5,5,5,4,5,1,5,1,2,2,2,2,2,1,1,1,2,1,2,1,1,2,1,5,5,3,3,8,8,7,7,5,5,5,5,2,2,1,8,5,7,5,6,5,6,5,5,3,3,4,2,5,5,5,5,5,5,2,7,7,3,3,3,3,3,5,3,5,3,5,5,6,6,6,6,6,6,6,6,6,6,6,6,6,6,6,6,6,6,6,4,4,5,4,4,4,5,5,3,4,5,4,5,4,3,3,6,6,6,6,5,7,7,6,5,4,6
609,2,2,4,69,69,4,1,4,2,3,4,9,10,2,8,1,5,2,2,2,1,4,4,4,2,4,5,1,1,1,1,1,1,1,1,1,1,1,1,1,1,1,1,6,3,6,4,9,4,3,3,7,3,3,4,3,3,3,3,3,5,5,6,6,5,6,4,2,4,5,5,4,6,6,5,4,4,4,7,7,5,4,6,5,5,4,3,6,5,5,6,7,7,7,7,7,7,7,7,7,7,7,7,7,7,6,7,7,7,4,7,1,1,1,1,5,5,5,5,5,5,5,5,5,3,5,6,5,6,6,6,7,7,6,6,3,6
610,2,2,3,69,69,3,1,6,2,-2,4,10,10,2,7,1,4,1,3,5,1,1,4,7,5,1,4,1,1,1,1,1,1,1,1,1,1,1,2,1,2,1,1,5,2,9,4,4,8,3,6,7,7,4,5,6,3,5,4,1,7,5,7,5,7,7,1,2,5,7,7,7,7,7,2,5,7,4,7,5,7,7,7,4,7,3,1,7,6,6,6,6,7,7,7,7,7,6,7,7,5,6,7,7,7,7,6,7,2,8,5,2,2,2,2,7,2,7,7,5,7,3,5,7,2,2,7,7,7,7,7,7,7,7,7,6,6
611,2,2,4,21,69,3,1,4,10,1,3,8,5,1,9,1,2,2,2,5,5,6,5,3,1,3,7,2,2,2,2,2,2,2,2,2,2,2,2,2,2,2,2,3,2,2,1,6,9,1,3,7,6,4,4,2,1,3,2,5,8,5,7,7,7,6,3,3,2,5,6,6,5,5,6,2,5,2,1,9,6,1,7,3,1,7,2,7,5,6,7,7,7,6,7,7,3,3,3,3,5,7,6,7,6,5,3,5,4,4,8,2,7,4,5,2,6,1,3,6,6,6,4,7,4,6,6,7,7,7,4,7,6,7,7,1,6
612,2,2,3,69,69,1,1,6,12,-1,4,9,10,1,8,1,4,1,4,2,4,5,6,4,1,3,5,2,2,1,1,1,1,2,1,2,2,2,2,2,2,2,2,7,4,4,3,9,8,3,4,9,6,4,3,2,8,3,4,5,9,5,7,7,6,6,4,2,4,5,5,3,5,5,3,4,5,2,4,4,5,6,6,5,5,3,3,4,4,5,4,6,6,7,5,7,6,7,7,6,7,7,7,6,7,6,6,7,7,3,7,4,4,1,1,6,6,7,1,5,6,6,6,5,1,3,6,7,7,7,5,7,7,6,5,4,6
613,2,2,4,69,69,2,1,7,2,0,4,7,8,3,7,1,7,2,2,4,4,6,5,3,1,5,5,1,1,1,1,1,1,1,1,1,1,2,2,1,2,1,1,4,3,5,4,8,4,4,3,5,6,3,5,2,7,7,7,4,6,5,7,6,6,6,3,2,5,5,6,5,6,6,6,6,6,2,8,9,6,5,5,2,3,5,5,6,5,5,6,7,7,7,6,7,7,6,6,6,6,7,7,6,7,7,6,7,7,5,5,2,3,2,2,5,6,5,2,5,6,4,4,4,4,5,7,7,5,6,6,7,7,6,5,6,6
614,2,1,2,69,69,3,1,8,1,3,8,8,8,3,7,2,7,3,3,4,4,4,4,4,2,3,4,1,2,1,1,1,1,1,2,1,1,1,1,1,1,1,1,7,9,3,3,7,7,5,5,6,6,6,7,7,8,7,6,7,9,5,6,6,5,5,6,6,5,5,6,5,5,5,6,5,6,6,8,8,6,6,5,6,6,6,6,5,6,5,5,5,6,5,5,6,5,6,4,5,4,6,6,6,5,6,6,6,4,8,8,4,5,4,4,2,2,2,6,2,2,2,2,6,2,6,6,6,6,6,6,6,6,6,6,4,6
615,2,2,4,69,69,5,5,9,2,5,1,8,8,8,8,9,8,2,2,5,4,5,4,6,7,4,5,1,1,1,1,1,2,1,1,1,1,1,2,2,2,2,1,9,9,1,1,10,10,10,9,9,9,10,10,10,9,10,2,8,9,5,6,4,6,5,5,4,5,6,3,6,6,7,5,6,4,5,9,9,5,5,6,6,6,7,5,6,4,6,5,5,5,5,5,4,6,4,3,4,7,7,7,7,1,7,7,7,1,9,7,7,6,6,7,5,6,7,6,5,5,6,5,5,5,6,3,6,4,5,5,5,7,6,6,5,6
616,2,1,3,69,69,2,1,5,12,0,4,7,6,3,3,1,3,2,2,6,2,2,5,4,4,4,1,2,2,2,2,2,2,2,1,2,1,2,1,2,1,2,2,7,3,5,3,9,9,2,3,8,7,6,2,4,2,2,7,3,5,5,6,6,6,6,3,1,1,6,6,5,7,6,6,4,5,1,5,5,7,1,4,3,4,4,5,5,6,6,5,4,6,6,6,7,7,7,7,6,6,7,7,6,7,7,7,7,6,8,8,1,1,1,1,4,2,2,2,6,6,2,4,2,2,3,6,6,6,6,6,6,6,6,6,5,6
617,2,1,3,69,69,2,1,7,2,-1,2,9,9,2,5,1,8,2,2,4,4,5,5,4,1,4,5,2,2,2,2,1,2,1,2,2,1,1,1,2,2,2,2,5,4,3,3,9,7,3,4,8,7,4,6,6,4,3,5,7,5,5,6,5,6,7,4,4,4,7,5,6,6,5,5,6,5,4,9,8,7,2,6,2,4,4,5,6,5,6,6,6,6,7,5,6,7,6,6,7,7,7,7,4,7,7,7,7,7,2,7,3,4,1,3,6,6,4,1,6,7,4,7,4,1,3,6,7,7,7,6,6,7,6,6,7,6
618,2,2,3,69,69,3,3,3,12,0,4,9,9,6,3,1,5,2,2,1,1,5,7,7,1,1,5,1,1,1,1,1,1,1,2,2,2,1,2,2,2,1,2,5,5,9,9,10,10,1,7,5,8,8,2,1,1,1,6,2,5,5,4,6,6,7,4,4,4,4,7,3,7,6,4,6,6,4,1,10,7,1,6,5,7,6,1,4,4,4,4,4,3,5,6,1,6,6,6,6,6,3,3,7,7,7,7,7,4,9,6,1,2,1,2,6,4,2,1,7,6,6,4,2,1,5,5,6,7,6,5,7,5,6,5,6,6
619,2,2,5,69,69,3,1,5,12,-2,5,10,10,1,5,1,8,2,2,5,1,4,6,2,1,1,7,1,1,1,1,1,1,1,1,1,1,2,2,1,1,2,2,7,1,3,3,3,9,7,2,5,3,1,5,1,1,1,3,3,8,5,6,5,7,3,7,1,1,1,1,1,5,2,2,4,2,1,1,10,2,7,1,1,1,6,6,5,6,5,6,7,7,7,6,7,7,7,7,7,7,7,7,6,7,7,7,7,7,1,10,1,7,1,1,1,1,1,6,1,1,1,1,7,7,7,2,7,4,6,4,7,7,7,6,1,6
620,2,1,3,69,69,2,1,7,2,3,5,7,8,1,7,1,4,1,4,5,5,2,5,5,1,6,2,1,1,1,1,2,2,1,1,2,2,1,2,1,2,2,1,7,9,6,2,9,8,2,5,8,3,5,2,8,6,8,10,5,9,5,6,6,4,7,1,4,6,7,7,7,7,7,6,2,4,1,1,2,7,2,7,7,7,2,1,5,6,3,5,7,7,7,7,7,6,7,7,7,7,7,7,7,7,7,7,7,7,9,1,1,4,1,1,1,4,5,5,1,1,6,3,6,2,5,3,4,6,7,4,6,4,7,5,1,6
621,2,2,3,69,69,2,1,7,2,-3,7,9,8,2,5,1,6,2,4,5,6,5,5,5,1,1,5,2,2,1,2,2,2,2,2,2,2,1,1,1,2,1,2,5,6,5,4,8,9,5,6,7,6,7,4,6,4,4,4,8,7,5,6,6,5,5,4,2,3,3,2,4,6,6,3,3,5,2,4,6,6,5,3,4,3,4,4,5,5,6,6,5,3,7,6,7,7,7,7,7,6,4,7,3,7,6,7,7,7,3,3,6,6,2,6,1,1,1,4,1,4,4,5,4,2,4,4,6,4,6,7,7,6,6,6,2,6
622,2,1,3,69,69,3,2,6,2,2,6,7,4,7,5,3,5,3,3,4,5,3,4,4,4,3,4,2,2,1,2,2,1,1,2,2,1,2,1,2,2,1,2,8,5,4,7,6,4,3,5,8,5,5,4,4,3,8,6,6,9,5,3,3,5,4,6,3,6,4,5,6,5,4,4,3,3,5,5,7,4,5,5,4,4,2,6,3,5,3,5,4,3,6,5,3,3,5,6,5,5,4,4,4,5,5,3,3,3,4,7,3,4,6,4,6,5,4,2,6,5,5,3,2,4,5,4,2,5,6,5,2,3,3,6,6,6
623,2,1,3,69,69,3,1,6,2,-2,4,10,10,4,6,1,6,2,4,6,3,4,6,5,1,4,4,1,1,1,1,1,1,1,1,1,1,1,1,1,2,2,1,7,6,4,3,9,8,6,3,9,8,4,7,6,5,5,6,7,7,5,7,7,6,6,5,2,5,5,5,6,7,6,6,6,7,4,5,7,5,6,6,4,5,4,4,5,7,5,5,6,6,6,6,5,6,7,6,6,6,6,7,6,7,6,7,6,6,7,6,3,1,1,2,6,6,5,3,6,6,6,6,5,3,5,6,6,5,6,6,7,7,5,4,5,6
624,2,1,4,69,69,1,2,3,10,0,2,10,10,3,5,1,9,1,4,7,1,1,4,7,1,7,4,2,2,1,1,1,1,1,1,2,2,2,1,1,2,1,1,5,7,9,6,10,10,10,6,10,5,7,10,8,6,6,8,9,10,5,7,7,7,7,1,6,4,7,7,7,7,7,4,7,6,7,1,1,7,1,7,2,7,1,1,7,4,7,6,4,7,7,5,7,7,7,7,7,2,5,7,1,7,7,7,7,7,2,1,1,4,1,3,4,3,5,4,1,1,2,4,4,5,7,7,7,5,7,7,7,7,5,5,2,6
625,2,2,4,69,69,3,1,7,2,-2,5,10,10,1,8,2,4,2,2,4,4,5,6,4,2,3,5,1,2,2,1,1,1,1,1,2,2,1,1,1,2,2,2,6,5,3,3,10,7,5,7,8,7,6,5,4,5,5,5,8,6,5,7,7,5,6,4,3,4,4,7,6,6,7,6,5,5,4,1,5,7,7,7,3,4,4,4,6,6,6,4,6,6,6,7,3,6,3,6,5,5,2,7,6,7,6,6,7,7,9,4,1,1,1,1,7,6,1,2,6,7,7,4,2,1,2,6,6,3,6,6,7,6,6,5,2,6
626,2,1,5,69,69,3,1,7,2,3,4,10,10,1,10,1,2,2,4,5,6,1,6,1,1,2,6,1,1,1,1,1,1,1,2,1,1,1,1,1,1,1,2,8,9,6,6,10,8,7,7,9,8,5,8,2,3,2,3,9,9,5,7,7,7,5,3,1,2,2,3,5,7,7,2,3,4,1,7,9,7,1,6,3,5,3,1,3,7,7,2,7,7,7,7,7,7,7,7,7,7,7,7,7,7,7,7,7,7,1,9,7,6,5,1,7,7,7,1,7,7,7,2,5,3,3,5,7,7,7,7,7,7,7,7,2,6
627,2,1,4,57,69,3,1,6,2,-5,5,10,10,1,5,1,6,2,2,5,5,5,5,2,1,1,5,1,2,1,1,1,1,1,1,1,1,1,1,2,1,2,2,3,3,3,3,7,7,4,6,7,8,3,5,1,1,1,5,8,8,5,6,6,6,4,2,2,3,2,2,2,5,5,5,5,5,2,3,3,5,3,5,2,2,5,5,5,5,6,5,3,7,6,5,7,7,6,6,7,6,7,7,5,7,7,7,7,7,1,3,2,3,4,4,6,6,6,3,6,6,1,1,6,6,7,7,7,6,7,7,7,7,6,3,2,6
628,2,1,4,69,69,3,1,5,2,0,4,7,10,4,7,2,3,1,4,6,6,4,5,6,4,4,3,1,1,1,1,1,2,1,1,1,1,1,1,1,2,1,1,5,5,7,7,7,9,3,5,4,3,4,5,7,4,8,7,6,5,5,6,5,4,7,6,5,6,6,4,4,6,6,4,6,6,6,6,5,7,2,7,6,6,6,6,7,6,6,7,7,7,7,7,7,7,7,7,7,7,7,7,7,7,7,7,7,7,7,8,3,4,3,4,5,7,1,2,4,6,5,5,6,5,6,6,7,7,7,6,7,7,6,3,3,6
629,2,1,2,57,69,2,2,7,2,0,5,9,8,1,10,1,3,2,2,6,4,5,7,2,1,2,4,1,1,1,1,1,2,1,1,1,1,1,1,1,1,2,2,5,3,3,3,7,9,7,2,7,8,2,3,1,1,1,5,3,6,5,6,5,4,4,6,4,4,4,6,4,4,5,6,5,5,1,7,9,6,6,5,1,2,6,5,7,4,6,7,7,7,7,7,7,7,7,7,7,6,7,7,7,7,7,7,7,7,2,2,2,2,2,2,4,4,4,1,4,5,3,4,5,2,4,7,7,7,7,6,7,7,7,4,8,6
630,2,1,4,69,69,3,2,6,9,-4,6,10,10,1,7,1,4,1,2,2,1,4,7,4,1,1,5,1,1,1,1,1,1,1,1,1,1,1,2,1,2,1,1,8,5,8,1,10,10,2,4,7,7,4,3,3,3,2,5,10,5,5,7,7,7,7,3,4,7,5,1,5,7,7,7,4,7,1,1,1,3,4,3,2,4,4,4,7,7,7,7,7,7,7,7,1,7,6,4,6,7,7,7,1,7,7,7,7,7,1,2,1,1,1,1,7,7,7,1,7,6,2,5,7,6,7,7,7,3,6,7,7,7,6,6,5,6
631,2,2,4,69,69,4,3,6,2,3,2,5,8,1,4,1,7,2,2,3,4,5,4,3,4,5,3,2,2,1,2,2,1,2,2,2,2,2,2,2,1,2,2,4,2,5,6,9,7,5,1,8,3,2,3,2,1,2,7,5,5,5,4,4,4,4,4,4,4,4,4,4,4,4,4,4,4,4,6,8,4,4,4,4,4,4,4,4,4,4,4,4,4,4,4,4,4,4,4,4,6,7,5,3,7,7,7,7,7,5,5,1,3,1,1,4,4,4,4,4,4,4,2,4,4,4,4,7,6,7,6,7,6,2,7,4,6
632,2,2,4,69,69,3,2,6,10,-3,6,10,10,1,4,1,5,1,2,2,1,4,5,4,1,1,6,1,1,1,1,1,1,1,1,1,1,1,1,1,2,1,1,9,5,9,1,10,10,2,5,9,8,3,3,2,3,3,4,10,7,5,7,7,7,4,4,4,5,4,1,5,5,6,5,4,4,1,1,1,4,7,4,2,6,5,5,6,7,7,7,7,7,7,7,7,7,7,7,7,7,7,7,1,4,7,7,7,7,2,2,1,1,1,1,7,7,4,1,7,7,4,4,3,4,6,7,7,4,7,7,7,6,6,5,2,6
633,2,2,3,69,69,3,1,6,2,3,5,10,10,1,6,1,5,2,4,1,1,5,6,2,1,5,6,1,2,1,2,1,2,1,1,1,1,1,1,2,1,1,1,2,5,4,4,6,8,3,3,8,5,3,6,3,3,4,3,9,4,5,7,5,5,7,2,5,2,7,7,7,5,7,5,3,6,3,8,8,6,1,7,6,6,2,2,7,2,2,7,6,7,7,7,7,7,7,7,7,5,6,7,7,7,7,7,7,7,9,8,1,1,1,1,5,4,6,6,1,5,6,4,4,3,3,6,7,6,7,7,7,7,6,6,3,6
634,2,1,3,69,69,3,1,6,2,2,5,10,10,2,9,1,4,2,1,7,6,2,7,5,5,6,1,2,2,1,1,2,1,1,2,2,2,1,2,2,2,2,2,5,5,4,4,10,10,10,10,8,10,7,10,10,10,10,4,8,7,5,7,7,7,7,3,4,3,7,7,6,6,6,5,5,5,4,5,5,7,7,7,4,7,1,1,6,6,7,7,7,7,7,7,7,7,7,7,7,6,7,6,7,1,6,7,7,7,7,7,1,1,1,3,7,7,7,1,7,6,7,7,2,2,3,4,6,6,6,6,6,7,6,6,7,6
635,2,2,3,69,69,3,1,7,2,2,5,10,10,1,2,1,2,1,4,2,4,4,7,4,2,3,5,1,1,1,1,2,2,1,2,2,2,2,2,1,2,2,2,5,5,6,6,5,5,5,6,5,5,5,5,5,5,6,5,5,5,5,5,6,4,6,5,5,5,4,5,5,5,5,5,5,6,5,9,9,5,6,5,6,5,3,2,5,4,3,5,7,7,7,7,7,7,7,7,7,7,7,7,7,7,7,7,7,7,6,6,1,1,1,1,3,3,3,3,3,3,1,1,1,1,6,7,7,6,6,6,7,7,4,7,8,6
636,2,2,2,69,69,2,1,8,2,3,5,10,10,5,8,1,6,2,2,6,5,6,5,4,1,5,6,1,1,1,1,1,1,1,1,1,1,1,1,1,1,1,1,2,9,8,6,4,6,7,4,7,6,4,5,5,4,6,8,5,5,5,7,1,7,7,3,5,5,7,5,5,7,7,5,3,7,4,9,5,7,1,7,7,7,3,1,3,1,3,6,7,7,7,7,6,7,7,7,7,7,7,7,7,7,7,7,7,7,8,5,4,2,1,2,2,4,4,4,7,7,3,7,5,3,5,6,7,7,7,5,7,7,6,6,6,6
637,2,2,4,69,69,2,1,5,11,-2,4,8,8,5,3,1,9,2,4,3,2,5,2,6,1,1,5,2,2,2,2,2,2,2,2,2,2,2,2,2,1,2,2,2,2,4,5,6,7,1,1,7,5,4,1,2,1,1,8,1,2,5,7,7,7,7,2,1,5,4,6,6,7,7,1,4,6,3,2,8,7,1,7,7,2,4,7,7,5,6,5,6,7,6,7,7,7,7,6,6,5,6,6,7,7,5,6,6,4,2,2,1,4,1,3,4,5,1,1,4,7,4,4,1,1,6,4,7,3,7,7,7,6,5,5,6,6
638,2,2,3,249,69,2,2,7,2,1,5,9,9,2,9,2,5,1,4,7,4,6,6,5,1,2,6,1,2,1,1,1,1,1,2,1,1,1,1,1,1,1,2,7,8,5,6,9,9,4,6,9,5,8,5,2,2,2,4,5,8,5,7,7,7,6,4,5,4,3,5,5,5,7,7,6,6,4,5,8,7,1,5,2,4,4,4,7,5,5,7,7,7,7,7,7,7,7,7,7,5,7,7,1,7,7,7,7,7,3,8,1,1,1,1,4,6,7,4,4,7,5,5,6,4,7,7,6,7,7,7,7,7,7,7,4,6
639,2,2,4,69,69,3,1,8,2,-3,5,7,9,1,7,1,8,2,4,5,2,4,5,2,1,3,3,1,1,1,1,1,1,1,2,2,2,2,2,1,2,2,1,7,8,4,4,8,8,8,3,7,9,4,2,7,5,7,8,2,8,5,7,7,6,3,5,1,6,6,6,6,6,7,7,6,7,4,2,2,3,7,5,1,1,7,7,6,7,7,7,7,7,7,6,7,7,7,7,7,7,7,7,5,7,7,7,7,7,1,10,2,6,1,3,7,5,6,1,1,6,2,7,6,1,2,7,7,6,7,6,7,7,6,6,2,6
640,2,1,4,69,69,1,3,6,11,2,4,9,8,4,7,1,7,1,4,4,6,5,4,5,4,5,5,2,2,2,2,2,1,1,2,2,1,1,2,2,1,2,2,6,5,3,2,10,7,6,7,10,8,8,8,7,9,6,4,9,9,5,7,6,6,6,5,2,4,7,6,6,5,6,6,5,7,4,6,8,6,2,4,5,5,3,5,5,2,6,5,6,7,6,7,7,7,5,7,7,6,6,7,7,7,6,7,7,7,7,5,4,2,1,1,6,5,3,1,5,6,6,6,5,1,4,5,6,5,6,5,6,5,6,5,6,6
641,2,2,5,69,69,3,1,3,12,-3,4,10,10,1,7,1,5,2,4,5,5,5,5,5,1,5,5,2,2,2,2,1,1,1,1,1,1,1,1,2,1,1,1,5,5,1,1,4,5,3,4,3,3,4,4,5,3,4,7,4,4,5,7,7,7,4,7,5,4,5,7,7,7,7,5,5,7,7,3,3,1,7,3,3,1,7,7,5,5,4,5,7,7,7,5,7,5,7,6,6,6,7,7,6,7,6,7,7,7,2,10,5,7,1,3,1,1,1,5,1,1,4,4,4,3,4,5,7,5,6,7,7,7,6,3,3,6
642,2,1,5,69,69,3,2,6,2,5,5,7,7,4,3,1,6,2,4,5,1,4,5,6,3,5,3,2,2,2,2,2,2,1,1,2,1,2,1,1,2,1,1,5,5,4,4,10,8,7,7,6,6,7,7,7,6,9,6,9,10,5,7,7,6,7,2,5,5,7,6,7,6,7,5,4,6,2,8,8,7,1,7,4,7,1,3,2,5,4,3,5,5,5,5,7,5,5,4,4,6,6,6,3,6,7,7,6,5,10,4,1,4,1,4,1,3,4,5,1,1,4,6,4,5,4,7,7,6,6,7,7,3,7,5,6,6
643,2,1,3,69,69,1,1,8,2,-3,5,8,8,8,8,8,8,2,2,3,2,5,5,3,3,2,5,1,1,1,1,1,2,1,1,1,1,1,1,1,2,1,2,8,8,3,4,7,7,8,8,8,7,8,8,8,8,8,3,8,9,5,5,5,6,5,6,5,5,5,5,5,5,5,5,5,6,5,7,7,5,5,5,5,6,5,5,5,5,5,5,6,6,5,6,5,6,6,6,6,6,7,5,6,6,5,5,5,6,7,7,5,5,5,5,5,6,4,5,5,6,6,4,6,5,5,6,5,6,6,6,6,5,6,6,6,6
644,2,1,3,69,69,3,1,7,2,3,6,10,10,2,7,2,4,2,3,6,4,2,5,2,1,6,6,1,1,1,1,1,2,1,2,2,1,1,2,1,2,1,1,9,9,1,1,10,9,6,3,10,9,6,7,8,7,9,2,8,8,5,7,7,7,7,1,1,6,7,7,6,7,7,7,6,6,1,6,9,7,1,7,2,7,1,1,6,5,6,6,7,7,6,7,7,6,7,6,6,6,6,7,6,7,7,7,7,7,8,3,1,1,3,1,6,7,6,1,1,6,1,6,7,3,6,7,7,7,7,7,7,7,7,6,6,6
645,2,2,3,69,69,3,1,3,2,-3,5,10,10,1,8,1,2,2,2,4,4,3,5,2,1,3,5,1,1,1,1,1,1,1,2,1,1,1,1,1,1,1,2,8,6,4,3,8,8,9,4,8,8,7,5,2,3,2,4,9,5,5,7,7,6,6,5,2,3,4,4,5,5,6,6,5,6,4,5,5,6,4,5,4,4,4,5,4,4,5,5,7,7,7,6,7,7,7,7,7,7,6,6,6,7,7,7,7,7,2,6,1,3,1,1,7,7,1,2,7,7,4,4,4,5,5,6,7,5,7,6,7,7,7,5,5,6
646,2,2,5,11,124,1,2,3,10,-3,2,6,5,1,1,1,9,2,4,4,1,6,2,4,5,1,6,2,2,2,1,1,2,2,1,2,2,2,2,2,1,2,1,2,5,1,1,6,10,2,4,8,8,6,8,1,1,2,3,9,8,5,7,7,4,5,5,1,6,1,1,6,7,6,7,4,7,1,1,10,1,6,1,1,1,7,7,7,7,7,7,7,7,7,7,6,7,7,7,6,6,7,5,6,7,7,7,7,7,1,10,1,4,2,1,7,7,1,1,7,7,4,1,6,5,2,7,7,6,7,7,7,7,7,7,2,6
647,2,2,5,69,69,5,1,6,2,-1,5,5,7,4,5,1,6,2,2,3,3,2,3,4,2,2,5,1,1,1,1,1,1,1,1,1,1,1,1,2,1,2,2,6,4,5,5,7,8,4,4,8,7,6,5,3,4,4,5,5,7,5,6,6,5,6,3,2,3,5,5,3,6,6,5,4,5,2,3,8,6,2,6,2,6,3,2,3,3,3,2,6,6,6,6,6,6,6,5,6,7,7,7,6,6,7,7,7,7,4,3,2,4,5,4,1,5,3,3,1,5,6,4,5,2,3,7,7,7,5,6,7,6,7,5,1,6
648,2,2,5,69,69,3,3,6,2,0,4,10,10,1,3,1,10,1,2,1,3,5,5,5,1,3,5,2,2,2,1,2,1,1,2,2,2,2,2,1,2,1,1,5,5,8,6,10,7,7,6,7,8,6,7,7,7,4,4,5,5,5,7,7,7,7,1,2,1,6,3,4,7,7,7,2,7,1,5,5,6,1,5,2,3,5,4,6,7,7,6,7,7,7,7,6,7,7,7,7,7,7,7,7,7,7,7,7,7,1,9,1,1,1,1,7,7,1,1,7,7,6,7,4,1,4,6,7,6,7,7,7,7,6,5,8,6
649,2,1,5,69,69,3,3,5,2,1,2,10,10,1,9,1,8,1,4,7,1,5,6,1,1,1,5,2,2,2,2,1,1,1,1,2,2,2,1,1,2,2,2,5,5,6,6,1,10,2,2,9,9,9,2,1,3,2,4,9,8,5,7,7,6,6,3,4,5,5,5,5,7,7,6,6,6,1,8,10,6,2,7,2,6,3,2,6,7,7,2,7,7,7,7,7,7,7,7,7,7,7,7,7,7,7,7,7,7,2,9,1,4,1,3,7,7,6,1,7,7,3,1,6,5,6,7,7,5,6,6,7,7,6,5,4,6
650,2,2,2,69,69,2,4,4,2,4,4,10,8,7,7,9,8,2,4,2,3,3,5,3,3,4,3,1,1,1,1,1,1,1,1,1,1,1,1,1,1,1,2,8,6,3,3,7,8,7,7,8,8,8,7,8,8,7,3,8,6,5,3,3,4,5,3,3,3,4,3,6,6,5,5,4,5,4,9,7,6,4,7,2,4,5,3,4,6,3,5,4,3,5,6,6,4,4,4,3,6,5,5,6,6,6,6,5,6,7,8,6,6,7,6,4,5,5,6,2,4,2,6,5,5,5,5,6,4,2,4,5,5,6,4,6,6
651,2,2,5,69,69,3,3,3,2,-2,2,9,8,2,4,1,1,1,4,2,5,4,5,5,1,4,5,1,2,1,1,1,1,1,1,1,1,2,2,1,2,1,1,5,6,5,4,9,7,6,6,5,7,5,7,6,6,5,4,8,6,5,7,5,7,7,3,3,6,4,5,5,6,6,6,4,6,4,3,3,5,6,5,2,4,4,3,5,4,5,3,6,6,7,6,6,6,6,6,5,6,6,6,6,4,6,4,6,6,3,3,1,2,1,1,6,5,6,3,4,6,6,5,6,4,5,6,7,3,5,6,7,6,6,6,3,6
652,2,1,5,69,69,3,1,6,2,1,4,7,7,6,6,6,7,2,4,2,3,4,5,5,1,5,5,1,1,1,1,1,1,1,2,1,1,1,1,2,1,1,2,7,7,3,5,7,5,7,7,8,8,6,7,8,8,7,3,6,6,5,6,5,4,5,6,5,6,6,5,6,6,4,6,5,6,6,8,7,4,6,6,6,5,5,5,6,5,6,6,4,5,6,6,5,6,6,5,6,6,5,7,5,6,5,5,6,6,7,8,6,5,5,4,5,6,4,6,5,6,5,5,6,4,5,5,5,6,6,5,6,4,6,6,7,5
653,2,1,2,69,69,1,4,5,12,-3,5,3,6,5,3,1,4,2,2,6,6,4,4,4,1,2,5,1,1,2,1,1,2,1,1,1,1,2,1,1,2,1,1,6,4,5,4,9,10,8,4,8,7,3,6,2,3,4,6,8,4,5,7,6,6,6,7,4,3,3,6,4,7,6,7,4,6,2,1,1,5,2,4,4,3,4,5,5,3,4,5,6,7,6,4,5,7,2,5,5,6,5,6,1,5,7,4,6,7,5,1,1,1,1,1,2,2,5,1,2,4,4,6,1,1,1,3,5,7,6,5,6,7,5,5,3,5
654,2,2,3,69,69,3,1,7,9,-5,6,8,7,1,2,1,8,2,4,2,1,7,2,7,1,2,1,1,1,1,1,1,2,1,2,1,1,1,1,1,1,2,1,5,7,8,8,9,10,10,8,10,10,5,9,1,1,1,1,2,10,5,7,7,7,5,4,1,1,4,2,1,7,6,7,7,7,4,6,10,3,6,2,1,3,6,6,7,7,7,7,7,7,7,7,7,7,7,7,7,7,7,6,7,7,7,7,7,7,2,10,4,3,1,4,7,7,7,1,7,7,4,2,6,5,7,7,7,5,7,7,7,7,7,7,5,5
655,2,1,2,69,69,2,1,5,12,0,4,8,10,1,1,1,6,2,3,4,4,5,5,6,1,3,4,1,2,2,1,1,2,1,1,1,1,2,2,1,2,1,1,5,8,10,4,10,10,10,6,7,10,3,1,1,8,2,8,10,10,5,7,7,7,7,1,2,4,5,7,5,7,7,7,2,5,2,1,1,7,1,6,2,7,3,1,7,2,4,7,6,7,7,7,7,7,7,7,7,7,7,7,7,7,7,7,1,7,2,1,1,4,1,1,4,4,4,4,4,4,5,3,5,2,2,3,7,5,7,7,7,7,6,7,2,5
656,2,1,3,69,69,3,1,6,10,-5,2,9,10,1,6,1,3,1,4,1,1,2,5,6,1,1,7,2,2,2,1,1,1,2,1,1,2,2,1,2,2,1,2,9,8,4,5,10,4,7,3,8,8,9,7,1,1,1,1,7,9,5,7,7,7,7,1,7,6,3,1,2,7,7,7,2,7,1,1,7,7,7,7,2,7,5,2,5,5,2,7,7,7,7,7,7,5,7,7,7,7,7,7,7,7,7,7,7,7,9,2,1,1,1,1,3,2,1,6,1,1,3,1,6,4,7,7,7,1,5,1,7,7,7,1,1,5
657,2,2,2,69,69,3,1,5,2,0,5,10,9,1,8,1,4,2,2,7,7,2,7,6,1,5,4,1,1,1,1,1,1,1,1,2,1,2,1,1,1,1,1,4,3,6,5,8,9,8,9,5,7,5,6,5,7,7,2,7,7,5,7,5,5,6,5,7,7,6,5,5,4,5,6,6,4,7,6,6,7,2,7,5,7,3,1,5,7,6,7,7,7,6,7,7,6,7,5,6,4,4,5,5,3,4,5,5,4,5,7,1,1,1,1,3,4,3,5,5,4,4,3,3,2,3,5,4,6,5,6,3,4,4,3,5,5
658,2,1,3,69,69,3,1,3,12,1,2,6,6,7,7,6,7,2,2,6,5,4,6,5,6,6,6,1,1,1,1,2,2,1,1,1,2,1,1,2,1,1,2,8,6,4,6,7,7,6,7,6,7,7,7,6,7,6,5,6,6,5,5,4,5,5,5,6,5,6,5,5,5,4,6,6,6,6,7,6,5,5,6,6,6,6,6,5,4,6,6,5,6,6,3,6,7,5,6,5,4,5,6,5,5,6,6,4,6,8,6,7,6,5,6,5,6,5,6,6,4,5,6,5,7,5,7,5,5,6,6,6,4,6,6,7,5
659,2,1,4,69,69,3,1,5,10,-4,5,9,10,2,8,1,4,2,4,4,3,4,6,4,2,3,3,1,1,1,1,1,1,1,1,1,1,1,1,1,2,2,1,8,8,5,4,9,8,5,7,8,6,7,5,5,5,6,5,8,7,5,7,7,6,6,5,5,5,5,7,7,6,6,5,4,5,4,1,1,7,3,6,2,5,5,4,5,7,6,5,7,7,7,7,7,7,7,7,7,6,6,7,7,7,7,7,7,7,2,8,3,5,2,4,7,7,2,1,6,6,5,5,2,6,7,5,6,6,7,6,7,7,6,6,6,5
660,2,1,2,69,69,2,1,5,9,0,4,8,9,5,8,2,5,2,1,5,4,4,5,4,4,4,5,1,2,2,1,2,2,1,2,2,2,1,2,2,1,2,2,7,6,5,4,10,8,7,6,7,6,5,5,6,5,6,6,7,7,5,7,7,7,7,4,2,4,5,5,5,6,6,5,5,6,4,4,4,6,1,6,6,7,3,3,6,3,4,6,4,6,6,6,5,7,6,5,6,3,5,5,6,4,5,6,5,5,7,3,1,3,1,1,5,2,5,3,4,5,5,4,1,1,4,7,6,4,6,6,7,7,6,5,5,5
661,2,1,2,69,46,3,1,8,3,5,5,10,10,9,10,9,2,2,4,7,6,7,6,5,6,6,6,1,2,1,2,2,1,1,1,1,1,2,1,1,2,1,2,9,10,2,2,8,9,10,8,9,9,8,9,9,9,10,2,9,9,5,6,7,6,6,7,6,6,6,6,7,6,7,5,6,5,6,9,8,7,6,6,6,6,6,6,7,6,7,5,5,6,7,6,5,6,5,6,6,7,7,6,6,7,4,4,6,6,9,9,6,5,5,7,5,6,6,4,6,5,5,5,6,4,6,7,7,7,5,6,6,5,6,6,7,5
662,2,1,3,69,69,1,1,8,12,0,8,8,7,1,7,1,5,1,2,3,4,5,5,3,1,5,2,1,1,1,1,2,1,1,1,2,1,1,2,1,1,1,1,5,6,6,6,10,6,4,6,6,6,6,6,6,8,7,5,6,6,5,5,5,5,4,4,5,5,7,6,6,5,6,5,5,5,3,3,5,7,1,5,7,1,1,1,5,5,5,5,5,6,5,5,5,6,5,5,5,6,6,6,6,6,6,6,6,6,10,2,6,7,3,7,5,4,5,5,4,5,4,5,4,1,5,5,4,7,6,2,7,6,6,6,2,5
663,2,1,2,69,69,1,4,6,2,0,5,7,8,7,4,4,6,1,4,5,5,4,5,3,4,5,4,2,1,1,1,1,1,1,2,2,1,2,2,1,2,1,1,5,10,4,1,10,8,7,4,6,3,6,5,1,1,1,6,6,10,5,4,5,5,5,4,4,6,6,6,5,4,4,3,4,5,3,1,3,5,4,5,4,4,4,5,6,5,6,4,5,6,4,5,6,6,5,5,3,3,5,4,5,4,5,5,5,4,5,7,4,2,5,5,4,4,6,5,4,6,4,5,6,2,3,6,6,5,6,4,7,3,6,5,4,5
664,2,2,3,69,69,3,1,6,2,1,5,10,10,1,10,1,1,2,4,6,4,7,7,5,1,1,6,1,1,1,1,1,1,1,1,1,1,1,1,1,1,2,1,8,9,5,5,10,10,1,1,10,10,4,1,1,1,1,3,10,6,5,7,7,7,6,5,1,1,6,2,4,7,7,7,5,4,1,7,10,7,1,5,2,5,7,5,5,4,7,2,7,7,7,7,7,7,7,7,7,7,7,7,7,7,7,7,7,7,1,1,1,3,3,1,6,4,1,1,7,7,1,1,2,1,5,7,7,7,7,7,7,7,7,7,2,5
665,2,2,2,69,69,2,1,5,2,3,4,8,8,3,8,5,7,2,3,6,5,6,6,3,1,3,4,1,1,1,2,1,1,1,2,1,1,1,1,1,1,1,1,7,7,5,5,9,10,2,6,8,7,8,4,8,7,8,4,8,6,5,6,5,6,5,6,6,5,4,5,6,6,6,6,4,6,2,8,7,5,6,6,5,5,6,6,6,4,5,3,6,7,6,7,6,7,7,7,7,7,7,7,7,7,7,7,7,7,5,6,2,5,5,5,3,4,2,5,2,3,3,2,3,1,1,6,6,5,7,5,7,6,6,7,2,5
666,2,1,2,69,69,3,1,6,2,-3,5,9,9,2,5,2,7,2,2,5,4,5,4,5,1,1,2,2,2,2,2,2,2,2,2,2,2,2,2,2,2,2,2,3,3,3,2,9,6,4,4,8,2,8,8,6,3,5,5,8,7,5,7,6,7,6,5,2,3,6,3,3,6,6,3,3,5,2,8,8,5,3,3,5,2,5,2,6,3,3,2,6,6,6,6,6,6,6,6,6,7,7,6,7,7,7,7,7,7,2,7,4,5,5,4,6,6,2,1,2,6,6,7,6,2,6,6,7,6,7,7,7,7,7,7,2,5
667,2,1,1,69,69,1,1,6,12,-1,2,7,6,6,7,7,6,2,3,4,5,4,4,3,3,4,4,1,1,2,2,1,2,1,1,1,1,1,1,2,2,1,1,7,6,3,6,6,7,6,8,7,8,8,8,7,7,8,5,7,5,5,3,4,5,4,4,5,4,5,4,5,4,5,5,4,5,5,4,6,5,4,5,6,5,4,5,5,5,5,4,4,5,5,4,5,3,4,5,5,6,6,5,3,5,6,5,5,6,7,7,5,4,5,5,3,5,5,6,5,5,4,4,4,4,5,5,3,3,5,4,5,4,4,4,5,5
668,2,2,1,151,151,1,1,3,3,-4,2,5,9,3,3,1,4,2,4,6,7,3,6,3,2,4,5,1,2,2,2,1,1,1,2,1,2,1,1,1,2,1,1,6,4,4,4,9,8,8,1,4,7,7,7,2,2,1,10,7,2,5,6,6,6,6,4,5,5,4,5,3,6,6,5,5,6,4,6,7,7,6,3,5,4,5,5,6,5,5,6,5,4,2,6,6,6,6,6,6,4,2,7,3,7,6,7,2,6,1,10,1,1,1,2,5,4,4,5,4,5,7,7,2,1,1,4,6,5,5,6,5,6,7,5,6,5
669,2,1,4,69,69,3,1,6,9,1,5,10,10,1,10,1,6,2,4,6,6,2,6,5,3,5,5,2,2,2,1,2,2,1,2,2,1,1,1,2,2,2,2,8,8,5,7,10,9,6,5,10,8,7,4,4,5,5,5,10,9,5,7,7,7,7,2,3,4,4,7,7,6,7,5,5,5,2,2,10,6,3,7,3,6,5,6,7,5,4,6,7,7,7,5,7,7,7,7,7,7,6,7,6,7,7,7,7,7,2,8,5,4,5,4,6,6,4,2,6,6,6,3,5,5,6,7,6,6,6,4,7,7,4,6,4,5
670,2,2,1,69,69,1,4,7,2,-4,2,7,9,2,6,1,5,2,1,3,5,4,5,4,1,3,4,1,1,2,1,1,1,1,2,2,1,2,1,1,1,2,2,8,7,5,5,10,7,4,4,6,6,4,5,4,5,7,4,7,6,5,6,6,6,5,5,5,5,4,2,3,6,5,4,5,5,5,6,5,3,5,4,3,2,5,5,5,4,4,3,5,5,5,5,5,5,5,5,5,5,7,7,2,4,6,7,7,6,6,6,1,4,1,1,5,4,5,5,3,5,3,1,4,3,2,5,6,3,6,2,6,6,7,2,1,5
671,2,1,1,69,69,2,4,7,12,1,5,8,6,7,7,8,8,2,4,4,3,5,5,4,6,5,5,1,1,1,2,1,1,2,1,2,1,2,1,2,2,2,1,7,6,2,3,7,5,8,5,8,5,9,9,9,7,7,5,7,8,5,6,6,5,5,6,6,5,3,4,5,4,4,5,2,6,6,7,8,3,4,5,5,4,5,4,6,5,6,5,5,4,5,7,6,6,5,6,5,6,6,6,6,6,6,6,6,6,8,8,6,7,6,7,3,4,3,5,1,2,4,5,5,5,4,4,7,6,7,5,6,5,6,6,6,5
672,2,1,2,69,69,3,1,6,12,-3,5,7,7,2,4,1,7,2,4,2,2,5,2,2,1,1,4,2,2,1,1,1,1,1,1,2,2,2,2,1,2,2,1,4,3,7,3,7,6,4,3,7,2,2,3,3,4,6,6,3,4,5,5,5,5,6,2,2,2,4,4,5,1,1,5,4,6,2,2,2,5,6,3,5,4,3,2,6,7,6,5,5,5,7,3,6,6,6,3,6,5,7,7,1,7,6,7,7,7,6,6,1,1,1,1,4,5,3,4,3,5,6,5,4,6,5,6,7,1,5,6,7,5,2,5,2,5
673,2,2,2,69,69,1,3,3,2,0,8,10,10,1,10,1,1,2,4,4,6,3,7,5,2,2,5,1,2,1,1,1,1,1,2,1,1,1,1,1,1,1,1,5,3,8,5,8,10,6,5,7,7,6,3,4,2,4,6,7,6,5,7,7,6,7,2,4,4,5,4,4,7,7,5,4,4,4,5,3,7,3,7,3,6,4,2,7,4,4,7,7,7,7,7,7,7,7,7,7,7,7,7,1,7,7,7,7,7,5,6,1,1,1,1,7,4,4,1,6,7,4,6,4,2,4,7,7,3,7,7,7,6,7,3,1,5
674,2,2,1,69,69,1,4,5,10,-4,3,10,9,3,6,1,6,3,2,6,7,5,6,5,1,1,7,1,2,1,1,1,2,1,2,1,2,2,1,1,2,2,1,5,3,8,5,10,10,4,6,9,4,3,6,2,1,5,6,3,6,5,7,7,4,5,5,6,5,3,7,4,7,6,7,7,7,4,1,1,7,3,5,2,3,4,3,6,2,4,3,7,7,6,7,7,7,7,7,7,7,7,7,7,7,6,6,7,7,5,6,1,4,2,2,6,1,7,1,5,7,7,4,6,4,5,6,7,2,5,2,5,7,6,2,1,5
675,2,1,2,69,69,1,1,8,2,1,4,9,8,3,5,1,5,2,1,5,6,7,5,5,1,1,4,1,2,1,2,1,2,2,1,1,1,2,1,2,1,2,2,7,9,8,7,10,8,7,7,7,9,7,7,2,3,3,4,5,4,5,6,6,5,5,5,2,4,4,4,4,3,4,3,3,5,1,9,9,7,2,6,4,4,4,3,5,4,6,5,6,6,7,7,6,6,6,7,7,6,5,7,5,7,5,6,7,7,5,10,2,3,2,4,5,4,4,1,3,6,2,3,2,2,6,5,6,6,4,5,5,7,5,6,1,5
676,2,1,3,69,69,3,1,7,2,2,5,5,7,4,8,6,5,2,4,2,2,2,6,2,6,6,6,2,2,2,2,2,1,2,2,2,2,2,2,1,2,2,2,6,7,6,5,5,8,5,8,4,6,6,7,7,6,5,3,7,6,5,5,2,5,5,2,5,2,2,2,5,2,5,5,6,2,5,7,6,3,4,5,2,5,4,5,5,2,5,2,5,5,3,5,3,2,5,5,5,5,5,3,5,5,2,5,4,4,5,8,5,4,3,5,4,5,5,6,6,2,5,3,5,5,2,5,5,2,5,4,5,2,2,2,5,5
677,2,1,2,69,69,3,1,9,2,0,3,9,10,2,3,1,8,2,4,2,2,5,3,5,1,1,4,2,2,2,1,2,2,2,2,1,2,1,1,2,1,2,1,1,3,4,2,6,4,3,3,6,4,2,3,1,1,1,9,4,4,5,7,2,5,2,4,1,3,4,3,2,5,3,5,2,2,1,5,4,2,5,3,2,2,6,6,5,1,2,1,7,6,7,7,7,7,6,7,6,7,7,7,7,7,7,7,7,7,3,8,3,6,5,3,5,4,5,5,4,6,1,1,4,2,7,6,7,7,7,7,7,7,7,6,2,5
678,2,1,3,69,69,3,1,5,2,-1,5,8,3,5,6,1,7,1,1,4,4,4,4,4,1,1,5,2,2,2,2,2,2,2,2,1,2,2,2,2,1,2,2,4,5,7,4,9,7,4,4,5,7,5,1,1,1,1,5,4,8,5,6,4,5,6,4,1,2,4,4,4,6,5,4,1,4,1,1,1,4,3,4,2,5,4,2,7,4,2,2,3,6,6,4,6,6,7,6,6,6,3,7,4,7,7,7,7,7,2,3,1,4,1,1,1,1,1,1,1,5,5,7,1,1,4,5,6,4,7,6,7,6,6,5,3,5
679,2,2,3,69,69,3,1,6,12,0,4,10,10,1,8,1,3,2,2,6,5,2,6,5,1,1,4,1,1,1,1,1,1,1,2,1,1,1,2,1,2,1,1,6,4,8,8,8,8,5,3,10,7,5,7,3,7,6,5,9,8,5,7,6,6,6,5,1,4,5,7,6,7,6,6,4,6,1,2,2,7,2,6,3,4,5,6,6,4,7,6,7,7,7,6,6,7,7,7,4,7,7,7,6,7,7,7,7,7,1,3,1,4,1,1,6,4,4,2,5,7,5,4,2,1,7,6,7,5,7,7,7,7,6,7,4,5
680,2,2,2,69,69,3,1,8,12,2,2,7,8,8,8,8,8,2,3,4,5,5,4,5,3,3,4,1,1,1,1,1,1,1,1,1,1,1,1,2,1,1,1,7,8,4,5,8,8,8,7,8,8,9,8,7,9,9,2,8,8,5,6,6,5,5,6,6,6,6,5,6,6,6,5,5,5,6,7,9,6,6,5,5,6,6,5,6,6,6,5,5,5,6,6,6,5,6,4,6,6,6,6,5,6,5,5,7,5,8,8,6,5,5,6,5,6,5,7,6,6,6,6,5,5,6,6,6,5,6,6,6,6,5,6,6,5
681,2,1,2,69,69,3,1,7,10,-1,2,7,7,7,3,1,4,2,2,2,1,2,5,5,2,1,6,1,2,2,1,2,2,2,2,1,2,2,1,1,2,1,1,3,2,2,4,10,10,9,5,10,9,8,7,1,1,1,4,10,8,5,7,6,6,6,4,5,6,1,1,3,6,6,6,5,6,2,1,5,1,6,1,1,1,6,5,6,6,6,5,6,6,6,6,6,6,6,6,6,4,5,6,6,6,5,6,6,5,3,9,4,4,4,4,4,3,4,5,2,5,4,5,1,1,5,6,6,6,5,6,5,6,6,5,7,5
682,2,1,3,69,69,3,1,6,2,-2,5,9,10,3,7,2,4,2,4,7,5,5,4,5,1,3,5,1,2,1,1,1,1,1,2,1,1,1,1,1,2,2,1,3,7,8,8,10,9,7,2,7,6,7,6,3,3,3,2,7,9,5,7,7,6,6,2,5,3,3,5,3,6,6,5,3,5,1,3,2,6,2,6,2,3,5,6,7,4,6,7,6,7,7,6,7,7,7,7,7,5,7,7,3,7,7,7,7,7,4,7,1,4,1,1,7,2,6,1,6,7,6,3,5,6,6,6,7,6,7,6,7,7,6,5,2,5
683,2,1,4,69,69,2,1,8,12,-4,6,9,10,1,9,1,2,2,2,1,2,2,6,5,1,6,2,1,1,1,1,1,1,1,1,1,1,1,1,1,2,1,2,7,9,9,6,10,8,10,4,10,6,5,9,6,6,7,6,6,9,5,6,5,5,2,5,6,7,5,7,7,4,5,4,4,5,5,1,1,2,6,3,3,2,6,5,7,7,7,7,1,7,7,7,7,7,7,7,7,1,7,7,7,7,7,7,7,7,1,10,1,1,1,1,7,7,7,1,7,6,7,7,4,4,6,6,6,6,7,4,7,2,5,5,7,5
684,2,1,3,69,69,3,1,6,12,-3,6,9,6,8,2,2,5,2,3,2,5,1,6,6,2,1,4,2,2,2,2,1,1,1,1,1,1,1,1,2,1,2,2,2,3,6,5,7,8,7,4,8,3,6,6,4,2,2,8,4,8,5,7,7,6,7,2,2,6,6,3,4,6,7,4,4,6,1,3,4,4,5,2,1,3,5,4,4,5,4,6,5,7,7,7,7,7,7,7,7,6,7,7,7,7,7,7,7,7,1,4,4,4,2,2,7,6,4,4,6,6,6,4,6,2,3,4,6,4,6,7,7,7,6,6,2,5
685,2,2,4,249,249,1,1,2,1,-1,5,3,6,6,2,2,10,2,2,1,3,6,1,3,3,1,6,1,1,1,1,1,2,1,2,1,1,1,1,1,1,2,1,5,5,3,2,6,5,5,10,6,5,4,9,1,2,1,6,5,9,5,7,7,7,5,5,1,5,1,5,1,7,7,7,5,7,1,7,9,2,2,1,1,2,7,7,7,7,5,6,5,6,7,7,7,7,7,7,7,5,5,7,7,7,7,7,7,7,1,5,1,5,1,1,1,1,7,1,1,6,1,7,7,1,7,7,7,7,7,7,7,7,7,7,8,5
686,2,1,2,69,69,3,1,7,10,-2,7,8,7,5,6,1,6,2,4,5,4,6,5,5,1,4,3,1,1,1,1,1,1,1,1,1,1,1,1,1,1,1,1,6,7,6,6,10,6,8,6,9,5,5,5,3,4,6,6,5,3,5,5,5,5,5,5,5,5,6,5,6,5,6,5,4,6,6,1,5,4,5,6,5,5,5,6,6,6,5,5,6,6,6,6,6,5,5,6,5,6,6,6,6,6,6,6,6,6,6,6,3,3,3,3,4,3,4,5,3,4,4,5,6,5,5,4,5,5,7,4,7,7,6,5,5,5
687,2,1,1,69,69,1,1,3,9,-1,5,3,6,3,1,1,10,1,4,1,2,7,1,7,1,1,7,2,1,2,2,1,1,1,2,2,2,2,1,2,2,1,1,8,6,4,1,7,8,2,3,5,2,3,2,1,1,1,4,3,4,5,7,7,3,6,3,3,2,2,2,2,7,6,7,6,7,1,5,8,3,1,5,6,5,3,2,2,3,2,5,6,6,7,2,5,6,6,5,2,6,7,7,6,7,7,7,7,7,5,1,1,1,1,1,5,3,5,2,2,5,2,5,5,1,2,5,5,1,5,5,7,7,5,2,1,5
688,2,1,3,69,69,3,1,5,12,-1,5,7,6,4,7,3,5,1,1,2,2,3,2,4,2,5,3,1,1,1,1,1,1,1,1,1,1,1,1,1,1,1,1,7,9,8,4,10,9,5,4,10,7,6,7,4,5,4,5,10,9,5,6,6,5,5,4,3,4,6,7,5,7,5,5,5,7,2,2,2,7,2,6,2,6,3,3,6,4,5,6,7,7,7,7,5,7,7,7,6,7,7,7,7,7,7,7,7,7,6,2,2,2,2,2,7,7,3,1,7,7,4,3,6,4,7,4,5,5,6,4,5,7,5,6,2,5
689,2,1,1,69,69,1,1,5,10,0,5,5,7,6,3,4,6,2,2,4,5,5,5,4,2,4,4,1,1,1,1,1,2,1,2,1,1,1,2,1,2,1,1,2,5,7,3,8,5,2,4,7,3,5,5,3,4,4,6,5,6,5,5,4,4,5,5,3,2,4,5,4,5,4,4,4,4,4,1,1,4,5,3,4,3,5,5,4,4,5,4,5,5,6,4,5,5,6,6,4,5,4,7,5,7,7,7,7,7,4,7,1,2,1,1,6,5,3,2,6,6,5,4,4,2,4,5,6,3,6,6,6,6,5,5,3,5
690,2,2,3,69,69,2,1,7,2,3,6,10,10,2,6,1,6,2,2,2,1,4,5,2,1,2,4,1,1,1,1,1,1,1,1,2,1,1,2,2,1,2,2,4,2,7,5,9,8,3,4,7,5,3,4,5,4,6,5,8,10,5,7,7,5,7,3,2,4,4,5,3,6,7,5,4,7,1,4,3,5,4,3,2,2,3,5,5,4,7,3,7,7,7,4,7,7,7,7,7,5,7,7,1,7,6,7,7,7,1,9,1,1,1,1,5,5,5,2,6,6,5,7,2,1,1,5,6,4,7,5,7,2,6,5,2,5
691,2,1,2,69,69,2,3,8,10,-3,5,10,6,1,4,1,4,2,4,3,5,5,3,4,1,1,5,2,2,2,2,1,1,1,1,1,2,2,2,1,2,2,1,9,6,5,3,10,7,4,3,6,7,2,4,5,2,4,5,4,8,5,7,7,6,7,2,1,3,4,5,3,7,7,6,6,6,4,1,2,2,7,2,2,2,3,2,7,6,7,5,7,7,6,5,7,6,7,7,7,4,7,7,3,7,7,7,7,7,2,4,1,1,1,1,7,7,1,1,7,7,7,1,6,6,6,6,6,4,6,4,7,6,6,4,2,5
692,2,1,6,223,223,3,2,5,12,0,5,10,10,1,8,1,4,2,2,6,4,1,6,4,1,1,6,1,1,1,1,1,1,1,1,1,1,2,1,2,1,2,2,9,9,9,6,10,10,5,5,10,9,10,5,5,3,3,3,10,10,5,7,7,7,5,3,4,2,4,2,2,4,4,4,3,4,1,1,1,6,2,6,6,4,3,3,6,7,4,6,7,7,7,4,7,7,7,7,7,7,6,7,3,7,7,7,7,7,3,10,1,1,1,1,4,4,4,4,4,4,1,4,4,1,1,6,6,4,5,6,6,4,6,5,4,5
693,2,1,3,69,69,3,1,7,9,-3,6,10,10,1,5,1,6,1,1,3,1,3,7,4,1,1,5,2,2,2,2,1,2,1,1,1,1,2,1,1,2,1,1,5,8,6,4,10,9,1,4,3,2,1,7,1,1,1,9,10,8,5,5,5,2,5,3,4,4,6,7,7,7,7,7,7,7,1,1,1,7,6,2,2,6,6,3,7,7,6,7,7,7,7,7,7,7,7,7,7,7,7,7,7,7,7,7,7,7,5,10,1,1,1,4,1,1,3,6,1,1,1,1,3,3,7,7,6,7,7,7,7,7,6,6,6,5
694,2,1,3,29,29,1,1,8,1,0,2,7,6,6,7,7,6,1,4,4,5,5,5,6,6,6,6,1,1,1,1,2,1,1,1,1,1,2,1,1,1,1,1,7,6,5,4,6,7,6,9,8,8,6,5,6,7,9,3,7,9,5,5,6,5,3,5,5,6,4,7,6,6,5,4,5,4,5,6,8,6,6,5,6,5,5,6,5,6,5,6,6,6,5,5,6,6,5,5,6,7,4,5,7,4,5,5,4,5,8,6,6,5,5,7,3,3,6,5,3,5,5,6,5,4,7,6,6,6,6,5,6,5,7,6,8,5
695,2,1,2,69,69,1,3,3,2,0,3,9,9,2,7,1,3,1,2,4,5,3,5,6,1,1,6,2,2,2,1,1,1,1,1,2,2,2,2,2,1,2,2,5,3,6,3,10,5,5,3,7,6,3,6,5,5,5,3,5,8,5,7,7,7,6,5,4,4,2,3,2,6,6,6,5,5,4,5,5,7,1,7,5,5,3,3,5,2,2,5,6,6,6,4,6,6,6,6,6,3,5,7,2,7,6,6,7,7,1,3,1,1,1,1,7,1,6,1,6,4,4,3,5,4,5,7,7,5,6,6,7,7,4,5,2,5
696,2,1,2,69,69,1,1,6,12,0,2,5,9,6,4,1,5,2,4,5,3,4,3,5,4,5,4,2,2,1,1,2,1,1,2,1,1,1,1,2,2,2,2,4,7,7,7,10,4,7,4,10,6,3,5,5,4,1,5,7,4,5,7,4,7,7,2,1,4,4,7,4,5,7,4,4,7,1,1,5,6,2,5,4,4,3,1,7,4,6,7,7,7,7,7,7,7,7,7,7,7,7,7,7,7,7,7,7,7,4,1,1,4,1,4,5,5,4,4,3,5,7,7,1,1,5,7,6,2,5,1,7,7,6,5,5,5
697,2,1,3,69,69,2,1,7,8,-2,2,10,10,2,3,1,5,2,2,5,5,6,5,5,4,3,4,1,1,1,1,1,1,1,1,1,2,1,2,1,1,2,2,1,2,6,4,3,4,4,3,9,9,2,4,4,3,4,5,7,4,5,4,4,3,2,4,3,4,5,2,3,3,4,5,5,2,4,6,8,4,4,4,3,4,5,4,4,2,4,4,4,5,6,5,5,5,2,4,3,6,6,7,7,7,7,7,7,7,6,6,2,4,2,2,5,3,4,1,4,5,4,5,4,3,3,5,6,5,6,5,6,6,6,6,3,5
698,2,2,2,69,69,3,1,7,2,0,6,7,8,1,4,1,7,1,3,2,5,2,4,6,1,1,5,1,1,1,1,1,1,1,1,2,1,1,2,1,1,2,1,5,2,5,6,10,4,1,3,7,5,4,2,1,1,1,5,4,8,5,6,7,6,7,2,3,4,6,2,3,7,7,3,4,7,1,7,7,7,1,7,2,7,1,7,5,4,3,5,4,7,7,6,7,7,7,6,3,6,7,7,6,7,7,7,6,6,2,1,1,1,1,1,6,1,6,1,4,7,7,3,2,3,6,6,6,6,7,6,7,6,7,5,2,5
699,2,2,3,69,69,3,1,6,2,1,5,10,10,2,10,2,2,2,4,7,7,1,7,1,1,4,7,2,2,2,2,2,1,2,2,2,2,2,2,2,2,2,2,10,10,6,6,10,10,4,2,10,1,3,2,5,2,2,3,10,8,5,7,7,7,5,3,4,5,4,4,4,5,4,4,4,4,4,7,8,4,4,5,3,4,4,4,5,4,5,5,4,4,4,3,4,3,5,4,4,5,4,4,5,5,4,4,5,4,5,5,4,4,4,4,5,4,3,5,4,4,5,4,4,5,4,5,4,4,5,4,3,5,4,4,5,5
700,2,1,3,69,69,1,2,4,12,0,2,4,7,5,2,1,5,2,2,4,4,4,2,6,1,4,4,2,1,1,1,1,1,2,1,1,2,2,1,1,2,2,1,4,2,6,3,10,9,5,5,6,8,2,6,3,2,4,8,5,5,5,6,6,5,7,1,2,4,7,7,5,7,7,5,5,6,4,1,4,7,1,6,7,7,1,1,3,4,4,3,4,6,7,6,5,7,2,7,7,1,3,7,1,7,7,1,7,7,3,1,1,1,1,1,4,4,5,1,5,4,1,6,1,1,1,6,6,1,5,6,7,7,5,4,5,5
701,2,1,3,69,69,3,1,6,12,-3,6,5,6,7,6,7,6,2,2,3,4,3,4,4,3,4,6,1,2,1,2,2,2,2,1,2,1,2,2,1,2,2,1,6,5,4,5,7,6,6,4,8,5,5,4,7,6,6,4,7,6,5,6,3,3,3,3,5,2,5,5,6,4,3,4,3,6,4,2,7,6,4,5,3,4,6,5,3,6,6,5,4,4,5,6,4,4,5,6,6,5,3,5,4,5,4,4,5,4,6,6,6,3,4,5,2,6,4,4,5,5,4,4,4,5,6,5,5,4,6,5,5,5,5,5,4,5
702,2,1,2,69,69,3,2,5,10,0,5,8,8,3,5,1,6,2,2,6,5,4,6,3,2,5,4,2,2,2,1,1,2,1,1,1,2,2,2,2,1,2,2,6,6,8,7,10,8,5,3,8,7,4,7,6,3,3,7,5,6,5,6,4,2,4,3,2,4,5,3,5,4,4,5,4,5,1,3,5,4,5,4,5,5,4,4,3,4,3,3,5,6,7,5,7,5,6,7,6,6,5,7,7,7,7,6,7,7,6,5,1,4,3,1,2,3,1,5,2,1,5,3,5,3,7,6,6,6,7,6,6,7,5,4,4,5
703,2,2,3,69,69,3,1,5,2,0,2,10,1,1,10,1,6,2,2,6,4,1,7,5,4,1,5,2,2,2,2,2,2,2,2,2,2,2,2,1,1,1,2,5,5,3,4,9,10,5,6,10,7,7,7,1,2,3,10,5,6,5,7,4,5,7,4,5,4,6,6,6,7,7,5,4,4,4,7,6,5,5,5,4,5,4,3,7,4,5,5,6,7,6,7,7,6,6,6,6,6,6,6,2,6,3,6,6,6,6,6,4,4,3,1,1,1,1,6,1,1,1,4,2,1,6,5,6,6,3,6,6,5,3,6,7,5
704,2,2,4,69,69,3,6,7,2,1,4,10,10,1,6,1,5,1,4,5,1,3,5,2,1,2,5,1,1,1,1,1,1,1,2,1,1,1,2,2,2,2,2,7,7,4,3,9,8,6,10,6,6,2,2,3,2,3,5,2,6,5,7,7,7,6,3,6,4,5,6,5,5,6,7,4,4,4,8,7,5,3,5,4,3,3,3,6,4,5,3,6,6,7,5,4,7,6,5,5,7,7,7,7,7,7,7,7,7,2,10,2,4,1,1,6,6,6,1,6,6,5,1,3,1,3,6,6,7,6,6,7,6,5,5,5,5
705,2,1,5,21,21,3,1,6,12,3,5,8,9,7,8,3,6,1,1,6,6,3,6,5,3,5,5,1,2,1,1,2,1,1,1,1,1,1,2,2,1,2,2,7,4,5,5,10,9,8,6,8,4,6,4,7,5,6,4,8,9,5,5,4,5,4,4,4,4,5,4,5,5,6,4,2,4,1,2,3,5,3,4,4,4,5,4,5,4,5,5,7,7,6,7,7,7,7,7,7,7,7,7,7,7,7,7,7,7,2,8,1,1,1,1,7,7,1,1,7,6,7,1,6,4,1,6,7,5,7,6,7,7,7,5,5,5
706,2,1,2,69,69,3,1,7,9,-1,5,8,7,8,9,9,2,2,4,5,2,4,5,4,1,2,4,2,1,1,1,1,1,1,2,1,1,1,2,1,1,2,2,3,6,5,5,10,10,6,9,6,6,8,7,6,7,8,5,8,10,5,5,4,5,5,2,5,6,2,5,4,6,1,5,2,1,2,1,1,6,6,6,6,7,6,6,5,5,5,4,6,5,6,3,5,6,3,6,5,5,5,7,6,6,5,7,6,6,7,8,4,7,5,6,4,5,5,6,6,5,5,5,5,6,3,7,3,5,7,4,6,6,4,6,6,5
707,2,1,4,69,69,3,1,6,2,-4,4,5,4,2,2,2,3,1,1,4,4,4,4,4,4,4,4,1,1,1,1,1,1,1,1,1,1,1,1,2,1,1,1,3,3,8,8,4,4,4,3,6,4,3,4,4,4,3,8,4,3,5,5,5,5,5,5,4,4,5,4,5,4,4,4,4,4,1,2,3,4,3,1,1,1,5,5,5,7,4,7,7,7,7,7,7,7,7,7,7,7,6,7,7,7,7,7,7,7,2,4,2,2,2,2,1,1,2,6,1,1,2,2,6,2,7,7,6,6,7,4,7,7,7,6,1,5
708,2,1,3,69,69,3,1,7,12,2,6,7,6,6,5,5,5,2,2,5,3,3,4,6,4,4,5,2,1,1,2,1,1,1,2,1,2,1,2,2,2,1,1,7,5,4,5,9,6,8,8,7,6,6,7,6,6,7,4,8,6,5,4,5,4,5,4,4,6,3,4,5,6,5,5,6,6,4,7,6,5,4,6,5,6,5,4,5,4,6,6,4,6,4,5,5,5,5,6,5,5,5,4,3,4,4,6,5,4,7,6,4,5,5,5,6,4,5,4,5,5,4,4,5,5,6,5,4,6,5,5,5,4,4,2,6,5
709,2,1,4,69,69,3,5,6,2,3,5,10,10,1,6,1,6,2,2,1,5,5,5,6,1,5,3,2,2,2,2,2,1,1,2,2,2,1,1,1,2,2,2,3,1,7,3,10,4,5,4,7,2,3,5,4,4,3,5,6,8,5,5,7,3,5,3,3,4,7,5,7,5,5,5,4,6,1,6,6,6,1,5,6,5,3,1,3,5,5,3,7,7,7,7,7,7,7,7,7,7,7,7,4,7,6,7,7,7,9,1,4,1,1,1,7,6,7,1,7,7,5,5,7,5,5,6,6,6,7,6,7,6,7,5,1,5
710,2,2,4,69,69,1,1,4,12,-3,5,6,7,2,2,1,6,2,2,5,4,4,7,4,1,3,5,1,1,1,1,1,2,1,2,1,1,1,1,2,1,2,2,6,5,8,6,6,9,4,3,7,6,3,4,3,2,2,5,7,6,5,7,6,5,4,5,3,3,3,5,4,5,6,5,3,4,1,2,7,7,6,5,3,4,4,3,7,4,4,4,6,6,7,4,7,7,7,7,7,4,7,7,1,7,7,7,7,7,6,5,1,1,1,1,3,6,3,3,6,6,6,3,6,1,4,6,6,5,6,6,7,7,5,4,1,5
711,2,1,1,69,69,1,2,5,12,4,4,7,8,1,4,1,5,2,2,5,3,3,4,3,1,1,5,1,1,2,1,1,2,1,2,1,1,1,2,1,1,2,2,8,2,5,3,7,10,2,2,10,7,2,6,1,1,7,4,10,10,5,7,6,6,2,5,2,7,2,4,2,6,6,5,5,2,1,2,4,7,1,7,6,7,2,1,2,5,7,1,7,7,7,7,7,7,7,7,7,7,6,7,6,7,7,4,7,7,1,4,1,4,1,1,7,4,7,1,7,7,4,6,5,1,3,4,7,7,7,7,7,7,7,4,2,5
712,2,2,3,69,69,1,1,3,11,-4,6,10,10,2,7,1,3,1,1,6,4,7,5,5,1,1,6,2,2,2,2,2,2,2,2,2,2,1,2,2,2,2,2,6,5,4,3,8,9,9,5,10,10,4,10,5,1,1,6,7,9,5,7,7,7,6,3,6,6,4,2,2,7,6,6,6,7,1,1,10,2,6,6,2,2,5,4,5,2,4,4,7,6,6,6,6,6,6,6,6,6,7,7,7,7,7,7,7,7,4,1,2,1,1,1,3,2,6,1,2,4,1,1,1,1,1,7,7,4,3,7,7,7,6,2,1,5
713,2,2,4,69,69,3,1,4,2,3,4,7,8,4,9,1,5,1,4,3,3,6,5,3,3,4,5,1,2,2,2,2,1,1,2,1,2,2,2,2,2,1,1,5,4,5,6,8,9,10,4,6,2,5,4,3,6,5,4,7,5,5,6,6,5,6,5,4,4,6,5,4,6,6,4,4,5,5,4,5,5,4,5,3,5,4,5,6,5,4,6,6,6,7,5,7,7,6,6,6,6,6,6,6,6,6,6,6,6,3,2,2,5,5,4,5,6,5,1,5,6,2,4,4,2,7,6,6,5,6,6,7,7,6,5,3,5
714,2,1,1,69,69,2,1,5,10,0,4,9,10,2,6,1,6,2,2,5,2,5,2,5,1,1,5,1,1,1,1,1,1,1,1,1,1,2,2,1,2,1,1,5,5,5,1,9,8,5,6,8,7,6,4,2,1,1,9,5,8,5,7,6,6,5,2,2,2,6,6,3,6,5,5,5,5,2,1,2,6,3,5,2,5,2,2,7,3,3,5,3,7,7,7,7,6,7,7,2,4,7,6,7,7,7,7,7,7,8,1,3,5,1,3,5,5,2,1,5,6,5,6,2,1,5,6,5,3,6,4,7,7,4,6,3,5
715,2,1,3,69,69,3,1,6,2,-3,4,9,8,3,6,1,6,2,2,4,3,5,5,5,2,4,5,1,1,1,1,1,1,1,2,2,1,1,1,2,1,1,2,3,4,3,3,9,7,7,8,7,7,4,6,7,6,7,3,8,6,5,5,4,5,4,5,5,5,5,5,4,5,5,5,4,5,4,6,7,5,5,5,5,4,5,4,5,5,5,4,5,5,5,5,4,5,5,5,4,5,5,4,5,4,6,5,5,5,7,7,4,4,4,4,4,5,3,5,5,4,4,5,3,3,4,4,4,5,5,5,6,5,5,5,6,5
716,2,1,3,69,69,3,1,6,12,-3,5,7,6,7,6,6,7,2,2,4,4,4,6,5,4,4,6,1,2,1,2,1,2,2,2,1,1,2,2,2,2,1,1,7,5,4,5,7,6,6,6,6,6,5,7,6,7,7,5,7,7,5,5,4,6,4,5,6,4,6,6,4,4,5,5,6,5,5,7,6,4,5,4,4,6,6,4,6,5,5,5,5,3,5,5,5,4,4,6,4,4,5,4,5,4,6,5,5,4,6,7,5,5,4,4,4,5,5,5,4,4,5,3,5,4,5,5,5,5,5,5,5,5,6,5,5,5
717,2,1,3,69,69,3,1,6,12,-2,4,10,10,2,5,2,6,1,2,6,4,4,6,4,1,1,6,1,1,1,1,1,1,2,1,1,1,1,1,2,1,2,2,7,5,9,1,10,8,6,6,7,5,5,4,4,4,2,7,8,6,5,6,5,6,6,3,2,4,4,4,4,6,6,6,4,6,2,2,3,3,3,5,5,3,5,3,5,4,4,5,6,5,7,5,7,6,6,6,6,6,7,6,1,7,6,6,7,7,5,4,5,4,1,1,7,4,2,1,4,6,5,5,4,1,6,6,6,4,5,5,7,6,7,5,2,5
718,2,2,2,69,69,3,1,5,2,0,6,10,10,1,9,1,2,2,4,7,4,7,3,4,4,4,5,1,2,1,1,2,1,2,1,2,1,1,1,2,2,1,1,6,6,6,5,5,6,6,5,4,5,6,5,5,6,6,6,5,7,5,4,4,5,5,4,4,3,3,5,4,5,5,4,4,4,3,5,7,4,5,5,5,4,5,3,4,4,4,4,7,7,7,7,7,7,7,7,7,7,7,7,7,7,7,7,7,7,5,5,5,4,6,5,6,5,6,5,6,5,6,5,6,6,5,6,4,5,6,5,5,5,5,6,6,5
719,2,1,3,69,69,3,1,7,2,-1,5,7,7,7,6,7,4,1,2,6,6,6,6,6,6,5,5,1,2,2,1,2,1,1,1,1,1,1,2,2,1,1,1,6,6,3,3,8,8,8,7,7,8,7,8,7,7,9,3,8,7,5,6,6,5,5,6,6,5,6,6,5,6,5,5,5,6,6,6,8,6,5,7,6,5,6,6,6,6,6,5,5,5,6,5,5,6,6,6,6,6,5,5,6,6,6,6,5,6,8,7,1,1,1,1,6,5,5,5,6,5,6,6,5,6,5,5,5,5,5,6,5,5,6,6,5,5
720,2,1,4,69,69,3,1,7,2,0,5,10,10,2,6,1,7,1,4,4,5,4,5,1,1,2,7,1,1,1,1,1,1,1,2,1,1,1,1,1,1,2,1,8,4,8,8,10,10,2,2,10,6,7,5,3,3,4,7,10,10,5,6,6,6,4,5,1,3,4,4,5,7,7,7,2,3,2,2,4,7,2,5,3,4,4,2,5,4,5,5,7,7,5,7,7,7,7,7,7,7,7,7,7,7,7,7,7,7,3,3,1,1,1,1,6,7,3,1,1,7,3,3,5,4,5,7,6,7,7,3,7,7,5,6,4,5
721,2,1,5,69,69,3,1,6,2,0,5,9,8,4,8,2,5,2,2,5,5,3,6,2,2,2,4,1,1,2,1,1,2,1,2,1,1,2,1,2,1,1,2,5,6,6,2,9,9,2,5,9,8,3,6,3,3,3,5,5,7,5,7,6,7,5,5,2,4,4,2,5,5,5,5,2,4,1,7,7,5,4,6,5,5,5,5,7,7,6,6,6,7,7,7,7,7,7,7,7,6,7,7,7,7,7,6,7,7,7,7,4,2,1,3,6,7,3,3,6,7,5,2,5,6,4,6,7,6,7,6,7,6,7,5,2,5
722,2,2,4,69,69,3,2,7,4,-4,6,7,9,1,6,1,7,2,2,3,1,5,2,1,1,1,7,1,1,2,1,1,1,1,2,1,1,1,2,2,1,2,2,4,4,5,2,7,6,3,3,5,6,5,3,1,1,1,4,6,7,5,7,7,6,5,7,2,4,5,1,3,5,5,4,4,5,1,5,5,3,6,3,3,2,6,5,5,4,2,6,6,7,6,6,7,7,6,6,6,6,7,7,6,7,7,7,7,7,1,5,3,4,3,1,4,5,4,1,5,5,1,4,4,1,3,6,7,6,6,6,7,6,6,6,2,5
723,2,1,5,69,69,3,5,6,2,0,2,10,10,1,8,1,3,2,2,5,1,1,7,6,1,5,4,1,1,1,1,1,1,1,1,1,1,2,2,1,1,1,1,2,5,8,6,10,10,10,10,10,10,9,10,7,5,10,10,8,5,5,7,7,7,7,2,6,7,7,6,5,7,7,7,5,7,4,5,7,7,1,7,7,7,1,1,5,5,2,2,7,6,7,7,7,7,7,6,4,6,6,7,7,7,7,7,7,7,10,10,1,6,1,3,7,7,6,1,5,7,7,5,5,1,7,3,7,5,7,6,7,7,7,7,2,5
724,2,1,3,69,69,3,1,7,12,-2,5,9,10,3,7,1,7,1,4,3,2,3,4,4,1,1,3,2,2,1,1,1,1,1,1,2,2,1,2,1,2,2,2,6,5,6,4,8,6,2,4,10,7,3,4,1,1,1,5,8,8,5,6,6,7,3,4,5,4,3,3,3,5,5,5,3,6,3,3,3,4,6,3,2,2,6,5,5,6,7,5,7,7,7,6,7,7,7,7,7,7,7,7,6,7,7,7,7,7,1,7,4,2,1,4,5,3,4,5,5,4,6,4,3,1,5,7,6,7,7,5,7,7,6,5,2,5
725,2,2,4,69,69,3,1,8,2,0,5,8,8,7,6,5,9,2,2,4,4,5,4,5,1,4,4,2,2,2,2,1,1,1,1,2,2,2,1,1,1,1,2,6,8,3,3,8,6,6,6,8,7,6,7,6,6,6,5,7,7,5,6,6,6,5,4,4,4,5,4,5,5,6,6,4,5,4,6,6,4,5,4,4,4,5,4,5,4,5,6,6,5,6,4,5,4,4,6,4,6,4,4,4,4,4,4,4,4,8,6,2,3,2,5,4,4,4,4,4,4,4,4,4,2,3,4,5,5,7,5,6,6,5,5,5,5
726,2,2,3,69,69,3,1,8,10,-3,6,10,10,9,8,1,7,2,2,6,5,3,7,4,5,1,7,1,1,1,1,1,1,1,1,1,1,1,1,1,1,2,2,8,8,4,1,10,10,8,8,10,8,8,8,1,1,1,1,9,10,5,7,7,7,7,4,5,5,2,5,3,7,7,6,6,7,4,1,7,6,2,6,2,5,5,5,6,6,7,6,7,7,3,7,7,6,6,7,7,7,7,6,7,7,7,7,7,7,7,10,1,6,4,4,1,1,1,1,1,1,2,2,7,4,7,7,7,7,7,7,7,7,7,5,3,5
727,2,2,3,69,69,3,3,5,12,-3,5,10,10,1,5,1,7,2,2,4,4,4,6,4,1,1,1,2,2,2,2,2,2,2,2,2,2,2,2,2,2,2,2,5,5,6,5,7,8,3,7,7,6,4,5,8,6,6,5,3,7,5,7,7,7,7,3,1,4,5,7,6,7,7,5,4,6,4,2,2,5,7,2,7,2,6,4,6,5,4,6,6,7,7,5,7,7,7,7,7,7,7,7,1,7,7,7,7,7,1,5,5,7,1,1,1,1,1,6,1,1,1,7,7,7,7,5,7,6,7,7,6,7,6,5,2,5
728,2,2,3,69,69,3,1,6,12,1,5,9,10,4,10,2,2,1,4,6,3,3,6,3,1,4,3,1,2,2,1,1,2,1,2,1,1,1,1,1,2,2,1,6,7,3,3,8,9,5,7,8,8,5,4,3,4,3,8,8,7,5,7,7,6,6,3,2,4,5,5,6,7,7,3,3,3,2,2,6,3,2,6,6,6,5,3,2,3,2,3,6,6,6,3,6,5,2,3,5,2,1,7,7,7,7,6,7,7,9,3,1,1,1,1,1,5,5,5,1,1,5,4,4,1,5,4,6,4,6,6,6,7,6,3,2,5
729,2,2,5,69,69,3,3,6,2,-1,6,9,9,3,9,6,5,1,3,4,4,5,6,5,2,4,5,1,1,1,1,1,1,1,2,1,1,1,1,1,1,1,1,9,8,1,2,10,10,6,7,6,8,7,5,4,2,6,7,9,9,5,7,5,6,7,3,3,4,6,5,5,6,7,6,4,6,2,6,9,6,3,6,6,6,6,2,5,4,4,2,7,6,7,7,6,7,7,6,6,7,7,7,7,6,7,7,7,5,7,5,4,4,3,4,6,6,5,5,6,5,6,4,6,5,4,6,5,6,7,6,4,7,7,6,6,5
730,2,2,3,69,69,1,1,5,2,0,4,10,9,8,9,9,8,4,3,6,6,6,7,5,4,6,7,1,2,1,1,1,2,1,2,2,1,1,1,2,2,2,1,10,9,1,2,9,9,10,10,9,9,10,10,10,10,10,1,10,9,5,7,7,7,7,7,7,7,6,6,5,7,6,7,7,7,7,10,9,4,4,6,4,7,7,7,7,4,7,7,7,7,7,7,7,7,7,7,7,6,7,5,7,7,6,7,6,6,10,10,6,6,7,7,3,3,1,4,1,4,4,5,3,4,3,7,3,3,7,5,7,7,3,7,1,5
731,2,2,2,69,69,3,1,8,11,0,7,10,10,5,10,1,7,2,4,5,4,5,4,6,1,2,3,1,1,1,1,1,1,1,1,1,2,1,1,1,2,1,1,2,2,5,5,8,10,5,6,7,6,6,6,1,1,1,1,5,8,5,6,6,7,7,4,5,5,5,5,2,7,7,7,7,7,4,7,9,7,1,7,7,7,3,1,7,4,4,7,7,7,7,7,7,7,7,7,7,7,7,7,7,7,7,7,7,7,6,8,5,6,1,6,7,1,1,1,7,7,5,3,5,4,3,7,5,4,5,3,3,7,4,4,2,5
732,2,2,3,67,67,1,1,7,10,0,2,10,10,1,6,1,5,1,4,5,6,5,6,4,1,6,1,2,2,2,2,2,2,1,2,2,2,1,1,2,1,2,1,4,4,4,1,10,8,8,2,3,5,2,4,5,3,6,7,5,6,5,7,7,6,7,2,5,5,7,2,6,6,6,3,6,5,5,1,4,3,6,3,2,2,3,3,5,4,6,5,6,6,6,5,6,6,5,6,6,7,7,7,7,7,7,7,7,7,3,4,3,3,1,1,5,3,2,1,3,7,2,6,4,1,3,5,7,6,7,7,7,6,7,5,6,5
733,2,1,4,69,69,1,1,5,2,2,2,9,10,5,5,3,4,2,4,5,2,2,6,6,3,3,6,1,1,2,1,1,1,1,1,1,2,1,1,1,2,1,1,6,4,6,4,10,9,6,6,9,2,8,8,3,2,3,4,8,10,5,7,6,5,6,4,1,3,3,6,5,7,7,5,6,6,1,9,9,5,3,4,2,3,5,5,6,6,3,6,7,7,7,7,7,7,7,7,7,6,7,7,7,7,7,7,7,7,5,8,1,1,1,1,5,5,3,1,5,6,6,6,2,2,3,6,7,7,7,4,7,6,7,5,6,5
734,2,2,4,69,69,3,1,6,12,0,4,10,10,1,7,1,5,2,1,5,4,4,6,2,1,2,5,1,2,2,1,2,2,1,1,1,1,1,1,1,2,2,1,5,5,8,4,9,6,3,3,7,7,5,3,3,2,2,8,8,7,5,7,7,6,7,2,1,4,6,7,5,7,7,7,6,7,4,3,4,7,1,7,6,7,1,1,6,7,7,6,7,7,7,5,7,7,7,7,7,6,6,7,5,7,6,7,6,7,5,2,1,4,1,4,3,7,3,1,4,7,5,3,6,1,7,6,7,7,7,7,7,7,7,7,2,5
735,2,1,5,69,69,3,2,4,2,-1,4,10,9,1,6,1,5,2,2,3,4,2,5,4,1,1,4,1,1,2,1,1,1,1,1,1,2,1,2,2,1,2,2,3,5,8,8,8,8,5,5,6,6,5,5,3,4,4,4,3,6,5,7,6,6,6,2,4,4,4,5,4,6,6,5,4,6,1,5,5,5,5,4,4,4,4,3,5,5,6,5,7,7,7,3,7,7,7,7,6,7,7,7,1,7,7,7,7,7,2,3,1,2,1,1,3,1,3,5,1,3,6,3,4,2,4,5,7,4,7,7,7,5,6,4,2,5
736,2,1,5,69,69,1,1,7,12,-5,5,9,10,2,7,1,6,2,2,1,1,3,5,4,1,4,6,2,2,1,1,1,1,1,1,1,1,2,1,1,1,1,1,5,1,4,4,10,8,4,1,8,7,6,7,6,5,5,4,6,8,5,7,6,5,5,4,4,3,4,4,5,7,7,7,6,7,2,1,3,3,7,4,3,1,5,5,7,7,5,3,6,6,6,5,6,6,7,7,6,7,7,7,4,7,7,7,7,7,7,7,1,1,1,1,4,6,3,6,3,5,4,4,7,4,2,6,6,4,6,5,6,6,5,7,6,5
737,2,2,3,69,69,3,2,7,2,-1,6,8,9,1,7,1,6,2,4,1,1,5,3,1,1,1,5,2,2,2,2,1,1,1,2,2,2,2,2,1,2,1,2,3,2,10,7,9,4,8,2,5,3,5,2,3,2,3,5,7,9,5,7,7,7,7,2,4,5,5,7,5,7,7,6,4,6,1,5,7,7,1,7,2,7,2,1,1,6,5,1,7,7,7,7,7,7,7,7,7,7,7,7,5,7,7,7,7,7,8,7,7,6,3,5,7,7,1,1,6,7,7,1,6,2,7,7,7,7,7,7,7,7,7,7,5,5
738,2,2,4,69,69,3,1,7,2,3,5,9,10,3,7,1,5,2,3,5,3,3,5,4,1,4,4,2,2,1,2,1,1,1,2,2,1,1,1,1,2,2,2,9,8,6,6,9,9,4,5,8,6,7,6,2,3,2,3,5,5,5,7,7,5,6,6,2,3,5,4,6,6,6,5,6,6,2,6,5,6,3,6,4,6,5,2,5,4,3,5,6,6,6,6,7,6,6,5,7,6,6,6,7,6,6,6,6,6,7,7,4,5,4,4,4,4,4,5,4,4,4,3,2,2,3,4,7,6,7,5,7,7,6,7,3,5
739,2,2,1,69,69,2,1,6,12,4,5,9,7,5,6,1,3,2,2,4,4,4,4,4,4,4,4,1,1,2,1,1,2,2,1,2,1,1,1,2,1,1,2,6,5,5,5,6,6,7,6,6,6,6,6,6,6,7,5,7,7,5,4,4,4,4,4,4,4,4,4,4,4,4,4,4,4,4,5,5,5,4,4,4,4,4,4,4,4,4,4,5,4,4,5,4,5,4,5,4,5,4,5,5,5,5,5,5,5,5,6,5,4,4,5,5,4,5,4,4,5,4,4,5,5,4,4,5,4,4,4,5,4,4,5,5,5
740,2,2,3,69,69,3,1,6,2,-3,4,8,10,1,9,1,2,2,2,5,4,5,6,2,2,5,4,1,2,1,2,1,2,1,1,1,1,1,2,1,2,2,1,5,2,4,4,10,8,5,2,6,5,2,3,2,2,5,5,8,2,5,6,6,4,4,4,2,4,4,6,6,6,6,5,5,5,4,6,9,5,3,5,4,5,3,3,5,3,4,5,6,6,6,6,5,6,4,6,6,7,6,6,7,7,6,4,7,7,7,1,1,4,1,1,2,3,1,4,4,5,6,5,3,1,3,4,6,6,6,4,6,6,6,3,4,5
741,2,2,3,77,69,2,1,7,10,-2,5,7,7,8,3,2,5,2,4,1,3,4,5,4,1,3,4,2,2,1,1,1,1,1,1,2,2,1,2,1,2,2,1,5,4,5,5,7,5,3,4,5,2,5,4,3,3,4,6,7,7,5,6,6,7,7,3,4,2,5,5,5,6,5,4,3,5,4,1,3,4,6,4,4,3,5,5,6,4,4,6,6,6,6,4,6,6,6,5,7,7,6,5,3,6,7,6,7,6,5,7,1,3,1,2,6,5,4,4,5,6,4,4,6,5,5,4,6,5,6,5,6,6,6,6,2,5
742,2,2,6,184,184,4,5,6,12,-1,4,10,10,1,8,1,7,2,4,1,1,2,2,4,1,1,5,2,2,2,2,1,1,1,1,1,2,2,1,1,2,1,1,6,10,6,4,10,10,10,6,10,6,5,3,2,3,2,3,8,8,5,7,7,4,7,1,5,7,4,1,3,6,7,7,6,6,1,4,6,5,2,4,2,5,5,6,6,3,6,6,7,7,7,5,7,7,7,7,7,7,7,7,2,1,7,6,1,1,2,2,2,4,2,1,1,2,4,1,2,2,1,4,2,1,2,6,7,5,6,7,7,7,7,5,3,5
743,2,2,3,69,69,3,1,5,10,-2,3,10,10,2,2,1,8,1,2,1,1,4,1,4,1,1,4,2,2,1,1,1,1,1,2,1,1,1,1,1,2,2,2,7,2,7,7,10,5,5,5,6,6,5,2,5,2,7,9,5,4,5,6,7,6,7,2,2,2,5,4,5,5,6,6,4,6,5,1,1,7,1,7,4,6,3,2,4,4,4,4,6,6,5,6,6,6,5,6,6,4,6,6,6,6,6,6,6,6,3,3,1,2,1,1,3,6,5,5,4,3,1,3,1,1,1,5,7,5,6,4,7,7,6,5,7,5
744,2,2,5,57,69,3,3,5,12,-5,4,9,10,2,9,9,9,2,4,5,5,3,5,5,5,4,5,2,1,2,2,1,1,2,1,1,1,2,1,1,1,1,1,8,9,3,3,8,8,8,9,9,8,9,8,8,8,9,2,8,8,5,6,5,5,5,5,5,5,5,5,6,5,5,5,5,5,5,2,2,5,6,6,5,6,5,6,6,5,5,6,6,5,6,5,6,6,6,5,5,3,3,2,3,2,3,2,2,2,5,5,3,4,4,4,6,5,5,5,6,5,5,5,4,4,4,5,6,6,6,6,6,5,6,6,6,5
745,2,2,3,69,69,2,1,5,2,0,4,10,10,1,5,1,8,2,2,5,3,4,5,4,2,4,5,2,2,1,1,1,1,1,1,1,1,1,1,1,1,2,1,5,5,5,6,5,5,6,8,8,8,6,8,9,9,5,5,8,8,5,5,6,6,5,3,4,5,4,5,6,5,5,5,4,5,2,5,7,5,3,5,3,4,4,4,5,4,4,4,7,6,4,5,4,7,7,5,7,6,4,7,5,6,6,5,7,7,10,9,4,4,4,1,6,5,5,5,4,4,5,5,4,2,5,5,5,5,6,3,6,4,6,4,6,4
746,2,1,4,69,69,3,1,6,9,-3,3,9,8,6,3,2,4,1,4,4,3,4,4,3,1,2,4,1,1,1,1,1,1,1,1,1,1,1,1,1,1,1,1,6,3,5,3,10,7,9,2,9,7,3,4,2,2,2,6,7,9,5,7,7,7,7,6,2,4,2,2,2,6,7,5,4,7,1,1,1,7,2,7,6,7,1,2,2,2,2,4,4,5,5,1,6,5,2,4,6,4,4,6,1,1,7,4,7,7,10,1,1,1,1,1,5,5,4,4,2,6,2,2,1,1,1,6,7,2,2,4,6,6,2,4,1,4
747,2,1,3,69,69,3,1,7,2,4,5,10,10,5,6,5,6,2,4,4,4,4,4,4,4,4,5,1,1,2,2,2,2,1,2,1,2,1,1,2,2,1,1,6,3,6,4,5,7,6,5,6,5,5,7,6,5,7,5,6,5,5,5,4,4,4,4,4,5,5,5,4,6,5,4,5,5,5,7,6,5,5,4,5,4,4,4,4,4,5,5,5,4,4,4,4,5,5,5,5,4,3,6,3,3,5,4,2,3,7,6,4,4,3,3,4,4,4,4,4,4,3,3,3,3,3,4,4,4,4,5,4,4,4,4,5,4
748,2,1,2,69,69,2,1,5,2,0,2,9,10,2,8,1,6,2,2,5,3,5,5,4,4,4,4,2,2,2,2,1,1,1,1,2,2,2,2,2,2,1,2,5,6,4,4,10,10,8,6,7,6,5,6,7,6,6,6,8,7,5,7,6,4,4,5,4,6,6,4,3,4,5,4,6,5,4,3,5,5,3,7,6,5,4,4,4,4,6,6,7,7,7,6,6,7,4,6,7,7,7,7,7,7,7,7,7,7,7,2,1,3,1,1,5,4,4,4,4,5,6,3,5,6,7,5,5,4,6,6,3,4,5,6,6,4
749,2,1,3,69,69,3,1,7,2,-1,5,8,8,3,5,3,7,1,1,5,5,4,5,4,1,4,5,1,2,1,1,1,2,1,1,1,1,1,1,1,1,2,1,7,7,4,3,9,7,8,6,8,6,5,8,6,5,6,6,7,7,5,7,5,6,4,5,3,4,4,5,4,5,5,3,4,4,2,6,6,6,3,5,3,5,5,5,6,6,5,5,7,7,4,7,7,7,7,7,7,6,6,4,7,7,7,6,1,1,3,8,2,4,3,2,6,7,1,6,2,7,4,5,7,4,6,7,7,6,7,6,7,7,6,5,3,4
750,2,1,3,69,69,2,1,7,10,-2,5,6,7,5,5,1,7,2,2,1,4,6,4,5,1,1,7,1,2,2,1,1,2,2,1,1,2,1,2,2,1,2,2,5,5,2,4,10,5,1,2,2,2,2,1,1,1,1,1,5,10,5,6,4,4,1,7,4,4,1,1,1,2,2,2,2,4,1,1,2,1,6,1,1,1,7,7,5,4,4,5,7,4,7,1,7,7,7,7,7,2,1,7,1,7,7,7,7,7,1,10,1,1,1,1,1,1,1,4,1,1,2,6,1,1,1,2,6,4,4,1,6,7,2,4,2,4
751,2,2,2,69,69,2,1,5,2,-1,6,6,8,2,2,1,6,1,4,4,5,4,5,4,1,1,4,1,2,1,1,1,1,1,2,1,1,1,1,1,1,2,1,7,3,9,3,9,5,5,3,8,6,6,4,2,2,2,5,4,6,5,5,6,4,6,3,3,6,3,4,3,5,5,3,5,5,2,2,3,3,6,3,2,2,5,5,5,5,3,5,6,7,6,6,7,6,7,6,5,5,6,4,4,7,6,7,7,4,2,6,6,1,1,1,6,6,2,1,2,7,3,2,5,4,7,5,6,4,7,5,6,7,5,4,2,4
752,2,2,2,69,69,2,1,6,10,0,5,7,7,6,3,1,2,2,2,6,5,1,7,4,1,1,5,1,1,2,1,2,1,1,1,2,1,1,1,1,2,1,1,7,4,5,5,10,10,4,4,4,5,4,5,5,4,4,6,8,9,5,7,7,7,7,2,5,2,5,5,5,7,7,7,5,7,2,1,1,7,1,7,7,7,1,1,2,6,5,5,7,7,7,7,7,7,7,7,7,3,7,6,1,7,7,7,7,7,5,7,1,1,1,1,7,7,6,1,7,7,7,7,1,1,3,7,7,1,7,4,7,7,7,4,5,4
753,2,1,3,69,69,3,1,5,9,-3,5,8,6,5,4,1,3,2,2,5,4,2,6,4,1,4,5,2,2,1,1,2,2,2,2,2,2,2,2,2,1,2,2,5,3,6,3,10,8,5,3,5,9,8,9,5,3,3,4,7,10,5,4,5,3,6,4,2,2,4,3,5,7,7,4,5,7,1,1,7,6,2,6,2,6,2,1,6,4,4,5,7,7,7,7,7,7,7,7,7,6,6,7,1,7,7,6,7,7,7,7,1,1,1,1,4,4,5,1,4,5,6,6,3,1,5,7,6,3,5,5,7,7,4,6,5,4
754,2,1,4,69,69,3,1,6,2,2,5,8,7,3,3,1,8,1,1,1,3,4,4,5,2,5,4,2,2,1,1,1,1,1,1,1,1,2,1,2,2,2,2,5,5,4,1,8,6,1,3,7,5,1,5,5,4,6,4,2,7,5,6,7,6,7,1,2,4,6,4,6,6,7,5,2,4,1,3,3,7,2,7,2,7,1,1,2,6,6,4,7,4,7,4,7,7,7,7,7,6,2,7,1,7,7,7,7,7,1,10,1,2,1,1,5,6,1,1,6,6,6,3,7,2,1,7,7,7,7,6,7,7,6,7,6,4
755,2,1,3,69,69,3,1,8,12,1,3,9,10,2,6,1,7,1,4,2,2,5,3,5,4,1,4,1,2,1,1,1,1,1,2,1,1,1,1,1,1,1,1,4,6,7,6,9,7,6,4,8,9,5,7,6,7,5,8,7,8,5,6,7,5,5,4,2,5,5,7,6,7,5,5,6,5,2,2,2,4,6,5,5,5,4,5,6,6,4,3,4,6,5,5,4,5,3,4,5,3,5,5,5,4,6,6,5,5,10,7,5,5,4,5,6,6,3,5,6,5,7,4,6,6,5,7,6,4,7,4,5,6,6,5,6,4
756,2,1,2,69,69,2,1,5,2,1,4,10,10,10,5,5,5,2,2,7,7,4,7,4,1,4,4,1,2,1,1,1,1,1,2,1,1,1,1,1,2,1,1,5,5,6,6,10,10,6,5,5,5,5,5,5,5,5,6,5,5,5,4,4,4,7,7,4,4,4,4,4,4,4,4,4,4,4,5,5,4,4,4,4,7,4,4,4,4,4,4,7,7,7,7,7,7,7,7,7,7,7,7,7,7,7,7,7,7,5,5,1,4,3,1,7,7,1,1,7,7,4,2,7,7,7,4,4,4,7,4,4,4,7,7,5,4
757,2,2,2,69,69,3,1,5,2,-3,5,8,10,1,7,1,4,2,2,6,4,4,6,5,1,2,5,1,1,1,1,2,2,1,2,1,1,1,1,1,2,2,1,6,6,4,5,8,8,5,4,5,3,5,1,5,7,5,5,6,8,5,7,7,7,6,3,4,4,4,6,5,7,4,4,4,4,4,4,7,5,2,6,4,6,2,2,5,6,4,6,4,6,6,6,6,6,6,6,6,5,5,4,7,6,7,7,7,6,6,6,3,4,1,4,4,4,4,4,4,4,4,6,1,2,3,4,6,2,5,6,7,7,4,4,2,4
758,2,2,3,69,69,3,1,7,2,-3,4,7,6,2,3,2,5,2,2,5,4,4,4,4,1,2,5,1,1,2,1,1,1,1,1,1,1,1,1,2,1,2,2,5,5,3,3,6,5,4,3,8,3,4,2,3,3,2,2,5,4,5,5,5,4,4,5,1,4,4,4,4,4,4,4,4,4,1,2,4,4,4,4,4,3,5,4,4,1,4,5,7,5,7,7,7,7,7,7,7,7,7,7,7,7,7,7,7,7,3,3,2,2,1,2,1,1,2,6,1,1,4,4,4,2,7,4,7,4,7,4,7,7,7,7,5,4
759,2,2,1,69,69,1,4,7,9,1,5,6,9,1,3,1,8,1,2,4,5,5,2,4,1,1,6,1,2,1,2,1,1,1,2,1,1,2,2,2,2,2,1,1,3,5,5,8,10,6,3,10,7,7,9,1,1,1,5,1,6,5,7,6,6,7,4,2,4,5,6,4,7,7,5,6,5,1,1,1,5,2,7,1,4,5,2,6,7,6,6,7,7,6,7,7,7,7,7,7,7,7,7,7,7,7,7,7,7,4,9,1,7,7,7,6,5,4,1,4,6,1,4,4,1,5,6,6,6,6,6,7,7,6,1,1,4
760,2,1,3,69,69,3,1,6,9,-2,5,9,7,1,6,1,6,2,4,5,2,3,6,4,1,3,4,1,2,1,1,1,1,1,1,2,1,1,1,2,1,2,2,5,7,7,3,10,8,6,2,5,6,6,2,5,3,5,7,10,8,5,7,7,6,5,2,3,2,4,6,5,7,7,5,2,4,1,1,1,7,2,6,6,7,1,7,5,2,2,5,6,5,7,4,7,6,7,6,7,6,1,5,1,7,6,6,7,7,6,1,3,4,1,1,6,1,5,1,4,7,6,6,5,4,4,6,7,6,7,6,7,7,6,6,5,4
761,2,2,3,69,69,3,3,5,2,0,2,5,5,5,5,5,5,2,2,4,4,4,4,4,4,4,4,2,2,2,2,2,2,2,2,2,2,2,2,2,1,2,2,5,5,6,6,5,5,5,5,5,5,5,5,5,5,5,6,5,5,5,4,4,4,4,4,4,4,4,4,4,4,4,4,4,4,4,5,5,4,4,4,4,4,4,4,4,4,4,4,4,4,4,4,4,4,4,4,4,7,4,7,7,7,7,7,7,2,5,5,1,3,3,1,4,4,4,4,4,4,4,4,4,1,7,4,4,4,4,4,4,4,4,4,5,4
762,2,1,3,69,69,1,1,5,2,0,6,10,10,1,8,1,4,2,2,1,2,3,4,5,1,3,5,1,1,1,1,1,1,1,1,1,1,1,2,1,1,2,2,5,5,5,2,10,8,4,1,8,9,5,5,2,1,3,6,10,9,5,7,7,5,5,4,2,4,2,4,5,6,6,6,4,6,1,5,5,7,1,7,2,5,5,2,5,4,4,5,7,7,7,7,7,7,7,7,7,7,7,7,6,7,7,7,7,7,3,5,5,1,1,1,5,5,4,1,4,5,5,6,3,2,4,5,6,6,7,5,7,6,6,5,2,4
763,2,2,2,69,69,2,1,6,12,-4,5,10,10,1,5,1,5,1,3,4,5,2,5,5,1,1,5,2,2,1,1,1,1,1,2,1,1,2,2,1,2,2,2,4,7,10,10,10,9,3,7,7,7,6,5,1,1,3,6,10,5,5,7,5,5,7,1,5,5,7,1,3,7,7,7,4,5,1,1,3,4,1,6,3,4,3,1,7,1,1,7,7,7,7,7,7,7,7,7,7,7,7,7,1,7,7,7,7,7,1,5,1,4,1,1,1,1,6,1,1,4,2,7,1,1,1,4,7,1,7,5,7,7,7,5,1,4
764,2,1,1,69,69,1,4,6,2,1,2,7,8,3,3,1,5,2,3,4,5,5,5,4,1,3,4,2,1,2,1,1,2,1,1,1,2,1,1,1,1,2,2,3,4,6,3,10,8,6,4,8,9,4,7,6,4,5,6,8,8,5,6,4,5,6,4,4,4,4,5,3,6,6,6,3,3,1,5,2,4,4,4,3,5,3,2,6,4,3,5,4,6,6,5,6,6,6,6,6,4,5,7,1,7,7,7,7,7,5,3,1,1,1,1,6,1,6,1,4,5,5,6,4,3,2,5,5,5,6,4,6,4,5,6,3,4
765,2,1,3,69,69,3,1,6,2,-3,5,10,10,1,8,1,6,2,2,2,1,4,5,5,2,2,5,1,1,1,1,1,1,1,1,1,1,1,1,1,2,1,1,6,3,7,6,10,9,6,4,10,8,4,10,5,3,3,4,3,7,5,7,7,6,7,7,3,4,7,2,5,7,7,5,4,7,1,1,1,7,6,5,3,4,5,5,6,6,7,5,7,7,7,7,7,7,7,7,7,7,7,7,7,7,6,7,7,7,2,8,1,1,4,1,2,3,2,5,2,3,4,4,5,2,3,7,7,7,7,6,7,7,7,1,4,4
766,2,2,3,69,69,3,2,7,2,0,4,10,10,2,5,1,9,2,4,5,4,5,2,4,1,4,5,1,2,1,2,1,1,1,2,1,2,1,1,1,1,1,1,5,6,4,5,10,7,3,1,10,7,3,6,1,4,8,8,6,5,5,7,7,4,7,2,1,4,5,5,4,7,7,5,4,7,1,6,6,7,1,5,3,7,1,1,7,4,4,5,7,7,7,7,7,7,7,7,7,7,7,7,7,7,7,7,7,7,1,10,1,7,1,1,7,7,7,1,1,7,4,1,6,1,5,7,7,4,7,7,7,7,4,4,2,4
767,2,1,5,69,69,1,3,2,12,-5,4,5,7,7,5,1,7,2,2,4,4,3,5,6,1,1,5,1,1,2,2,1,1,1,1,1,2,2,1,1,2,1,1,6,2,4,4,5,7,5,2,5,7,5,6,2,2,2,5,5,5,5,7,7,6,6,2,4,4,7,3,4,6,7,7,4,6,4,1,1,6,2,5,4,6,3,6,2,4,3,2,4,5,5,4,4,5,3,3,3,4,6,5,1,7,7,7,7,7,8,1,1,1,1,1,4,4,4,4,4,4,1,1,2,1,1,7,7,6,4,5,7,7,7,4,2,4
768,2,1,5,69,69,3,5,7,12,-3,5,7,7,2,2,1,7,1,4,4,1,4,4,5,1,1,5,2,2,2,2,1,2,2,2,1,2,2,2,2,2,2,2,5,5,6,6,5,5,5,3,5,2,5,5,2,2,2,6,5,5,5,6,6,6,5,4,2,4,4,2,4,6,6,4,4,6,1,2,2,6,2,5,3,4,4,4,4,6,6,3,6,6,6,6,6,6,6,6,6,4,6,7,6,7,6,7,7,7,2,7,1,3,6,1,1,1,1,4,1,3,4,6,6,3,6,6,7,6,6,6,7,7,7,6,2,4
769,2,1,2,69,69,3,1,6,2,3,5,9,6,8,5,3,5,2,4,6,6,4,4,6,5,4,3,1,2,2,2,1,2,1,1,1,2,1,2,2,1,1,2,8,8,7,5,5,7,4,5,9,3,8,8,7,5,4,4,9,4,5,5,2,5,2,5,2,5,6,5,3,5,5,2,6,4,3,9,5,4,4,4,5,6,2,6,5,2,2,2,5,6,6,2,6,5,6,7,7,7,3,7,6,7,5,6,5,7,9,6,3,4,5,4,6,2,2,3,4,1,3,3,4,3,6,2,3,3,6,5,5,5,5,4,7,4
770,2,2,4,69,69,3,1,6,2,2,5,10,10,2,6,1,7,2,2,6,6,3,6,4,4,3,5,2,2,2,1,2,1,1,1,1,1,1,1,2,2,2,1,5,5,8,8,8,9,3,5,4,4,7,3,1,2,7,4,6,6,5,7,7,6,6,4,5,5,4,5,3,6,6,6,4,6,2,6,6,6,7,3,2,4,5,3,6,5,6,5,7,7,7,7,7,7,7,7,7,6,7,6,7,7,7,7,7,7,2,8,1,4,3,3,6,6,1,4,6,6,6,7,1,1,2,6,7,6,7,7,7,7,6,6,2,4
771,2,1,4,69,69,3,1,4,9,-1,4,9,10,5,8,1,5,3,2,5,4,3,5,4,1,1,5,1,1,1,1,1,1,1,2,1,1,1,2,1,1,2,2,5,5,8,3,10,7,2,2,9,5,3,2,4,1,2,6,9,9,5,6,5,7,5,4,4,5,4,5,3,6,6,4,2,5,1,2,2,5,2,5,4,4,4,2,4,5,6,2,5,3,6,6,6,6,6,7,7,6,2,7,7,7,7,7,7,7,3,8,1,1,1,3,5,6,2,1,5,6,4,2,5,5,5,7,5,6,7,7,7,7,6,7,2,4
772,2,2,5,69,69,2,1,7,2,-2,5,9,9,2,8,2,5,2,3,4,3,5,5,4,1,4,5,1,1,1,1,1,1,1,1,1,1,1,1,1,2,1,1,7,8,3,3,10,7,5,2,7,7,8,6,3,7,6,3,7,7,5,6,5,6,4,5,5,5,4,3,5,5,5,5,5,5,1,8,8,3,5,2,3,2,6,6,5,5,5,5,6,6,5,6,6,6,6,5,6,6,6,5,5,7,6,6,7,7,5,6,1,1,1,1,5,6,6,3,6,6,4,4,5,5,3,6,6,6,6,5,6,6,6,5,2,4
773,2,2,2,69,69,3,2,6,11,3,5,9,8,2,4,1,8,1,1,5,3,6,5,7,4,1,4,2,2,1,1,1,2,1,2,1,1,1,1,2,2,2,2,6,5,8,9,8,7,5,7,8,7,5,2,2,2,3,6,3,6,5,7,6,7,6,3,2,4,5,5,5,7,7,4,4,6,1,1,9,5,5,6,6,6,2,2,7,4,3,7,6,6,7,6,6,6,7,7,7,5,6,7,7,7,7,7,7,7,5,1,4,4,1,4,5,4,3,1,4,6,3,5,2,1,5,4,6,6,7,6,7,7,5,4,4,4
774,2,1,2,69,69,2,1,4,10,-4,4,10,9,2,6,1,4,2,2,5,4,2,6,5,1,2,3,2,1,2,1,1,2,1,1,1,1,1,1,2,2,2,2,7,7,7,3,10,10,6,6,10,3,6,7,2,2,2,7,7,9,5,7,7,6,7,5,5,6,4,5,5,6,7,6,2,6,1,2,2,7,1,7,2,5,6,6,6,5,7,7,6,7,7,7,7,7,7,7,7,6,7,7,7,7,7,6,7,7,2,9,1,2,1,1,4,5,4,1,3,6,5,6,1,1,2,7,7,5,7,3,7,7,4,4,1,4
775,2,2,2,69,69,2,3,2,9,-4,4,10,10,1,7,1,5,2,2,4,4,4,7,4,1,4,4,2,2,2,2,1,1,1,1,2,2,2,2,2,2,1,2,5,5,6,6,10,10,7,10,5,10,5,10,1,1,1,10,10,5,5,4,4,4,4,4,4,4,4,4,4,4,4,4,4,4,4,5,1,7,1,7,7,7,1,1,6,4,4,6,7,7,7,7,7,7,7,7,7,6,7,7,7,7,7,7,7,7,5,5,1,5,1,1,1,1,1,2,1,1,5,7,5,3,5,4,4,5,7,7,7,7,4,7,5,4
776,2,1,4,69,69,5,5,7,12,-2,4,10,10,1,8,1,10,2,1,4,4,4,6,1,6,4,7,1,1,1,1,1,1,1,1,1,1,1,1,1,1,1,1,6,6,2,2,8,8,4,5,7,8,5,6,6,5,5,4,3,7,5,6,6,6,4,5,4,4,4,5,6,5,6,5,5,5,2,1,1,4,4,4,4,4,4,4,4,4,4,4,7,7,7,7,7,7,7,7,7,7,7,7,7,7,7,7,7,7,9,8,3,5,1,5,7,7,4,1,4,7,3,3,4,3,3,6,6,6,7,6,7,7,6,6,5,4
777,2,2,2,69,69,1,1,4,10,-2,6,10,10,1,3,1,8,2,2,4,2,5,4,4,1,4,5,2,1,1,1,1,1,1,1,1,2,2,1,1,2,2,1,4,4,8,5,10,5,2,2,8,10,5,1,1,1,1,6,1,3,5,7,7,5,6,3,1,2,2,2,2,4,5,5,4,4,2,1,6,7,1,6,4,5,4,1,2,1,2,1,5,5,3,4,7,7,2,5,5,7,4,2,1,7,7,7,7,7,7,1,1,3,1,1,6,4,4,1,4,7,4,5,4,2,3,4,6,4,6,6,7,7,6,5,3,4
778,2,1,1,69,69,1,4,6,10,-5,5,10,7,2,4,1,5,2,2,1,6,3,6,6,1,1,7,2,2,2,1,1,2,2,2,1,2,1,1,2,1,2,2,1,6,7,3,7,8,10,9,10,10,4,7,1,1,1,1,5,10,5,6,6,6,6,4,5,2,1,6,4,6,3,6,1,2,4,1,1,1,7,1,2,1,7,7,6,4,7,5,6,7,7,5,7,7,7,7,7,7,7,7,7,7,7,7,7,7,1,10,1,1,1,1,4,4,4,4,4,4,1,7,1,1,1,7,3,4,4,4,7,7,4,4,1,4
779,2,1,1,69,69,1,4,6,12,0,2,3,7,7,3,1,9,2,2,4,4,5,3,3,1,2,5,2,2,2,2,2,2,1,2,2,2,1,2,1,2,2,1,1,2,5,6,4,8,3,4,7,2,2,5,4,2,4,7,7,3,5,6,4,5,6,4,3,2,5,4,5,5,5,6,6,5,4,2,3,6,3,5,5,5,4,3,5,2,3,3,4,6,5,5,6,6,2,2,2,3,5,6,5,7,6,4,6,5,4,7,4,6,1,5,4,2,4,6,3,2,5,6,4,1,6,4,4,3,5,5,6,6,5,6,1,4
780,2,2,2,69,69,1,1,6,2,-3,5,10,10,1,7,1,5,2,4,5,4,4,6,1,1,1,6,2,1,1,1,1,1,1,1,1,1,2,1,2,1,2,1,7,8,1,1,10,8,3,2,10,8,4,1,2,1,2,5,6,7,5,7,7,7,6,5,1,3,4,7,2,7,7,4,2,3,1,4,5,1,7,1,1,1,7,5,7,1,1,7,7,7,7,7,7,7,7,7,7,7,7,7,7,7,7,7,7,7,1,4,1,4,1,1,7,7,7,1,4,7,1,4,4,1,4,7,7,7,7,4,7,7,7,4,5,4
781,2,2,4,69,69,3,3,5,2,0,5,10,10,1,9,1,2,2,2,6,4,1,7,4,4,4,4,1,2,2,1,1,1,1,2,1,1,1,1,1,2,2,2,7,7,4,4,8,8,7,6,7,6,6,6,6,3,4,5,7,7,5,7,6,6,6,3,4,4,6,4,6,5,5,4,4,4,2,8,6,5,3,4,4,4,2,4,4,4,4,5,5,5,6,6,6,6,6,6,6,7,7,7,7,7,7,7,7,7,5,6,3,3,3,3,4,5,4,2,2,5,4,4,4,3,3,7,6,5,6,7,7,7,4,3,4,4
782,2,1,5,69,69,1,2,4,2,-3,5,10,9,2,7,2,3,2,2,5,4,4,5,2,1,2,5,1,1,1,1,1,1,1,1,1,1,1,1,2,1,2,2,7,7,5,3,9,6,4,3,7,7,7,7,4,3,4,7,9,6,5,6,6,6,2,6,4,2,3,2,5,2,2,5,4,2,1,5,5,2,6,4,2,2,6,6,4,6,5,4,7,7,7,7,7,7,7,7,7,7,7,7,7,7,7,7,7,7,2,8,1,2,1,2,2,2,2,4,2,2,4,4,6,4,6,6,6,6,6,4,6,4,6,6,2,4
783,2,1,2,69,69,1,1,6,10,-2,4,5,5,7,6,6,5,2,3,3,4,5,4,4,3,4,5,1,2,1,1,2,1,2,1,1,2,1,1,1,1,1,2,3,5,7,7,7,4,2,3,5,4,4,4,3,4,3,7,2,4,5,4,3,4,5,4,3,6,5,4,5,6,4,5,5,5,5,1,2,2,3,3,3,4,3,2,3,3,3,3,6,6,6,7,7,7,6,6,6,7,6,6,6,6,6,6,1,1,5,6,5,5,4,4,3,4,5,3,4,5,4,5,5,6,4,5,4,6,5,5,5,4,5,3,5,4
784,2,2,2,69,69,3,1,7,2,-2,6,8,8,1,7,1,6,2,2,5,2,2,5,1,1,2,5,2,2,1,1,1,1,1,1,1,1,1,1,2,2,2,2,7,5,5,4,6,6,3,3,6,1,2,2,2,2,2,9,5,6,5,7,5,5,4,6,2,4,2,5,4,5,4,1,2,2,1,4,5,5,3,5,2,2,5,5,3,4,6,5,6,6,7,6,6,6,6,7,6,6,6,7,7,7,7,7,7,7,1,3,2,3,1,2,7,4,6,1,7,6,6,7,5,2,5,5,7,6,6,4,7,7,6,5,3,4
785,2,2,4,69,69,1,1,4,12,-2,5,8,7,3,7,1,6,2,2,6,4,3,5,5,1,1,6,2,2,1,1,1,1,1,1,2,1,2,1,2,1,2,2,7,7,4,1,8,8,5,2,10,7,2,3,1,1,1,3,4,7,5,7,7,7,5,3,2,2,4,2,2,5,5,2,2,2,1,1,2,5,5,4,4,3,4,4,4,4,5,4,5,7,7,4,7,7,5,7,6,6,7,7,6,7,7,7,7,7,3,6,1,4,1,1,6,6,1,1,4,6,4,3,4,4,4,6,6,4,6,4,6,6,4,4,2,4
786,2,1,1,69,69,1,4,2,12,1,2,2,7,4,10,2,7,1,1,4,4,4,4,4,4,3,4,2,2,2,2,1,1,2,1,2,2,2,2,2,2,2,2,4,5,6,4,6,6,5,4,5,6,7,6,5,8,6,2,5,7,5,6,4,6,5,4,5,2,4,5,2,5,4,7,5,7,7,6,6,4,4,4,2,4,4,4,4,3,3,4,4,5,3,4,6,3,4,5,6,5,5,6,2,6,4,6,5,6,6,6,1,3,3,3,2,6,2,6,2,2,2,4,4,2,4,7,3,2,4,5,3,3,6,4,7,4
787,2,1,3,69,69,3,1,8,2,4,5,8,8,1,6,1,8,2,2,1,1,5,1,1,1,1,4,1,1,1,1,1,2,1,1,1,1,2,1,1,2,1,1,2,7,7,6,9,3,3,3,8,7,5,7,3,3,3,6,5,7,5,6,6,4,6,4,2,4,4,4,5,6,5,5,5,6,2,2,5,6,3,5,4,4,4,2,5,4,6,3,4,5,6,6,6,6,6,6,6,6,6,7,7,6,6,7,6,6,2,9,1,3,1,1,4,6,4,1,6,6,5,6,6,5,2,4,6,5,6,4,4,6,4,4,2,4
788,2,1,3,4,69,3,1,7,3,0,6,10,10,5,10,10,7,1,3,6,3,5,3,3,4,5,4,1,1,1,1,2,2,2,1,2,2,2,2,1,2,2,1,6,5,5,7,6,4,5,4,4,5,5,7,5,5,4,5,6,5,5,4,2,6,3,4,3,4,4,3,3,4,3,4,3,3,4,6,4,5,4,4,4,3,5,3,4,4,6,4,4,4,3,4,5,3,4,3,5,3,5,4,4,4,3,5,3,4,5,6,4,5,3,4,5,3,4,4,4,4,3,4,4,3,4,4,4,3,4,5,4,4,4,5,5,4
789,2,1,1,49,69,1,1,9,12,0,3,7,7,7,6,8,10,2,2,4,4,4,4,4,2,4,4,1,2,1,1,1,2,1,2,1,1,2,1,2,2,1,2,8,8,2,3,8,7,8,8,6,6,8,6,6,6,10,3,8,8,5,4,4,4,4,4,4,4,4,4,3,3,4,4,4,4,4,5,7,4,4,4,4,4,4,4,4,3,4,4,4,6,6,7,4,6,6,6,4,5,4,7,7,7,6,7,7,7,8,7,4,4,4,4,4,4,4,4,4,4,4,4,4,4,4,4,4,4,4,4,4,4,4,4,5,4
790,2,1,3,69,69,3,1,6,5,0,6,7,6,2,2,1,10,2,2,2,2,7,3,4,5,2,4,1,2,1,1,1,1,1,2,1,1,1,1,1,1,1,1,1,2,6,6,8,7,7,2,7,6,5,7,2,2,2,9,2,4,5,6,6,6,6,1,4,5,6,4,4,6,5,6,4,5,1,7,7,5,7,7,7,7,3,3,6,4,3,6,5,6,6,5,6,6,5,6,6,7,7,7,7,7,7,7,7,7,5,9,1,3,1,4,1,1,3,1,3,1,1,1,7,7,7,6,7,6,7,4,7,4,7,7,7,4
791,2,2,3,69,69,2,2,7,9,-2,5,9,6,3,9,1,1,2,4,6,5,3,7,3,1,2,5,2,2,2,2,1,2,1,1,2,2,1,2,1,1,1,2,2,2,3,1,10,10,8,7,8,3,7,6,2,2,1,1,1,5,5,7,6,6,5,3,1,6,4,6,6,6,5,5,4,7,1,1,8,3,5,2,2,1,6,6,2,7,6,1,4,1,5,1,6,4,4,2,4,1,6,5,1,7,6,7,7,4,5,3,1,4,1,1,6,6,2,1,5,6,6,6,3,2,5,3,7,4,7,5,7,1,6,6,3,4
792,2,2,2,69,69,3,1,5,9,-3,6,9,10,3,7,1,4,1,4,5,5,3,4,5,1,1,6,1,2,2,1,1,1,1,2,1,1,1,2,2,1,2,2,7,5,7,5,9,8,2,4,7,3,4,1,1,1,1,5,6,5,5,7,6,4,4,4,7,3,4,1,2,5,5,4,4,4,1,2,2,5,3,3,2,2,5,5,4,2,4,4,7,7,7,6,7,7,7,7,7,7,6,5,3,6,6,7,7,7,2,7,1,1,1,1,2,1,4,2,1,3,2,1,7,3,6,5,6,1,5,4,7,7,5,4,2,4
793,2,1,2,69,69,2,1,7,2,-1,5,10,10,2,6,1,5,2,2,3,5,4,6,2,1,1,5,1,1,1,1,1,1,1,2,1,2,1,1,1,2,1,1,7,6,4,4,10,6,5,5,10,7,5,6,3,2,2,7,9,7,5,7,7,5,6,4,4,5,4,4,6,7,5,7,5,4,1,5,6,6,5,5,3,4,5,5,7,4,7,7,7,7,7,7,7,7,7,7,7,7,7,7,6,7,7,6,7,7,4,5,1,7,1,7,4,5,4,1,5,6,7,3,5,2,3,7,7,5,7,7,7,7,7,4,3,4
794,2,1,3,69,69,3,1,8,2,1,8,10,10,1,7,1,10,1,2,7,1,5,4,6,1,1,7,2,1,2,1,1,1,1,1,1,1,2,2,1,2,2,1,1,1,10,7,1,8,3,5,5,8,5,1,8,5,5,6,5,8,5,7,7,7,7,1,4,7,7,4,4,7,7,7,7,7,4,10,10,7,7,7,7,7,1,1,7,4,4,7,7,7,7,7,7,7,1,7,1,7,7,7,4,7,7,2,2,4,10,1,2,2,2,2,7,4,7,1,1,7,2,7,2,1,1,7,7,7,7,4,7,7,7,7,2,4
795,2,1,3,69,69,3,1,5,2,-1,4,10,10,1,7,1,6,2,2,1,1,5,3,1,1,1,6,1,1,1,1,1,1,1,2,1,1,1,2,2,1,2,2,5,6,7,2,10,7,1,1,5,2,3,2,1,1,1,4,5,6,5,7,6,6,4,5,1,1,3,4,2,7,7,3,3,3,1,5,5,7,1,7,3,5,4,1,7,2,6,7,7,7,7,7,3,7,7,7,7,7,7,7,6,7,7,7,7,7,1,3,6,4,1,1,7,3,7,1,5,7,4,6,6,2,2,6,6,7,7,7,7,7,5,7,2,4
796,2,1,1,69,69,1,1,5,2,2,2,7,8,4,6,3,6,2,2,6,2,5,5,4,4,6,3,1,2,1,1,1,2,1,2,2,1,1,1,1,1,2,1,6,3,4,3,10,8,3,4,8,7,3,5,3,8,9,7,6,7,5,7,5,5,5,2,1,5,6,6,7,6,6,6,3,4,4,7,6,7,1,6,3,6,2,2,6,3,6,5,5,6,2,1,1,2,1,1,1,6,6,3,2,2,1,2,3,1,7,3,1,1,1,1,3,2,5,5,4,5,3,2,3,6,4,5,6,7,6,5,7,6,6,4,5,4
797,2,1,4,69,69,2,1,4,12,2,5,10,10,3,10,1,3,1,2,5,4,2,6,5,2,4,4,1,1,1,1,1,2,1,2,1,1,1,1,1,1,2,2,6,6,6,4,10,10,6,4,4,5,4,4,5,4,4,7,7,4,5,6,5,5,6,2,2,4,6,5,5,5,5,3,4,5,3,1,1,7,1,5,6,6,2,2,5,4,5,5,7,5,7,4,7,7,7,7,5,7,1,7,4,7,7,7,7,7,3,5,1,1,1,1,6,6,4,1,6,6,4,4,3,3,4,4,6,4,7,4,7,4,4,2,5,4
798,2,1,1,69,69,1,4,5,2,2,3,6,9,6,2,1,9,2,4,1,3,4,2,4,2,3,5,2,2,2,1,2,1,1,1,2,1,1,2,2,2,2,1,2,3,2,4,10,8,10,2,8,10,2,2,3,3,3,9,10,7,5,7,5,4,6,7,3,4,4,1,5,7,6,2,4,3,3,6,3,7,7,5,6,5,2,2,7,4,7,7,7,7,7,7,7,7,7,7,7,6,5,7,7,7,6,7,7,7,2,10,1,1,1,1,7,2,1,1,7,7,4,2,7,4,7,4,4,5,7,4,7,5,6,7,3,4
799,2,1,4,69,69,1,1,5,12,0,2,10,10,1,5,1,3,2,2,7,6,7,7,6,1,1,7,1,1,1,1,1,1,1,1,1,1,2,1,2,1,2,2,9,8,3,3,10,9,8,5,9,7,8,9,1,1,1,2,9,9,5,6,6,6,5,4,4,4,4,3,3,5,5,6,4,4,1,1,1,4,5,2,3,3,5,5,5,5,5,5,7,7,7,7,7,7,7,7,7,7,7,7,7,7,7,7,7,7,1,4,5,6,5,6,6,7,1,1,5,6,4,1,5,1,6,7,6,6,6,6,7,7,6,5,7,4
800,2,2,2,69,69,2,1,6,12,0,6,10,10,2,8,1,4,2,4,5,6,3,6,4,1,1,1,1,1,1,1,1,1,1,1,1,1,1,1,1,1,1,1,5,6,7,7,3,10,10,6,9,7,2,10,1,1,1,1,3,5,5,7,7,7,7,7,4,4,4,1,2,7,7,7,4,4,1,1,1,5,3,6,7,6,5,3,7,4,7,7,7,7,7,7,7,7,7,7,7,7,7,7,7,7,7,7,7,7,8,1,1,2,1,1,1,1,1,5,1,1,1,1,1,1,5,5,6,5,6,4,7,7,6,6,2,4
801,2,1,1,69,69,1,4,6,12,-3,4,6,10,5,4,5,1,1,2,4,6,5,6,4,1,4,4,1,2,1,2,1,1,1,1,1,2,1,1,2,1,1,1,4,6,5,3,4,6,6,6,5,5,6,5,4,7,4,6,5,6,5,1,2,3,3,4,6,2,4,4,3,6,3,2,3,2,4,4,4,4,6,3,4,3,4,5,4,5,4,2,4,7,7,5,7,6,5,4,6,6,7,4,5,5,5,1,6,5,5,5,4,4,4,5,5,6,5,5,5,6,5,3,6,6,3,5,6,5,4,5,4,5,5,4,6,4
802,2,2,5,11,69,4,1,7,2,-4,2,10,10,5,8,1,6,1,2,2,1,1,2,4,1,4,5,1,2,1,2,1,1,1,1,1,1,1,2,1,1,2,1,6,6,5,4,8,8,6,6,7,6,5,6,7,5,4,4,8,6,5,7,5,5,5,6,5,4,5,6,7,6,6,5,5,6,1,5,5,6,6,6,6,6,5,2,5,4,6,6,4,5,6,2,7,7,7,7,2,3,4,6,1,1,7,7,7,1,7,6,1,1,1,1,1,2,1,3,1,1,5,5,4,2,2,6,6,4,7,6,7,7,6,6,8,4
803,2,1,1,69,69,1,4,6,12,-2,2,7,9,5,4,2,6,2,4,5,2,4,5,4,3,4,5,1,2,1,1,1,2,1,2,1,1,2,2,1,1,2,1,4,6,6,4,8,8,5,6,8,6,3,7,3,2,3,7,5,5,5,6,6,4,6,3,4,4,4,6,5,5,5,4,4,6,2,2,8,5,3,5,4,5,3,3,3,4,4,3,5,6,6,5,5,3,6,5,5,5,6,7,3,6,3,6,6,6,5,4,1,1,1,1,2,1,5,6,1,5,4,4,3,3,4,6,7,5,6,5,7,6,6,6,6,4
804,2,2,4,69,69,3,1,6,10,0,4,9,9,1,7,1,6,2,2,5,1,3,5,4,2,1,4,1,1,1,1,1,1,1,1,1,1,1,1,1,1,1,1,4,5,6,7,7,8,6,5,7,7,7,5,4,4,5,8,7,6,5,6,4,6,6,4,2,5,4,4,4,4,4,4,4,4,4,3,3,4,4,4,4,4,4,4,4,4,4,4,7,7,7,7,7,7,7,7,7,7,7,7,7,7,7,7,7,7,8,6,2,3,3,3,5,4,4,4,4,4,1,1,5,1,1,4,4,4,7,4,7,7,6,7,8,4
805,2,1,3,69,69,3,1,7,12,1,5,9,10,2,5,2,6,2,2,6,2,3,5,4,5,5,2,1,2,1,1,2,2,1,1,2,1,1,1,1,1,2,2,4,6,8,6,10,8,4,2,8,1,3,3,6,4,6,8,7,7,5,7,6,5,6,3,2,4,5,6,5,5,6,5,4,4,2,1,2,7,2,6,6,7,1,2,4,5,5,4,6,5,7,7,6,7,6,5,5,4,4,7,3,5,6,5,7,6,6,4,1,4,1,1,6,5,3,3,5,5,5,6,3,2,3,6,7,4,5,6,7,6,5,3,6,4
806,2,1,2,29,185,3,1,7,2,0,6,10,10,1,2,1,10,2,2,5,2,6,3,2,1,1,5,2,2,2,2,1,1,1,1,1,1,1,1,1,1,2,2,4,3,4,4,7,8,7,2,4,6,5,2,3,1,1,3,6,5,5,5,4,4,5,5,3,4,2,1,4,5,5,6,4,5,1,5,5,3,3,4,3,2,6,6,5,2,5,4,6,6,6,6,7,7,7,7,6,7,7,6,2,7,6,7,7,6,5,1,2,2,2,4,1,1,1,5,1,1,5,5,4,4,7,6,7,6,6,5,7,7,6,5,2,4
807,2,1,4,69,69,3,1,4,2,3,5,10,9,1,10,1,2,2,2,7,4,1,6,5,1,6,3,1,1,1,1,1,1,1,2,1,1,1,1,2,1,2,2,6,6,7,4,10,8,5,2,10,8,8,2,10,7,9,8,7,7,5,7,7,7,4,3,4,7,7,7,7,2,7,5,3,4,1,1,4,4,5,1,5,3,6,5,7,7,6,7,7,7,7,7,7,7,7,7,7,7,6,7,7,7,7,7,7,7,1,8,2,1,1,1,7,7,1,1,7,7,7,1,4,4,5,7,7,7,7,7,7,7,7,7,8,4
808,2,2,3,69,69,1,1,5,2,0,5,10,10,3,4,4,5,1,2,7,2,2,7,4,2,4,5,2,2,2,1,1,1,1,2,2,1,1,1,1,2,2,1,7,7,6,1,10,10,6,4,7,3,5,6,5,6,6,6,10,4,5,6,5,6,6,3,4,4,5,6,6,6,6,5,5,6,3,5,5,7,2,6,5,4,3,4,5,4,5,6,7,7,7,7,7,7,7,7,7,7,7,7,7,7,7,7,7,7,9,10,1,1,1,1,7,7,5,1,4,6,5,5,1,1,4,5,7,4,5,1,6,4,6,4,2,4
809,2,1,1,69,69,1,4,8,2,0,3,8,10,2,6,3,5,2,3,5,1,1,6,4,2,2,4,1,1,1,2,1,1,1,1,1,1,1,1,1,1,2,1,3,5,6,6,9,8,3,7,9,6,7,2,1,3,3,4,7,5,5,6,6,6,7,3,3,5,5,3,5,7,6,4,3,5,1,2,2,7,3,6,7,7,7,2,2,4,6,2,6,4,7,6,7,6,7,7,7,7,4,7,4,7,6,7,7,7,7,7,2,4,1,1,6,7,4,7,2,7,5,4,5,3,6,5,6,4,6,5,7,5,6,6,3,4
810,2,1,4,69,69,3,1,6,2,2,5,7,7,3,5,1,5,2,4,2,4,4,4,4,1,1,4,1,2,1,2,1,1,1,1,2,1,2,1,1,2,1,1,5,5,6,6,5,5,5,5,5,5,5,5,5,5,6,6,5,5,5,4,4,4,4,4,4,4,4,4,4,4,4,4,4,4,4,5,5,4,4,4,4,4,4,4,4,4,4,4,4,4,4,4,4,4,4,4,4,7,6,6,7,7,6,6,6,6,5,5,4,4,4,1,1,1,2,5,1,1,4,4,4,1,2,7,7,7,7,7,7,7,7,4,1,4
811,2,2,4,69,69,1,1,6,11,-1,6,9,8,2,6,1,3,3,1,5,5,3,6,5,2,6,1,2,2,2,1,1,1,1,1,2,1,1,2,1,2,2,1,9,3,5,4,9,9,5,5,9,7,6,7,9,9,9,10,8,8,5,6,6,6,7,2,2,5,6,7,7,7,7,6,6,7,2,6,9,6,2,6,2,6,2,2,6,2,2,5,6,6,6,6,6,6,6,6,6,7,3,7,6,7,7,7,7,7,3,1,1,4,1,2,7,4,4,1,7,6,7,3,4,3,4,6,7,6,6,6,6,6,6,6,3,4
812,2,2,4,69,69,3,1,6,2,0,5,8,8,3,6,6,4,2,2,5,5,3,6,4,1,3,4,1,2,2,1,2,1,1,2,1,2,1,2,1,2,2,2,6,5,8,6,8,9,5,5,8,5,8,5,3,4,2,4,9,7,5,5,6,5,5,4,3,2,4,4,3,7,6,6,4,4,1,5,7,3,3,4,3,4,4,4,2,4,4,2,5,6,7,5,7,5,7,7,7,5,6,7,1,7,7,7,7,7,4,7,1,1,1,1,5,5,5,4,4,6,4,4,1,1,7,7,7,2,6,5,7,6,6,7,2,4
813,2,2,3,69,69,3,3,5,12,-3,4,10,10,1,10,1,4,2,2,7,1,3,7,1,1,1,1,1,1,1,1,1,1,1,2,1,1,1,2,1,2,2,1,5,5,6,4,8,10,1,1,10,8,1,1,1,1,1,3,8,8,5,7,7,7,7,2,1,1,2,3,4,6,7,4,4,4,1,2,2,4,5,4,4,3,4,3,4,6,4,5,7,7,7,7,4,7,7,7,7,7,7,7,1,7,7,7,7,7,1,5,1,1,1,1,7,6,7,1,1,6,7,1,2,1,2,7,6,1,7,7,7,6,7,1,1,4
814,2,2,5,69,69,3,3,7,2,-3,5,10,8,1,5,1,7,2,2,4,1,2,5,2,1,1,5,2,2,2,2,1,1,1,1,1,2,2,1,2,1,2,2,3,3,5,1,10,10,7,3,8,8,1,3,1,1,1,3,5,5,5,7,7,6,2,6,1,4,2,4,1,5,5,4,1,1,1,9,9,1,7,1,1,1,7,7,5,4,4,3,6,7,7,7,7,7,7,7,7,6,6,7,7,7,7,7,7,7,1,10,1,1,1,1,7,6,1,1,1,7,1,1,7,1,7,6,7,7,1,7,7,6,7,7,2,4
815,2,1,3,69,69,3,1,7,9,-5,6,10,8,1,9,2,3,2,4,6,4,6,5,7,1,1,7,2,2,1,2,1,1,2,1,1,1,1,1,2,2,2,2,4,3,3,2,10,9,8,3,8,5,2,7,2,2,1,2,9,8,5,7,7,7,7,7,5,3,3,1,3,7,7,5,5,7,1,1,6,7,6,6,3,6,5,3,6,6,4,7,7,7,7,3,7,5,7,7,7,7,7,7,1,7,7,7,7,7,7,3,1,4,1,2,1,1,1,5,1,1,2,3,2,1,3,6,7,4,7,7,7,7,7,5,1,4
816,2,1,2,69,69,1,4,2,2,2,3,6,9,3,7,3,3,2,2,6,6,4,7,4,1,3,5,1,1,1,1,2,1,1,1,1,1,1,1,1,1,1,1,4,4,5,3,10,10,5,4,7,8,6,6,3,3,4,7,6,6,5,7,6,5,6,3,4,6,4,6,5,7,7,6,6,6,4,7,8,7,2,6,4,6,2,2,3,3,4,4,5,6,5,6,6,6,6,6,5,3,3,7,7,7,7,7,7,7,5,3,1,1,1,1,6,6,4,1,6,6,4,5,4,5,6,6,6,7,5,6,6,5,5,6,4,4
817,2,1,4,11,69,3,3,3,2,-3,3,9,10,1,7,1,6,2,2,5,3,3,5,4,4,1,4,1,2,1,1,1,1,1,1,1,1,1,1,1,2,2,1,4,6,3,1,10,8,8,6,8,7,2,9,2,1,3,6,7,5,5,7,7,5,2,6,3,3,3,4,5,5,3,4,4,5,4,7,8,4,6,3,3,2,6,3,4,5,3,3,6,6,6,6,6,6,6,6,6,6,6,6,6,6,6,6,6,6,3,8,1,1,1,1,1,2,1,4,1,1,3,6,4,2,2,4,5,5,5,6,7,7,4,3,5,4
818,2,2,3,69,69,2,1,6,11,-3,4,9,9,1,6,1,6,2,4,2,1,6,5,5,1,1,6,1,1,1,1,1,1,2,1,1,2,2,1,1,2,2,2,7,8,4,3,4,7,8,7,10,8,2,8,1,1,1,3,7,9,5,7,7,6,6,2,2,6,7,2,3,7,7,6,2,7,1,4,8,2,6,2,2,2,3,2,6,6,6,6,7,7,7,7,7,7,7,7,7,7,7,7,6,7,7,7,7,7,2,6,1,7,1,1,3,3,3,6,3,3,3,2,1,1,4,7,6,2,7,4,7,7,7,6,1,4
819,2,1,2,69,69,3,1,8,12,0,5,9,9,1,6,1,6,2,4,4,4,4,5,2,1,2,4,2,2,2,2,1,1,1,1,1,2,2,2,2,2,2,1,6,6,3,2,8,6,1,1,3,2,1,1,1,1,2,4,7,8,5,7,6,6,6,6,1,1,4,1,3,6,6,5,1,6,1,1,1,7,1,7,2,6,1,3,6,1,5,2,7,7,7,7,7,7,7,7,7,7,7,7,7,7,7,7,7,7,1,1,1,3,1,1,6,6,2,2,2,6,3,5,3,3,3,6,7,4,7,5,7,7,7,6,1,4
820,2,1,5,69,69,2,2,6,12,-1,5,8,10,2,5,2,8,2,2,2,4,5,3,6,2,5,5,1,2,2,1,2,2,1,2,2,2,2,1,2,2,2,2,7,5,3,3,8,8,6,5,9,8,6,8,7,9,7,4,8,9,5,6,7,6,6,2,5,3,6,7,7,5,5,5,4,5,1,2,7,7,3,7,5,7,2,2,5,6,5,6,6,7,7,6,7,6,7,7,7,6,7,7,6,7,7,7,7,7,7,2,2,5,5,4,4,6,4,1,5,4,5,2,6,4,6,4,7,2,5,4,7,1,5,6,5,4
821,2,2,3,69,69,3,3,6,11,3,4,8,10,1,8,1,6,1,3,6,1,5,6,1,4,4,4,1,1,1,1,1,1,1,1,1,2,1,1,2,2,2,2,6,6,10,10,10,8,7,5,8,6,1,5,1,4,2,10,5,7,5,7,7,6,6,1,5,6,5,6,4,7,7,7,4,7,4,1,10,7,1,7,4,7,1,1,5,4,4,5,7,7,7,7,6,7,7,7,7,7,7,7,7,7,7,7,7,7,10,3,2,5,2,2,7,4,4,1,4,6,3,1,7,3,7,7,7,7,7,7,7,7,4,4,5,4
822,2,1,3,69,69,3,1,6,2,1,5,7,8,5,5,1,3,1,4,4,4,3,5,5,3,5,2,1,2,2,1,1,2,1,1,1,1,1,2,2,1,2,2,9,8,4,7,10,9,3,6,10,1,7,6,7,5,8,7,7,7,5,5,6,4,5,5,2,5,5,6,6,5,6,3,3,2,1,5,6,6,2,4,5,6,3,3,3,4,3,2,4,5,6,7,5,7,2,6,6,3,5,6,7,6,7,6,7,6,7,5,1,5,1,4,3,3,6,5,2,4,2,7,1,1,1,6,7,5,6,5,6,4,7,6,5,4
823,2,1,3,69,69,3,1,6,2,1,5,7,8,4,6,2,4,2,4,5,4,5,5,5,3,3,4,1,2,1,1,1,1,1,1,1,1,1,1,1,1,1,2,6,6,6,6,6,8,5,5,4,5,4,5,5,4,5,7,6,6,5,6,5,5,5,4,3,5,4,4,4,5,5,3,4,5,2,7,7,6,2,6,4,6,2,3,4,3,4,5,6,6,6,6,6,6,6,6,6,6,6,6,7,6,7,6,6,6,4,3,3,3,4,4,3,4,4,4,3,3,4,4,3,3,3,6,5,5,6,5,6,6,6,5,3,4
824,2,1,3,69,69,3,1,5,2,3,5,8,9,5,6,1,7,2,2,5,4,4,5,4,3,2,6,1,2,1,2,1,2,1,1,1,2,2,2,2,2,2,2,4,2,3,4,9,8,5,2,8,1,2,3,3,3,2,4,7,3,5,6,5,5,5,4,3,4,5,4,2,5,5,2,2,4,2,7,9,5,5,5,2,4,6,4,2,3,3,2,6,7,6,7,7,7,7,7,7,6,7,6,7,7,7,7,7,7,4,4,1,6,1,5,1,5,6,2,1,5,1,1,6,1,4,3,6,6,6,6,7,7,5,4,4,4
825,2,2,2,69,69,2,2,7,2,2,2,10,10,1,9,1,6,2,2,4,1,5,5,4,1,3,3,1,1,1,1,1,1,1,1,1,1,2,2,1,2,1,1,5,2,7,6,7,6,5,2,4,5,3,5,4,6,4,6,4,5,5,7,5,7,5,4,2,2,5,5,6,7,7,5,2,4,1,7,5,7,5,7,2,4,6,4,7,5,6,7,7,7,7,7,7,7,7,7,7,7,7,7,7,7,7,7,7,7,1,5,5,3,2,2,6,7,7,1,7,6,4,1,7,3,6,7,7,6,7,7,7,7,7,5,2,4
826,2,1,5,69,69,1,3,7,2,-3,5,6,5,5,6,7,5,2,2,4,4,4,4,5,4,3,5,1,1,1,1,1,1,1,1,1,1,1,1,1,1,1,1,6,5,5,5,7,5,5,7,7,6,6,5,7,5,6,5,6,5,5,4,3,3,5,4,4,4,4,5,4,4,3,3,5,4,4,6,8,5,3,4,4,3,4,4,5,5,4,4,5,3,3,4,4,4,4,5,5,3,3,3,3,3,4,4,4,4,6,7,4,3,4,3,4,3,5,5,5,4,5,4,4,5,4,4,4,5,4,5,3,4,4,3,5,4
827,2,2,2,69,69,3,1,5,2,3,5,8,7,2,7,2,3,2,2,6,5,2,7,6,1,3,5,1,1,1,1,1,2,1,2,1,2,1,1,2,1,2,1,3,2,6,4,8,9,2,2,7,2,7,2,3,2,2,4,7,5,5,6,6,2,5,5,3,3,3,5,3,6,2,6,4,5,3,3,2,2,6,2,3,2,5,4,5,7,6,5,7,7,7,7,5,7,6,7,6,6,6,6,7,7,7,7,7,7,2,2,2,2,1,1,6,7,2,1,4,6,7,6,1,1,2,6,7,5,7,7,7,7,7,5,3,4
828,2,1,3,69,69,3,1,6,2,-3,5,7,8,4,4,5,4,2,2,5,5,3,5,4,2,3,5,1,2,2,1,1,1,1,2,2,2,1,1,1,2,1,2,6,4,5,4,6,7,5,3,6,3,6,4,3,4,3,6,6,6,5,5,5,6,5,4,5,6,3,3,4,6,5,5,5,6,3,5,5,5,4,3,3,3,7,5,5,4,4,5,6,6,5,5,6,6,5,6,6,6,4,6,5,7,6,6,6,6,4,4,4,3,2,3,3,3,4,5,3,3,5,5,4,2,4,6,7,5,5,6,7,6,6,5,4,4
829,2,2,6,69,69,4,5,5,2,1,6,10,10,1,7,1,5,2,4,1,1,5,6,4,3,4,5,2,1,1,1,1,2,1,2,1,1,2,2,1,2,2,1,9,9,4,2,10,10,5,2,8,9,4,6,3,1,5,5,10,4,5,6,4,5,5,3,2,3,6,6,5,6,6,4,5,6,2,4,5,5,2,5,2,4,5,4,6,5,5,5,5,7,7,7,5,7,7,7,4,7,7,7,7,5,7,7,7,7,3,9,2,3,7,1,3,3,5,1,2,6,4,5,3,2,4,6,7,6,7,7,7,7,4,6,6,4
830,2,1,4,69,69,1,5,10,12,0,5,10,10,10,10,10,10,2,2,7,7,7,7,7,7,7,7,1,1,1,1,2,1,2,2,1,1,1,2,1,2,1,2,1,10,1,1,10,8,1,1,1,0,1,1,1,1,1,10,1,1,5,3,5,4,2,7,7,6,6,7,2,1,2,4,3,6,6,1,1,6,5,1,5,4,2,2,4,7,3,5,7,7,1,2,4,6,4,4,3,5,6,4,7,5,5,3,2,6,1,1,6,4,3,2,2,2,4,5,7,5,4,7,4,6,1,6,7,5,6,2,3,4,5,2,2,4
831,2,1,5,69,69,3,1,6,2,0,3,7,8,2,3,2,6,1,4,1,2,4,3,6,1,7,2,1,2,1,1,1,1,1,2,2,1,1,1,2,2,2,1,5,1,8,4,9,7,4,2,10,2,6,5,10,9,10,9,5,5,5,5,6,4,7,2,2,3,7,7,7,5,5,4,5,5,1,2,2,5,2,5,5,5,4,5,7,7,6,2,6,7,7,7,7,7,7,7,7,6,7,7,7,7,7,7,7,7,2,9,4,1,1,1,4,5,6,4,1,2,6,5,3,3,4,4,7,4,7,6,7,2,7,4,3,4
832,2,2,2,69,69,1,1,6,12,-1,6,10,10,1,7,1,6,1,4,5,1,4,5,4,1,2,6,1,2,2,1,1,1,1,2,2,2,1,2,1,2,2,1,5,5,9,8,10,10,2,4,6,2,5,3,3,2,3,2,3,5,5,7,6,7,6,4,1,1,3,5,3,7,7,5,3,6,4,5,4,6,3,5,3,4,5,2,3,6,5,3,7,7,7,7,5,7,7,7,7,5,7,6,7,7,6,7,7,7,1,9,1,1,1,1,7,5,1,1,6,6,6,1,3,4,4,7,7,7,7,7,7,7,6,7,2,4
833,2,2,5,69,69,3,1,7,2,-3,5,10,10,1,10,1,1,3,4,2,2,4,5,2,1,2,5,1,1,1,1,1,1,1,1,1,1,1,1,1,2,1,1,10,7,9,8,8,7,3,1,6,6,5,1,3,1,2,6,4,8,5,7,4,4,5,6,2,2,5,4,3,5,5,5,3,5,1,6,7,5,6,4,2,3,4,4,6,7,6,5,7,7,7,7,7,7,7,7,7,7,7,7,7,7,7,7,7,7,2,7,3,3,1,3,7,7,3,1,6,6,5,6,4,4,5,6,6,4,6,6,6,4,6,6,3,4
834,2,1,4,69,69,2,1,5,12,-4,1,10,10,1,7,1,10,2,4,7,4,4,2,1,1,1,2,2,2,1,1,1,1,1,2,1,1,1,1,2,1,2,2,5,8,3,3,10,10,4,3,10,10,4,4,1,1,1,6,2,8,5,7,4,7,7,3,3,4,2,2,2,7,7,5,4,4,1,1,1,1,4,2,1,2,5,6,7,5,2,7,6,6,7,7,4,7,7,7,7,7,7,7,4,7,7,7,7,7,1,8,1,6,1,1,7,7,1,1,7,7,7,5,5,3,5,7,6,6,7,7,7,7,7,4,2,4
835,2,1,2,69,69,1,3,2,10,-2,4,10,10,1,8,1,1,2,1,2,5,2,5,4,1,1,2,2,1,1,1,1,1,1,1,1,2,1,2,2,1,2,2,6,8,9,7,10,8,10,8,10,10,9,10,3,1,5,3,1,10,5,7,7,7,4,3,7,7,1,1,3,5,2,1,1,7,1,1,1,7,2,6,7,7,1,6,7,4,7,7,7,7,7,7,7,7,7,7,7,7,7,7,1,7,7,7,7,7,1,10,1,1,1,1,7,7,1,1,7,7,1,1,4,6,7,7,7,2,7,4,7,7,7,1,2,4
836,2,1,2,69,69,2,1,7,2,-2,5,9,9,2,7,2,3,2,4,6,5,3,6,2,1,5,4,1,1,1,1,1,2,1,2,1,1,1,2,1,1,1,1,9,10,8,3,10,10,7,3,10,8,9,6,3,2,3,5,9,9,5,7,6,7,6,2,2,4,5,4,5,6,6,6,5,6,2,8,7,7,2,2,6,7,2,2,2,4,4,3,7,7,6,2,6,6,2,2,2,7,7,5,1,7,6,5,5,5,9,1,2,3,1,1,1,2,4,4,1,2,1,6,1,1,2,5,6,2,6,4,5,6,5,2,3,4
837,2,2,3,49,69,4,3,6,2,0,5,7,9,1,6,1,7,2,2,6,5,7,5,4,1,1,7,2,2,1,1,2,1,1,1,1,1,1,2,1,2,1,1,6,6,3,2,9,10,7,8,10,9,7,9,1,1,1,3,8,9,5,6,6,4,5,5,3,4,4,2,2,7,6,6,6,6,2,8,8,4,4,4,3,3,4,4,5,5,7,6,7,7,7,7,7,7,7,7,7,6,7,7,5,7,7,7,6,7,1,6,1,1,1,1,1,1,1,5,1,1,1,3,7,4,7,5,7,4,6,7,7,7,5,5,2,4
838,2,1,3,69,69,3,1,7,12,-3,6,5,6,5,7,7,6,2,2,5,4,4,5,5,5,4,4,2,1,1,2,1,2,1,2,2,2,1,1,1,1,1,2,6,5,4,5,6,5,5,7,6,5,5,6,6,6,7,5,7,6,5,4,5,5,4,5,4,3,5,4,5,5,4,4,5,5,5,6,7,5,5,4,3,6,4,5,4,3,4,5,4,6,5,5,4,6,4,3,5,3,6,4,6,5,4,5,5,5,7,7,6,5,4,5,5,6,5,6,5,4,3,5,4,6,6,5,5,5,6,5,4,4,5,4,6,4
839,2,2,2,62,69,2,1,5,2,0,4,8,9,3,7,2,5,1,2,6,2,3,4,4,1,2,5,1,2,1,2,1,1,1,2,1,1,1,1,1,1,2,1,7,6,6,5,10,8,5,3,8,1,3,5,2,2,2,5,2,5,5,6,5,6,5,4,2,4,4,4,2,7,5,4,4,5,2,7,7,3,4,7,6,5,3,2,2,2,6,2,5,5,5,4,7,6,6,7,6,6,5,6,5,7,5,5,1,4,5,5,1,1,1,3,4,4,2,5,4,4,5,4,4,1,5,5,6,5,7,6,7,7,5,4,2,4
840,2,2,4,69,69,1,1,5,12,-3,5,8,10,1,7,1,3,2,2,7,6,1,6,5,1,6,5,1,1,1,1,1,1,1,2,2,1,2,1,1,2,2,1,4,7,7,6,10,9,9,4,9,1,4,4,4,3,8,2,3,7,5,7,6,7,6,5,4,4,7,5,7,7,7,7,6,7,1,2,2,2,7,7,7,7,6,5,7,7,7,7,7,7,7,4,7,7,7,7,7,7,7,7,4,7,7,7,1,1,1,10,1,1,1,1,7,7,7,1,7,6,6,1,7,7,7,7,6,5,7,7,7,7,6,6,8,4
841,2,1,2,69,69,1,1,6,10,-3,4,7,10,1,4,1,6,2,2,6,4,2,7,4,5,1,5,2,1,1,1,1,1,1,1,1,2,2,1,1,1,1,2,5,8,7,6,8,10,5,5,10,7,3,6,1,1,2,4,8,5,5,7,7,7,5,4,2,6,3,4,1,7,5,6,4,4,2,5,8,2,7,1,1,2,5,4,5,3,3,6,7,3,7,4,7,7,7,7,7,7,1,7,1,7,7,7,7,7,3,3,6,1,1,1,6,7,4,1,4,6,4,2,4,1,2,7,7,3,4,6,6,7,5,5,2,4
842,2,2,3,69,69,3,1,5,12,0,4,10,10,3,9,1,4,2,4,5,4,3,6,4,1,4,3,1,1,1,1,1,1,1,2,1,1,1,1,1,1,2,2,10,7,7,4,10,10,3,2,10,7,7,5,6,6,6,7,7,5,5,7,7,5,7,2,5,4,5,6,6,7,6,2,3,6,1,1,1,6,3,7,7,1,1,2,7,5,5,6,6,7,6,7,7,7,7,6,6,7,7,7,7,7,7,1,7,7,5,6,1,7,1,5,7,7,1,1,7,7,6,1,4,2,6,6,6,4,7,7,7,7,7,4,6,4
843,2,1,4,249,69,2,3,5,2,0,5,7,7,8,5,5,7,1,1,6,6,3,6,4,3,1,6,1,1,1,1,1,2,1,1,2,1,2,2,2,2,1,2,5,2,2,1,10,10,7,4,8,6,5,5,2,2,2,1,6,8,5,7,6,6,4,5,2,2,2,2,2,3,4,4,4,2,1,7,7,2,6,2,2,2,6,4,7,4,6,6,6,6,6,3,4,6,6,6,6,7,7,7,6,7,7,7,7,7,4,2,1,2,1,2,6,6,6,1,6,7,1,7,7,1,1,6,7,7,7,7,7,7,7,6,6,4
844,2,2,2,69,69,3,3,6,2,4,2,8,2,2,5,1,6,1,2,4,1,2,2,6,1,2,4,1,2,1,1,1,1,1,1,2,1,1,1,1,1,2,1,6,5,7,7,8,10,4,4,7,6,5,4,1,1,3,9,9,8,5,7,5,4,7,1,3,4,5,5,4,5,5,4,4,7,4,8,5,7,1,7,7,7,1,1,5,4,5,5,6,7,6,7,7,7,7,7,7,6,7,6,7,7,7,7,7,7,2,3,5,4,4,1,7,6,3,1,5,7,4,6,2,1,5,5,6,4,7,6,7,5,4,2,2,4
845,2,2,4,69,69,3,1,6,2,-3,4,8,10,1,5,5,7,2,2,3,5,4,6,3,1,4,4,2,2,1,1,1,1,1,1,1,1,2,1,1,2,1,1,5,7,8,1,8,7,8,3,8,5,5,2,3,3,5,6,7,5,5,7,7,6,7,6,2,2,4,7,4,6,6,5,4,6,4,4,8,5,1,7,2,5,6,6,7,5,7,7,7,7,7,7,7,7,7,7,7,7,7,7,7,7,7,7,7,7,5,5,1,1,1,1,6,6,7,1,4,7,7,5,5,6,5,6,6,4,6,6,7,7,5,3,5,4
846,2,2,3,92,69,3,2,5,2,5,4,10,10,1,10,1,8,2,2,4,1,5,4,6,6,1,6,1,1,1,1,1,1,1,1,1,1,1,1,2,1,2,2,7,8,1,1,9,9,5,6,5,8,6,2,3,1,1,2,9,8,5,7,7,7,6,7,7,4,4,6,6,7,5,6,5,6,4,9,8,7,4,4,3,3,6,5,7,4,7,7,7,6,4,7,7,7,7,7,7,6,7,6,7,7,7,7,7,7,2,9,1,2,1,4,7,7,1,1,7,6,4,1,4,2,6,7,7,6,7,6,7,7,7,4,3,4
847,2,2,3,69,69,1,3,3,2,-2,2,9,8,6,5,1,5,2,2,4,5,3,6,4,1,1,5,1,1,2,1,1,1,1,2,1,1,2,2,1,1,2,1,4,5,8,5,9,1,7,2,8,7,5,7,3,1,2,4,1,7,5,6,6,5,4,5,3,4,4,5,4,3,5,4,4,4,2,3,3,6,5,3,2,4,5,4,4,7,5,4,6,4,7,3,6,6,7,6,7,4,1,7,1,7,7,7,7,7,2,9,1,1,1,1,6,6,1,1,5,7,6,3,3,3,3,6,7,3,6,5,7,5,4,4,3,4
848,2,2,4,69,69,1,3,5,12,0,4,10,10,1,5,1,3,2,2,6,4,5,6,4,1,2,4,1,1,1,1,2,2,1,2,1,2,1,2,2,1,2,2,4,4,4,4,6,8,5,3,6,2,4,3,3,1,1,6,3,5,5,7,7,7,5,4,4,4,3,2,2,6,6,5,4,4,1,1,1,6,4,6,5,5,3,3,4,4,4,3,6,6,7,3,5,6,6,4,6,6,6,7,1,7,7,7,7,7,6,1,1,2,1,1,5,4,1,1,1,5,6,6,3,3,4,5,4,4,5,4,7,1,5,6,2,4
849,2,1,3,69,69,3,1,5,2,2,5,10,10,1,7,1,8,2,4,6,6,6,7,6,1,6,6,1,1,1,1,1,1,1,2,2,2,1,2,2,1,2,2,6,6,3,3,10,8,4,4,9,4,8,6,3,3,6,4,7,9,5,7,7,6,7,6,2,2,6,7,7,6,5,5,5,5,1,7,9,3,3,3,3,3,5,5,7,7,6,4,7,7,7,7,7,7,7,7,7,7,7,7,7,7,7,7,7,7,1,10,1,1,1,1,1,1,4,6,1,2,7,2,6,7,7,5,7,7,7,4,7,3,5,5,2,4
850,2,2,5,142,142,4,2,4,10,0,4,8,10,4,2,1,8,2,2,1,1,6,1,5,1,1,6,1,2,2,1,2,2,1,1,2,1,2,1,2,1,2,2,5,4,4,4,9,6,5,2,3,2,3,2,2,3,1,3,2,5,5,7,7,7,7,2,4,4,4,2,5,4,6,5,4,4,4,3,8,7,2,5,4,3,3,4,5,6,5,4,6,7,7,7,7,7,7,7,7,7,6,7,7,7,7,7,7,7,5,5,3,3,1,2,4,6,6,3,5,4,4,2,3,3,4,6,6,6,4,5,7,6,5,6,3,4
851,2,1,4,69,69,1,1,5,12,-5,4,10,10,1,9,1,2,2,2,7,7,1,7,6,1,5,1,1,1,1,1,1,1,1,1,1,1,1,1,1,2,2,1,2,5,9,9,10,10,2,2,4,2,5,5,2,2,2,9,10,5,5,7,7,7,7,3,7,4,6,6,6,7,7,7,2,5,1,2,2,7,1,7,7,6,5,1,7,7,2,3,7,7,5,7,7,7,7,7,7,7,7,7,7,7,7,7,7,7,9,2,1,1,1,2,4,4,4,3,1,1,1,4,4,1,1,6,7,1,6,4,7,7,6,6,2,4
852,2,1,5,69,69,3,1,5,2,0,5,9,9,2,5,2,5,2,4,5,1,1,6,7,1,7,1,1,2,1,1,2,2,1,2,2,1,1,1,2,1,2,2,7,6,6,6,10,9,2,4,7,5,5,5,7,6,7,9,8,10,5,6,7,4,6,1,1,4,6,5,6,7,7,4,4,4,1,1,2,7,1,7,7,7,1,1,1,7,6,1,6,6,7,6,6,6,6,6,7,7,6,7,7,7,7,7,7,7,7,5,6,2,1,1,7,7,3,1,5,5,6,3,1,1,2,6,6,6,6,4,6,2,1,6,2,4
853,2,1,3,69,69,3,1,7,12,-4,6,6,5,7,3,1,7,1,4,3,5,6,2,7,1,1,4,1,2,2,2,1,1,1,2,1,1,1,2,1,2,2,1,9,3,8,8,10,7,10,6,10,8,8,10,1,7,1,4,8,8,5,7,7,7,7,1,4,4,7,1,2,7,7,4,4,4,4,1,1,1,2,1,7,4,1,1,1,4,4,1,5,7,7,5,7,7,1,7,5,6,7,7,1,7,7,7,7,7,10,1,1,1,1,1,1,1,7,1,1,1,1,7,1,1,1,7,7,1,1,4,7,5,1,4,1,4
854,2,1,3,69,69,2,1,6,10,2,5,9,10,2,5,1,4,2,2,7,4,2,6,5,1,4,6,2,1,1,1,1,1,1,1,2,2,2,2,1,1,2,2,4,6,8,8,9,9,4,3,4,5,7,5,5,5,7,4,7,7,5,7,7,6,7,2,4,4,6,4,5,7,7,6,4,6,2,3,2,7,1,7,7,7,1,1,4,5,4,2,7,7,7,7,7,7,7,7,7,7,7,7,7,7,7,7,7,7,9,1,4,5,1,4,4,4,5,3,2,6,4,1,4,3,4,5,7,7,7,4,7,6,6,3,5,4
855,2,1,2,69,69,3,1,7,9,-3,6,2,7,10,1,1,7,2,3,1,4,4,5,4,1,1,5,1,2,2,2,1,1,1,2,1,1,2,2,2,1,1,2,3,6,4,6,5,6,2,3,8,6,2,4,6,5,5,6,4,4,5,6,4,5,5,4,4,5,4,4,5,5,4,4,5,5,5,2,4,5,4,4,5,4,4,5,5,5,5,4,4,4,5,5,5,5,4,5,5,5,6,6,7,7,6,6,5,5,4,5,5,5,2,7,4,6,4,6,4,5,2,3,6,3,7,4,5,3,4,6,6,6,5,4,3,4
856,2,1,2,69,69,3,1,7,2,0,6,5,8,5,5,1,3,2,2,5,5,1,6,1,4,7,1,1,1,1,1,2,2,1,2,2,1,1,1,1,2,1,1,7,7,6,6,10,10,1,5,10,6,6,1,10,10,10,10,7,10,5,7,7,7,7,1,1,4,7,7,7,7,7,7,7,7,4,8,8,7,1,7,7,7,1,1,1,4,4,1,7,7,7,7,7,7,1,4,4,7,7,7,7,7,7,7,7,7,10,1,6,5,4,1,1,1,1,6,1,1,1,1,5,1,5,4,7,7,7,4,6,6,7,6,6,4
857,2,2,2,69,69,2,3,4,10,-3,4,5,5,1,5,1,2,2,2,7,5,4,5,6,1,1,4,1,2,2,2,2,1,1,2,1,1,1,2,2,1,2,2,3,4,8,7,10,10,6,7,5,1,5,1,1,1,3,6,5,2,5,7,4,5,7,4,6,6,4,6,5,7,7,6,5,6,4,1,1,7,1,6,6,6,2,2,7,4,6,7,6,5,7,5,7,7,7,7,7,5,5,7,3,7,7,7,7,7,7,1,4,1,1,1,7,1,1,1,7,7,6,4,4,2,1,6,6,2,4,6,7,7,5,2,2,4
858,2,2,5,69,69,3,3,6,11,-3,2,10,10,1,7,1,8,2,1,5,4,3,3,4,1,1,5,2,2,2,1,1,1,2,1,1,2,2,1,2,1,2,2,3,3,7,5,1,3,3,1,7,6,5,6,3,1,9,4,8,5,5,7,7,7,6,5,1,3,4,4,4,5,6,2,3,5,1,3,10,5,3,5,4,3,5,4,6,6,7,5,7,7,7,7,7,7,7,7,7,7,7,7,7,7,7,7,7,7,1,7,3,2,1,1,5,5,2,2,5,6,5,7,1,1,7,7,7,4,7,6,7,7,7,1,2,4
859,2,2,3,74,74,3,2,6,2,0,5,8,8,3,7,8,7,2,2,2,2,5,5,3,1,1,5,2,2,2,2,1,1,1,1,1,1,1,2,1,1,2,1,5,5,5,5,7,8,4,6,5,4,6,3,3,2,3,3,7,6,5,4,5,4,4,4,2,4,3,4,5,3,4,4,4,4,1,4,9,5,5,3,3,3,5,5,4,4,5,5,5,6,5,5,6,5,6,6,7,6,6,7,5,7,7,7,7,7,2,5,1,1,1,1,2,3,4,5,1,2,6,6,2,1,2,6,7,7,5,7,7,6,6,4,6,4
860,2,2,2,69,69,3,3,6,11,4,2,8,10,4,6,1,4,1,3,7,6,4,6,4,4,4,4,1,2,1,1,2,2,1,2,2,1,1,1,2,1,2,2,7,6,5,5,9,10,8,7,5,6,10,6,6,5,5,6,7,5,5,7,2,4,4,1,1,4,4,3,4,1,1,4,4,1,1,8,8,7,3,2,2,2,5,5,5,1,1,2,3,6,7,6,4,7,6,4,7,6,1,7,7,7,7,7,7,7,5,3,1,1,1,7,1,4,4,4,1,4,1,4,1,1,1,6,4,4,4,7,7,7,5,4,5,4
861,2,2,1,69,69,1,4,6,10,-1,3,7,10,1,2,1,5,1,4,1,6,4,5,3,1,1,5,1,1,2,1,1,1,1,1,1,1,2,2,1,1,1,1,3,7,6,3,10,8,5,1,10,6,3,6,2,1,1,7,4,8,5,6,6,4,5,3,5,4,4,2,1,5,5,4,3,5,1,1,4,4,4,2,2,3,5,4,6,4,4,7,2,7,7,7,7,7,6,7,7,2,7,7,7,7,6,6,7,7,1,2,1,4,1,1,5,4,2,1,5,7,3,1,6,6,7,6,6,5,5,4,7,7,7,1,1,4
862,2,1,1,69,69,1,1,7,12,0,2,10,10,1,6,1,5,2,2,2,4,5,3,4,4,1,2,1,1,1,1,1,1,1,1,1,1,1,1,1,1,1,1,1,4,5,4,10,5,3,5,10,3,3,4,3,4,5,9,4,5,5,6,4,7,3,5,4,5,4,1,1,5,5,5,4,4,3,8,6,4,6,4,2,4,6,4,7,4,4,5,7,7,5,7,7,6,7,7,7,7,6,7,7,7,7,7,7,7,4,4,1,3,4,6,4,4,4,1,4,6,4,3,4,4,7,5,7,4,7,5,7,5,7,4,3,4
863,2,1,3,69,69,1,1,5,12,0,4,9,8,2,5,2,7,1,1,6,2,4,5,4,1,2,5,2,2,2,1,1,1,1,1,2,2,2,1,2,1,1,1,9,9,2,3,9,9,7,5,8,7,2,2,8,8,8,4,8,3,5,7,7,7,7,4,2,2,4,4,4,7,7,7,7,7,2,2,3,7,1,7,4,7,2,3,4,4,3,4,7,7,7,5,7,7,7,7,7,7,7,7,7,7,7,7,7,7,5,6,1,1,1,1,4,4,4,4,4,4,4,6,3,3,5,4,5,6,5,4,7,4,6,5,5,4
864,2,1,2,69,69,1,2,6,12,0,5,7,10,3,5,1,5,2,2,4,3,4,3,3,1,1,4,1,1,1,1,1,2,1,2,1,1,1,1,2,1,2,2,8,5,6,5,9,6,2,3,8,7,2,1,4,1,1,6,7,1,5,7,6,7,6,2,2,2,5,5,4,6,6,4,3,4,1,1,2,6,2,4,5,4,2,4,6,6,3,4,7,7,7,5,6,6,5,3,5,7,7,5,1,6,6,6,6,6,6,1,1,1,1,1,5,5,4,1,5,5,5,5,2,3,3,5,7,2,4,6,6,4,4,4,6,4
865,2,1,2,69,69,3,1,7,10,1,8,10,10,1,8,5,6,1,3,3,1,2,7,4,4,1,1,1,2,1,1,2,2,1,2,2,2,1,2,1,2,2,1,7,5,8,1,10,10,10,1,10,10,2,10,10,10,10,10,10,10,5,7,5,7,7,4,2,5,7,7,7,7,6,4,7,7,1,1,7,7,1,7,4,7,1,1,2,6,3,7,7,7,7,7,7,7,7,7,7,7,5,7,7,7,7,7,7,7,8,1,3,7,1,1,5,7,6,1,4,7,3,2,4,7,6,7,7,7,7,1,7,7,7,5,5,4
866,2,2,4,69,69,3,1,6,2,0,6,9,9,1,7,1,4,1,2,6,5,2,6,5,1,2,5,1,2,1,1,1,2,1,2,2,1,1,2,2,2,2,2,2,3,6,8,7,8,4,4,6,6,5,6,5,5,5,6,7,5,5,7,7,6,7,4,3,3,7,4,6,6,7,7,6,6,2,7,8,7,3,7,6,7,6,3,6,4,6,7,7,7,7,7,7,7,7,7,7,7,7,7,7,7,7,7,7,7,3,4,4,5,3,2,1,1,2,5,1,1,2,3,4,3,5,6,7,7,6,4,7,7,6,6,3,4
867,2,1,1,69,197,1,1,9,2,-2,2,9,10,2,3,2,10,2,2,4,3,6,3,5,1,3,3,1,1,1,2,1,1,1,1,1,2,1,1,1,1,2,1,1,2,7,7,5,3,3,7,2,3,5,3,4,3,3,7,3,3,5,6,5,5,4,2,6,4,5,3,5,2,6,2,3,5,4,10,8,6,6,7,6,7,3,3,6,5,4,6,7,6,1,6,7,7,6,7,7,7,7,1,7,1,7,7,1,1,5,2,1,1,1,4,1,2,2,1,1,5,7,5,4,7,7,7,6,5,7,6,7,6,7,7,8,4
868,2,2,1,96,96,2,1,5,12,-4,2,9,10,6,6,1,6,2,2,4,3,5,6,6,3,1,4,2,2,2,2,1,1,1,1,2,2,2,1,1,2,1,1,6,6,3,4,9,8,10,7,4,3,6,6,2,1,2,6,5,6,5,6,5,5,6,3,4,4,5,3,4,6,5,5,4,5,4,6,6,5,2,4,3,4,4,3,6,4,4,6,7,6,7,6,6,6,6,6,7,7,7,7,7,7,7,7,7,7,5,2,1,4,4,7,4,1,1,4,2,1,1,5,1,1,4,3,7,7,7,5,7,7,6,5,5,4
869,2,1,1,69,69,1,3,7,2,1,2,8,9,3,1,1,8,2,2,4,4,5,5,4,1,2,5,1,2,2,1,1,1,1,2,1,2,2,1,1,2,1,1,2,1,4,2,8,7,7,3,8,9,3,8,2,2,6,4,7,7,5,6,5,5,6,5,2,5,4,5,5,7,6,5,5,6,4,5,5,7,5,6,4,6,4,3,5,4,4,5,7,7,5,6,7,6,6,6,5,7,7,6,6,7,5,6,6,6,7,4,1,1,1,1,5,4,4,4,1,6,2,3,4,3,6,5,6,4,6,6,7,7,6,5,4,4
870,2,1,3,69,69,3,1,7,12,-3,6,5,7,7,6,6,6,2,2,3,5,5,6,4,4,6,5,1,2,1,2,1,2,1,2,1,2,2,2,2,1,2,1,6,6,4,5,7,6,7,7,7,7,6,6,8,7,6,5,6,6,5,5,5,4,5,4,5,4,5,4,5,5,6,4,5,4,5,6,7,5,4,5,4,5,3,4,7,5,5,5,4,4,4,4,6,4,5,5,5,4,5,5,5,5,6,5,5,5,6,6,6,3,4,5,6,5,4,3,5,4,4,5,4,5,4,4,4,4,3,6,6,5,4,5,3,4
871,2,2,3,69,69,3,1,8,12,0,5,9,10,1,8,1,7,4,4,1,1,2,5,4,1,4,4,1,1,1,1,1,1,1,2,1,1,1,1,1,1,2,2,10,5,5,3,9,9,6,7,3,2,7,6,5,5,5,8,7,7,5,6,6,6,6,4,4,4,6,6,6,5,6,6,3,4,2,2,4,5,1,5,4,3,3,2,5,2,7,5,7,7,7,5,7,7,7,7,7,7,6,6,5,7,7,7,7,7,5,2,4,2,2,4,7,7,6,1,6,7,6,7,6,4,3,6,7,7,7,6,7,7,6,2,2,4
872,2,1,2,69,69,1,1,3,10,-4,4,10,10,1,5,1,5,2,3,4,5,1,5,6,1,1,5,1,1,1,1,1,1,1,1,1,1,1,2,1,1,2,1,6,6,8,8,10,10,8,8,8,7,8,8,3,3,2,4,7,10,5,7,7,7,7,1,5,5,6,4,3,7,7,7,5,5,4,1,5,5,3,5,3,5,4,3,4,5,5,5,5,7,7,3,7,7,5,7,7,6,6,7,1,7,7,6,6,7,5,3,1,5,1,1,4,7,7,1,4,4,4,4,4,2,4,4,4,3,3,5,7,5,4,1,2,4
873,2,2,1,69,69,1,6,7,12,-3,2,5,8,5,2,1,8,2,1,6,4,4,6,4,1,1,4,2,2,2,1,1,1,2,1,1,2,2,2,1,2,1,2,3,6,7,4,8,8,3,5,6,7,5,5,1,1,1,5,3,4,5,6,4,6,7,3,2,4,4,1,1,7,5,5,5,5,1,7,3,5,2,6,6,4,2,4,6,4,3,7,7,7,7,4,3,7,7,7,7,5,7,7,7,2,6,7,1,6,3,5,1,2,1,7,4,2,4,4,1,5,1,1,6,4,4,7,6,6,5,4,6,7,7,7,2,4
874,2,2,4,21,69,3,3,5,10,-2,5,5,8,3,2,1,8,2,2,1,3,4,4,3,1,1,7,1,2,1,1,1,1,1,1,1,2,1,1,1,1,1,1,5,5,6,6,9,6,5,2,3,7,2,2,1,1,1,1,4,6,5,7,4,6,7,5,2,4,4,1,3,5,7,5,4,6,4,1,5,4,7,4,1,5,3,6,1,1,4,2,2,6,6,6,6,6,4,6,6,7,7,7,7,7,7,7,1,7,1,2,1,3,3,4,5,4,4,7,5,5,1,5,3,1,4,7,7,7,7,7,7,7,7,5,4,4
875,2,2,1,3,3,1,4,5,2,3,2,10,9,3,7,2,5,2,4,4,4,4,6,4,1,1,5,1,1,1,1,1,1,1,1,1,1,1,1,2,1,2,1,5,7,4,3,4,10,8,7,5,7,7,4,7,3,3,5,6,7,5,6,4,6,4,6,6,3,4,2,1,4,4,5,5,5,1,7,7,3,5,3,3,3,6,6,6,4,3,6,7,7,6,7,7,6,7,7,7,7,7,7,7,7,6,7,7,7,6,8,2,4,2,4,4,5,4,5,6,7,2,1,2,2,6,5,7,7,7,6,7,7,6,7,3,4
876,2,1,3,69,69,1,1,6,10,-2,6,8,8,2,5,1,3,2,4,6,3,6,5,4,1,2,5,1,1,2,1,1,2,1,2,1,2,1,2,2,1,2,2,4,5,8,4,9,9,5,3,7,4,5,7,1,1,1,4,6,10,5,6,6,5,5,3,2,2,4,4,4,5,5,5,3,2,1,1,1,6,2,5,4,5,2,3,3,3,4,4,7,7,7,7,7,7,7,7,7,7,7,7,7,7,7,7,7,7,6,2,1,7,1,5,6,7,4,1,5,6,1,2,5,1,7,6,6,7,5,4,6,6,5,4,2,4
877,2,1,4,69,69,3,2,2,2,0,5,10,10,1,10,1,1,2,2,6,7,1,7,7,1,1,1,1,1,1,1,1,1,1,1,1,1,1,2,1,2,1,1,5,5,1,1,10,10,1,1,10,7,5,8,5,1,5,4,10,5,5,7,7,7,7,1,5,5,6,4,6,5,5,6,6,6,4,5,5,7,1,7,2,7,1,1,1,4,5,3,5,5,6,4,7,5,3,7,7,5,5,7,1,7,7,7,7,7,10,1,1,4,1,1,4,1,1,4,1,7,4,5,4,5,5,7,7,7,7,5,7,7,7,1,1,4
878,2,1,5,69,69,4,2,5,2,1,2,8,8,4,5,1,4,1,1,3,4,1,6,6,4,6,1,2,2,1,2,2,1,1,2,2,2,1,2,2,2,2,1,5,5,5,5,10,7,4,3,8,3,5,6,7,10,10,2,5,8,5,7,7,7,7,7,7,6,7,6,6,7,7,7,6,7,6,2,7,7,3,1,3,7,1,1,2,5,2,1,6,7,6,6,4,6,6,7,6,6,7,6,6,5,7,6,6,7,10,1,4,5,1,1,1,1,1,1,1,1,1,1,5,1,1,7,7,7,6,6,7,5,7,7,5,4
879,2,1,5,249,124,3,3,5,2,3,5,1,10,1,9,1,8,2,2,4,4,4,5,4,2,1,6,2,2,2,2,1,2,1,1,1,1,1,1,1,2,2,1,5,2,6,3,7,8,5,5,5,1,5,1,2,1,5,9,7,6,5,6,4,4,5,4,4,4,4,1,3,7,6,5,5,4,4,7,7,4,3,4,3,3,6,4,6,6,5,5,6,5,7,6,7,6,6,7,6,6,6,7,6,7,7,7,7,7,5,3,1,1,1,1,6,5,3,4,5,6,5,3,5,5,5,4,7,5,6,6,7,7,7,5,5,4
880,2,2,4,69,69,4,3,2,10,0,5,8,6,4,4,3,6,2,2,3,5,4,5,4,2,3,5,2,2,2,1,2,2,1,2,1,1,2,1,2,1,1,2,6,2,5,5,7,7,3,3,5,3,4,4,3,3,3,5,7,4,5,5,5,5,5,4,1,3,4,5,5,5,5,4,4,5,2,1,1,4,5,3,4,4,4,3,5,6,5,5,7,5,7,5,6,7,7,7,6,7,4,7,4,7,7,7,7,7,2,6,1,4,1,1,6,5,3,2,4,6,4,4,1,1,1,6,6,4,5,4,6,6,5,4,3,4
881,2,2,3,69,69,3,6,6,11,0,2,7,7,4,6,1,6,2,4,4,4,5,4,7,4,4,4,1,1,2,1,1,2,2,1,1,1,1,2,1,2,2,1,6,6,4,3,10,7,6,7,8,8,9,6,1,5,5,5,5,6,5,4,7,4,4,4,4,4,4,4,4,4,4,4,4,4,4,10,9,4,4,4,4,4,4,4,4,4,4,4,4,4,4,4,3,4,4,4,4,6,6,7,3,7,7,7,7,7,2,5,2,2,5,2,6,4,1,1,6,6,5,6,2,2,5,4,4,3,4,4,5,5,4,4,6,4
882,2,1,4,69,69,3,1,6,2,2,5,6,5,5,6,6,4,2,2,4,5,4,5,5,4,4,5,2,1,1,1,1,1,1,1,1,1,1,1,2,1,1,2,4,4,5,5,6,7,6,6,6,6,6,6,6,5,5,6,6,6,5,4,5,4,4,4,4,4,4,3,3,4,3,5,3,5,4,6,6,4,3,4,4,4,4,4,5,5,5,5,4,4,4,5,5,3,4,5,3,4,4,5,3,5,4,4,5,5,6,6,4,5,4,5,4,4,4,5,5,4,4,4,5,5,4,5,3,4,4,4,4,3,4,4,6,4
883,2,2,5,69,69,2,1,7,12,-4,5,9,9,1,7,1,6,1,4,1,1,4,1,6,1,1,6,1,1,1,1,1,1,1,1,1,1,2,1,2,1,2,2,8,6,10,2,7,8,5,2,10,8,2,3,2,2,1,3,8,5,5,7,6,7,6,4,1,4,2,1,1,7,6,6,4,7,4,1,9,6,2,6,2,6,2,2,4,1,2,5,6,7,7,7,7,7,7,7,7,7,7,7,7,7,6,7,7,7,10,5,1,1,1,1,1,1,5,1,1,1,2,7,1,1,1,1,6,1,5,6,7,6,6,6,2,4
884,2,1,4,69,69,3,1,3,12,-3,4,10,10,1,6,1,5,2,2,4,4,4,4,4,4,4,4,2,2,2,2,2,2,2,2,2,2,2,2,2,2,2,2,6,5,5,5,5,6,6,6,5,5,6,5,5,6,6,5,5,5,5,4,4,4,4,4,4,4,4,4,4,4,4,4,4,4,4,1,1,4,4,4,4,4,4,4,4,4,4,4,4,6,7,7,4,7,7,7,7,6,6,7,7,7,7,7,7,7,5,1,1,4,1,1,4,4,4,4,4,4,4,4,4,4,4,7,7,1,7,6,7,4,7,4,5,4
885,2,2,3,69,69,3,1,5,2,0,5,8,10,3,6,1,7,1,2,2,1,4,5,4,1,1,5,1,2,1,1,1,1,1,2,1,1,1,1,1,2,1,2,7,5,3,3,8,6,3,5,6,2,6,3,3,4,4,5,5,7,5,7,7,5,6,2,2,2,4,4,4,6,6,6,6,5,6,6,6,5,5,5,2,4,4,4,5,5,5,5,6,6,6,6,7,6,6,6,6,7,4,7,1,6,7,7,7,7,4,4,4,1,1,1,6,6,6,1,1,4,5,5,2,2,2,6,7,4,6,4,7,6,6,5,1,4
886,2,2,4,69,69,3,1,4,12,-3,4,10,10,1,2,1,2,1,4,2,7,2,5,7,1,5,4,2,2,2,2,1,1,1,2,1,2,1,1,1,2,1,1,5,5,8,8,10,10,10,2,10,3,5,10,8,10,8,6,5,5,5,7,7,7,4,5,4,2,5,7,6,7,7,7,5,6,7,1,1,6,1,1,3,2,7,1,7,7,7,7,1,7,7,7,7,7,3,1,7,3,7,7,7,7,7,7,7,7,1,1,1,1,1,1,1,5,4,4,4,1,7,7,1,1,1,5,7,4,7,7,6,7,6,1,8,4
887,2,1,3,69,69,1,1,5,12,-2,5,7,8,3,5,1,4,1,1,4,6,2,4,4,1,2,4,1,1,1,1,1,1,1,1,1,1,1,1,1,2,1,1,5,5,8,6,10,7,5,3,9,5,6,5,2,2,2,6,9,6,5,7,6,7,6,4,2,4,4,3,3,7,6,5,4,5,2,2,3,4,3,4,5,5,3,3,4,4,4,4,6,6,7,4,7,6,3,4,5,7,6,7,1,7,6,4,7,7,8,1,1,1,1,1,4,6,4,4,5,6,4,4,3,1,3,4,6,3,5,4,6,7,5,4,2,4
888,2,1,3,69,69,1,1,6,12,0,2,10,10,10,9,10,10,1,1,4,4,5,1,2,1,1,4,1,1,1,1,1,1,1,2,1,1,1,1,1,1,1,1,9,8,1,2,9,10,10,10,10,10,10,10,10,10,9,1,9,9,5,7,7,7,7,4,7,7,7,7,7,4,6,7,7,7,7,10,10,7,7,7,7,7,1,7,1,1,1,1,4,7,4,4,4,1,1,1,4,5,5,6,4,4,5,4,5,4,10,10,1,2,1,1,5,7,4,4,4,4,1,4,4,5,1,4,7,2,1,4,4,4,7,4,4,4
889,2,1,1,69,69,1,6,4,10,-1,2,7,10,2,5,1,5,1,1,1,3,6,5,3,1,3,5,1,2,2,2,2,2,1,1,2,1,2,2,1,2,1,1,7,5,10,9,1,10,2,5,10,10,4,10,2,1,2,9,3,9,5,7,7,7,5,5,1,1,4,5,4,6,5,4,5,5,1,3,3,6,2,5,1,4,6,6,7,3,6,6,7,7,7,6,7,6,6,5,3,5,7,6,4,6,5,5,4,3,6,8,1,1,1,1,2,2,2,6,2,3,6,5,6,4,6,5,4,6,7,6,7,1,5,3,2,4
890,2,1,5,69,69,3,1,7,2,2,7,9,9,4,6,2,5,1,4,6,5,2,5,3,5,5,4,1,1,1,1,2,2,1,2,1,1,1,1,1,1,1,1,8,8,7,7,10,9,6,7,8,3,7,5,4,6,6,7,7,7,5,6,7,6,6,1,5,2,5,5,6,6,6,3,2,1,1,8,8,7,1,7,6,7,1,1,4,2,4,4,6,6,6,6,6,6,6,6,6,6,6,6,6,6,6,6,6,6,8,2,6,7,6,5,1,1,1,5,1,1,4,6,7,3,4,6,6,6,5,4,7,4,7,6,4,4
891,2,2,4,69,69,3,3,4,10,0,2,10,10,1,10,1,2,2,3,7,1,3,6,4,6,4,4,1,1,1,1,1,1,1,1,1,1,1,1,1,2,2,1,6,7,6,6,10,8,6,5,9,6,7,7,1,1,1,7,7,6,5,7,7,7,7,2,4,6,4,4,5,6,7,6,1,5,2,1,1,7,1,7,5,6,2,2,7,4,4,7,7,7,7,7,7,7,7,7,7,7,7,7,7,7,7,7,7,7,3,4,1,7,1,1,6,4,6,1,4,6,2,1,7,4,4,7,7,7,7,7,7,7,4,2,2,4
892,2,2,3,77,77,2,1,5,2,0,2,10,10,4,5,1,5,1,2,4,1,4,4,4,3,3,4,2,1,1,1,1,1,1,1,1,1,1,1,1,2,1,1,5,4,6,6,5,5,5,5,5,5,5,5,5,5,5,6,5,5,5,7,7,7,5,4,4,4,4,4,4,4,4,4,4,4,4,8,8,4,4,4,4,4,4,4,4,4,4,7,4,7,6,7,7,6,7,5,4,6,5,4,7,1,6,4,4,3,5,6,1,2,4,1,4,1,1,5,1,1,3,5,2,3,4,7,6,4,7,7,7,7,4,7,1,4
893,2,1,4,69,69,4,1,3,12,5,2,10,10,1,10,1,1,2,2,7,7,1,7,1,4,7,1,1,1,1,1,1,1,1,1,1,1,1,1,1,1,1,1,10,10,8,8,10,10,9,10,10,10,2,10,10,10,10,10,10,10,5,7,7,7,7,1,6,7,7,7,7,7,7,7,7,7,4,1,10,7,7,7,1,7,1,1,7,7,7,7,7,7,7,7,7,7,7,7,7,7,7,7,7,7,7,7,7,7,10,1,1,1,1,1,1,1,1,6,1,1,1,7,1,1,7,7,7,7,7,7,7,7,7,7,2,4
894,2,1,3,69,69,3,2,6,12,0,2,8,8,1,8,1,5,1,2,5,5,5,3,4,4,1,5,2,2,1,1,1,1,1,1,1,1,1,1,1,1,2,2,5,5,6,3,9,8,2,7,9,8,5,2,1,7,5,3,7,5,5,7,6,6,6,3,1,4,4,4,4,5,6,4,4,4,1,5,5,5,3,4,2,4,6,2,5,4,4,5,7,7,7,6,7,7,6,7,7,7,7,7,7,7,7,7,7,7,2,4,1,3,1,2,5,4,6,2,4,6,6,4,4,4,4,6,6,6,6,6,7,7,6,4,3,4
895,2,2,3,69,69,3,1,8,10,-3,5,8,10,2,5,2,7,2,2,6,4,4,5,6,1,4,4,1,1,1,1,1,2,1,2,1,1,1,1,2,1,2,1,2,2,3,2,7,6,8,6,5,5,3,6,2,2,7,4,5,6,5,4,5,4,4,4,3,4,4,4,4,7,4,6,4,6,1,1,2,6,3,2,1,1,7,7,7,6,7,7,7,7,7,7,7,7,7,7,7,7,7,7,7,7,7,7,7,7,3,9,1,1,1,1,1,1,1,4,1,1,2,1,1,1,7,6,4,4,6,4,6,7,7,4,2,4
896,2,1,4,69,69,4,1,5,10,-4,2,10,10,1,2,1,7,1,1,2,5,5,5,5,1,3,5,2,2,2,2,2,1,2,2,1,1,2,1,2,2,2,1,10,6,3,2,6,6,1,2,10,8,5,8,2,2,2,5,7,10,5,7,7,7,7,2,4,4,4,7,6,7,7,5,4,7,1,1,1,3,7,2,2,2,5,6,7,6,7,7,4,7,7,6,7,7,7,7,7,6,6,7,1,7,7,7,7,7,1,10,1,1,1,1,7,7,1,1,7,7,3,2,5,4,4,6,7,5,7,4,7,7,6,6,2,4
897,2,1,3,69,69,3,1,7,8,3,4,5,6,5,5,1,6,2,2,5,4,5,5,6,4,5,4,2,2,2,1,1,1,1,1,2,1,1,1,2,1,2,2,6,5,6,6,9,6,4,6,7,5,2,5,8,7,8,6,5,6,5,6,5,5,7,4,2,5,5,6,7,5,6,5,5,6,1,1,5,7,2,6,4,6,4,2,5,4,4,4,6,7,7,4,7,7,6,7,7,5,5,7,1,7,7,6,7,7,5,5,1,1,1,1,4,4,4,4,4,4,3,3,3,3,3,6,7,7,5,6,7,7,7,5,6,4
898,2,1,3,69,69,3,1,8,12,-4,8,10,10,1,7,1,7,2,4,6,2,1,5,7,1,1,7,1,1,1,2,1,1,1,1,1,1,1,1,1,1,2,1,7,9,7,2,10,8,1,4,10,2,1,10,1,1,1,2,7,10,5,7,7,7,6,3,1,6,7,1,1,7,7,7,5,7,4,1,9,6,3,7,1,6,2,6,7,7,7,7,7,7,7,7,7,7,7,7,7,7,6,7,7,7,7,7,7,7,1,10,1,7,1,1,1,7,7,1,7,7,6,6,3,1,5,7,5,1,3,4,7,7,2,6,1,4
899,2,2,2,11,11,3,3,4,9,0,3,1,1,4,1,1,10,2,2,4,4,3,2,4,1,1,6,2,2,2,2,1,2,1,1,2,2,2,2,1,1,1,1,5,5,6,6,6,10,1,1,10,5,10,10,5,1,1,1,10,10,5,5,5,5,7,2,4,4,1,1,1,7,7,7,7,6,4,1,1,4,4,4,4,5,4,3,4,4,4,2,4,7,7,4,4,3,6,3,5,7,7,5,1,7,6,7,7,7,8,10,1,1,1,1,4,4,4,4,1,4,4,4,5,1,1,4,7,4,3,3,7,4,7,1,1,4
900,2,2,1,69,69,1,3,3,10,-3,2,1,6,9,1,1,1,3,3,7,7,1,7,7,1,1,1,1,1,1,1,1,1,1,1,1,1,2,1,1,2,2,1,10,5,10,10,10,10,10,10,10,10,4,10,10,1,1,1,10,10,5,7,4,7,7,1,5,7,7,1,3,7,7,7,7,7,4,1,1,7,7,7,7,7,1,1,4,7,1,7,2,1,7,1,5,4,7,4,7,1,1,7,1,7,4,2,7,7,10,5,1,1,1,1,1,7,7,1,3,1,1,1,7,7,7,7,4,1,4,7,4,7,4,4,8,4
901,2,2,3,69,69,1,1,3,2,-3,2,8,8,2,5,1,5,2,2,4,4,4,6,4,4,4,4,2,2,2,2,2,2,2,2,2,2,1,2,2,1,2,2,7,7,4,4,7,7,6,6,6,6,6,6,6,6,6,5,6,6,5,4,1,4,4,4,4,4,4,4,4,4,4,5,4,5,4,5,5,1,7,1,1,1,7,7,6,4,7,5,6,6,6,6,6,6,6,6,6,6,6,6,6,6,6,6,6,6,1,5,1,1,1,1,1,6,3,6,1,1,1,1,6,1,6,6,6,4,6,4,6,7,6,4,5,4
902,2,2,2,69,69,1,4,3,2,-2,4,10,10,1,10,1,1,2,4,4,7,4,5,5,1,1,6,1,1,1,1,1,1,1,1,1,1,1,1,2,2,1,1,8,8,2,2,8,8,9,6,5,4,5,6,4,3,4,6,5,9,5,7,7,7,6,2,4,4,6,4,4,7,7,6,4,5,2,5,5,7,1,7,4,7,1,2,5,1,3,7,7,7,4,7,7,7,7,7,7,7,7,6,7,7,7,7,7,7,7,4,4,1,1,1,1,2,4,4,1,1,1,2,3,1,6,7,7,7,7,7,7,7,7,5,2,4
903,2,2,4,69,69,1,2,5,2,0,4,8,10,3,6,1,6,2,2,5,4,5,5,4,1,1,5,2,2,2,2,1,1,2,1,1,2,2,1,1,2,2,2,6,5,7,6,6,5,6,5,8,6,5,4,2,3,3,4,7,7,5,6,6,6,5,4,2,3,5,4,3,5,5,5,4,5,2,5,6,5,4,5,3,4,5,5,5,5,5,5,5,7,7,5,7,7,6,7,7,5,5,7,1,7,7,6,7,7,3,7,1,1,1,1,5,6,3,1,6,6,7,7,5,3,6,4,6,4,6,6,6,7,6,5,2,4
904,2,2,3,69,69,3,1,5,12,-3,5,7,6,4,5,4,6,2,2,5,4,3,4,4,2,4,5,1,2,2,1,1,2,2,2,1,2,2,2,1,1,2,1,5,5,5,5,6,9,6,6,6,5,5,5,5,5,5,6,6,6,5,5,5,4,4,4,1,4,4,4,4,6,6,4,5,5,5,1,7,4,4,4,4,4,5,4,7,4,5,7,7,7,7,5,7,7,7,7,7,7,7,7,5,7,7,7,7,7,5,6,1,1,1,1,1,1,1,1,1,1,1,1,1,1,4,5,5,4,5,5,7,6,6,5,3,4
905,2,1,3,69,69,3,1,7,2,0,5,9,10,1,8,1,8,2,2,1,1,3,5,1,1,5,2,1,1,1,1,1,1,1,1,1,1,1,2,1,2,2,1,7,6,6,1,10,6,7,4,10,8,3,5,8,6,7,6,9,6,5,7,7,7,6,4,1,1,7,5,6,7,6,5,2,5,1,8,8,6,2,3,4,6,4,3,7,7,3,3,6,7,7,7,7,7,7,7,7,7,6,7,6,6,7,7,7,7,6,4,1,5,1,3,6,7,1,1,1,7,2,3,4,2,5,3,7,7,7,7,7,7,5,2,6,4
906,2,2,4,249,249,3,1,6,2,0,5,7,10,9,6,1,9,2,1,2,1,6,5,4,1,4,5,2,2,2,2,2,2,2,1,2,2,2,1,1,2,2,1,4,1,2,1,2,6,2,1,5,2,1,5,1,2,2,2,2,4,5,7,3,4,3,5,1,1,2,4,5,5,5,2,2,4,4,6,9,1,4,5,3,2,7,5,5,3,5,5,5,6,7,6,6,7,6,5,5,5,7,7,6,6,7,6,2,5,7,2,1,2,1,1,1,4,5,4,1,3,2,2,1,1,2,7,7,5,6,7,6,7,7,6,6,4
907,2,2,2,69,69,2,3,2,2,5,4,10,10,3,7,1,4,1,2,7,7,5,7,4,5,4,6,1,1,1,1,1,1,1,1,1,1,2,1,1,1,2,1,5,1,5,6,4,1,2,3,1,4,2,8,4,5,5,6,5,5,5,7,7,7,6,5,4,4,5,7,5,6,7,4,4,7,7,8,5,6,3,7,1,3,5,5,7,4,7,7,7,7,7,7,7,7,7,7,7,7,7,7,7,7,7,7,7,7,5,2,1,4,1,1,5,7,4,1,1,7,2,4,7,1,7,7,7,5,7,7,7,7,7,7,6,4
908,2,2,1,69,69,1,4,6,10,-3,5,8,8,3,3,1,5,2,3,4,5,5,5,3,1,1,6,1,1,2,1,1,1,1,2,1,1,2,1,1,2,2,1,3,4,7,6,8,6,6,3,9,8,7,7,2,1,1,4,6,5,5,6,2,6,6,3,4,4,4,4,2,6,6,6,5,5,4,1,1,5,6,4,3,4,5,3,5,2,3,5,6,6,7,6,7,6,7,7,7,6,7,7,7,7,7,7,7,7,3,2,1,2,1,3,6,1,6,1,2,6,4,4,4,2,5,6,6,5,6,5,6,6,5,5,2,4
909,2,2,3,69,69,3,1,5,2,0,5,10,10,4,9,1,7,1,4,6,4,4,5,4,1,4,5,1,2,2,2,2,1,1,2,1,1,1,2,1,1,1,1,7,3,6,7,10,10,7,5,9,7,6,5,7,7,5,4,7,8,5,7,6,6,7,2,4,4,6,6,5,7,6,6,4,6,4,5,5,5,2,6,5,6,2,1,6,5,5,6,6,7,7,4,7,7,4,7,6,7,7,7,5,7,7,4,7,7,5,5,3,1,1,3,6,6,1,1,6,6,7,4,4,1,4,6,6,4,7,6,6,6,4,6,3,4
910,2,2,4,69,69,2,3,2,2,0,2,10,10,4,5,1,6,2,2,4,1,1,1,4,4,4,4,2,2,1,1,1,1,1,2,2,1,1,2,1,2,1,1,6,6,7,3,10,10,6,2,7,5,6,1,1,1,5,5,1,6,5,7,7,7,7,1,4,4,7,7,7,7,7,4,4,7,1,6,4,6,1,6,4,6,4,3,5,7,5,5,6,6,6,4,4,7,4,4,4,6,4,7,1,6,6,4,7,7,6,1,1,3,1,1,4,6,4,1,4,4,1,2,1,1,6,7,7,7,7,7,7,7,7,4,5,4
911,2,2,5,69,69,3,1,5,12,-5,4,9,3,1,7,1,9,2,2,1,1,2,5,4,1,4,5,1,1,1,1,1,1,1,2,1,2,1,2,2,2,2,2,7,5,8,6,10,8,10,2,5,7,6,5,1,1,1,6,8,7,5,7,4,6,5,4,2,4,3,5,4,5,5,4,2,5,2,2,5,5,6,4,3,2,4,6,7,6,6,7,7,7,7,7,7,7,7,7,7,7,7,7,6,7,6,7,7,7,1,5,4,1,1,6,6,6,1,1,5,6,3,4,6,4,6,7,7,6,6,6,7,7,6,4,1,4
912,2,2,3,69,69,3,3,7,12,-3,4,10,10,2,2,1,8,1,2,5,3,2,5,6,1,1,4,2,2,2,2,1,1,1,1,2,1,2,1,1,2,2,1,5,5,6,3,9,9,7,5,6,9,10,6,1,2,2,5,2,6,5,7,7,5,3,5,3,2,3,6,5,7,5,5,2,7,1,4,4,2,5,2,2,2,6,6,5,1,5,5,7,7,6,6,7,7,6,6,7,7,7,6,5,7,7,7,7,7,3,5,1,6,3,2,1,1,5,1,1,5,1,6,5,1,2,5,6,6,7,6,6,6,5,5,4,4
913,2,2,3,69,69,1,1,3,9,-5,4,10,10,1,8,1,1,2,2,5,2,2,5,5,1,4,4,1,1,2,1,1,1,2,1,1,2,1,2,1,2,1,1,10,4,6,7,10,10,8,5,10,5,3,5,1,2,6,6,1,10,5,7,1,6,6,3,1,4,5,4,5,7,7,4,5,4,4,1,1,2,3,2,2,5,2,3,1,2,6,3,7,7,7,7,3,7,5,6,6,7,7,7,7,2,7,6,7,7,5,1,1,4,1,2,7,5,6,1,5,7,1,2,3,1,3,5,7,3,6,7,7,7,5,3,2,4
914,2,2,3,69,69,3,1,6,10,-2,4,10,10,1,7,1,7,2,2,5,1,6,5,4,1,1,4,1,1,2,1,1,2,1,2,2,1,2,1,1,2,1,1,4,3,7,5,10,6,5,6,10,10,8,8,2,2,1,6,8,5,5,7,7,1,6,5,2,1,4,7,6,7,5,6,4,6,1,1,3,7,1,5,1,5,6,7,6,1,7,7,6,7,7,7,7,7,7,7,7,6,7,7,6,7,7,7,7,7,1,8,1,1,1,1,1,1,4,4,1,6,7,5,1,1,7,4,7,4,6,7,7,6,6,1,1,4
915,2,2,3,69,69,3,1,7,2,0,5,7,8,3,2,1,3,2,2,3,1,5,6,4,2,4,4,2,2,1,1,1,2,1,2,1,2,1,2,1,2,2,1,5,5,5,5,7,5,1,2,5,3,3,1,5,1,2,6,8,1,5,7,6,5,6,3,1,1,4,5,7,5,5,4,4,4,5,5,2,7,3,7,2,6,4,4,5,5,5,7,7,7,7,6,6,7,6,6,6,6,7,7,7,7,7,6,7,7,1,4,1,1,1,1,5,5,5,3,6,5,5,3,5,3,5,4,7,5,7,6,7,6,7,3,4,4
916,2,2,3,69,69,3,1,5,10,4,2,8,9,1,6,1,5,2,3,6,1,2,5,4,7,5,3,1,1,1,1,1,1,1,1,1,1,1,1,2,2,2,1,5,6,9,3,8,6,5,5,8,1,2,4,5,1,8,10,1,8,5,7,5,6,7,2,6,7,5,7,7,7,7,6,5,6,4,2,1,7,1,6,6,7,1,1,5,1,2,5,7,7,7,7,7,6,7,7,7,5,7,7,5,7,7,7,7,7,2,1,1,1,1,1,6,6,1,1,7,7,7,7,5,1,5,6,2,6,5,6,6,7,5,2,5,4
917,2,2,4,69,69,2,3,5,2,2,5,10,10,1,7,1,7,2,2,4,4,5,5,4,1,1,4,1,1,1,1,1,1,1,1,2,2,1,1,2,1,2,1,5,5,5,4,9,9,1,1,2,9,1,5,1,1,1,6,1,4,5,6,6,5,5,5,2,4,4,4,3,5,5,3,4,2,4,9,6,6,4,4,3,4,4,4,5,6,6,5,7,7,7,7,7,7,7,7,7,7,7,7,4,7,7,7,7,7,4,5,1,1,1,1,1,1,1,4,1,1,4,2,6,1,5,4,7,4,7,7,7,7,7,5,5,4
918,2,2,4,69,69,3,1,5,2,-4,2,9,9,4,8,1,6,2,2,2,2,4,4,4,6,4,3,1,1,1,1,1,1,1,1,1,1,1,1,1,2,2,1,5,5,6,6,6,5,5,5,6,5,5,5,5,5,5,4,5,5,5,7,7,7,7,4,1,4,6,4,5,7,7,4,7,5,4,1,1,5,6,3,2,3,5,3,7,5,7,7,7,7,7,6,7,7,7,7,7,7,7,7,7,7,7,7,7,7,1,5,1,1,1,1,4,4,4,4,4,4,3,5,3,3,3,6,7,6,7,7,7,7,7,5,4,4
919,2,2,5,45,69,4,1,7,2,1,5,9,8,2,5,1,7,2,2,1,1,4,5,4,1,3,3,2,2,2,2,2,2,2,2,2,2,2,1,2,2,2,2,7,7,4,4,8,7,5,6,8,8,7,7,7,7,7,5,9,9,5,7,7,7,6,3,3,3,6,6,6,5,5,4,5,4,4,3,7,5,2,5,5,4,5,6,6,5,6,5,7,7,6,7,5,7,7,7,7,6,6,6,5,5,7,6,7,7,3,9,4,4,2,3,5,4,3,2,4,6,6,4,3,2,3,2,6,5,6,4,7,6,6,5,2,4
920,2,2,5,69,69,3,6,5,2,-3,6,7,7,3,4,2,7,2,2,1,1,4,4,5,2,2,4,2,2,2,2,2,2,2,2,2,2,2,2,2,1,2,2,3,3,4,2,5,7,2,5,8,5,4,3,3,5,3,6,5,7,5,6,6,5,3,6,4,3,4,2,3,5,5,5,4,3,3,6,6,3,6,3,3,3,6,5,3,5,4,4,7,7,7,7,7,7,7,7,7,7,7,7,7,7,7,7,7,7,3,6,1,1,1,1,3,3,4,4,4,3,3,3,4,3,3,4,6,5,6,5,6,4,5,6,3,4
921,2,2,5,69,69,5,5,4,2,-3,4,8,7,1,5,1,4,1,4,3,4,3,5,4,1,3,5,1,2,1,2,1,1,2,2,1,2,1,1,2,2,2,2,5,5,4,4,8,7,4,5,6,6,6,5,4,6,7,5,7,7,5,7,7,6,6,4,2,2,5,4,5,6,6,5,4,5,2,5,4,3,4,3,4,4,4,4,5,6,5,5,6,6,6,5,7,6,7,6,7,6,7,7,3,7,6,7,7,7,6,3,1,1,1,1,6,7,3,1,4,6,5,3,5,2,3,5,7,5,5,6,7,7,5,5,2,4
922,2,2,5,69,69,3,1,6,2,-2,2,10,10,2,7,2,4,2,2,4,2,4,5,4,1,3,5,1,1,1,1,1,1,1,1,1,1,1,1,1,2,1,2,6,6,6,4,7,6,5,4,7,6,4,5,3,5,5,6,4,5,5,7,7,7,5,4,3,4,5,5,5,5,5,5,4,5,3,2,4,5,5,5,4,5,3,4,5,4,5,5,6,6,6,6,6,6,6,6,6,7,7,7,7,7,7,7,7,7,5,5,1,1,1,1,5,5,4,4,4,5,5,5,5,4,3,5,7,5,7,5,7,6,7,6,3,4
923,2,2,1,69,69,2,4,5,12,-5,3,8,7,1,6,2,10,1,3,1,4,5,5,6,1,1,4,1,2,2,1,1,1,1,1,1,2,2,1,1,2,2,1,8,4,8,6,10,4,4,3,9,5,3,3,1,1,2,6,5,9,5,6,4,7,5,4,4,5,5,4,1,7,6,7,4,6,2,1,4,6,1,5,3,6,5,2,7,4,7,7,6,7,7,3,7,3,5,7,7,6,7,6,1,7,7,7,7,7,4,5,1,1,1,1,7,4,1,1,7,7,6,2,4,3,5,4,6,1,5,6,7,7,7,2,2,4
924,2,2,4,69,69,3,2,6,10,1,4,9,10,6,8,1,3,1,3,7,6,1,7,6,1,6,5,1,1,1,2,1,1,1,2,2,2,2,2,2,2,2,2,5,4,6,4,7,8,4,5,7,8,5,6,4,3,8,8,3,9,5,7,7,5,6,2,2,4,5,4,5,7,7,7,4,4,5,4,4,7,1,7,5,6,1,1,4,1,1,4,5,7,7,5,7,7,7,7,7,4,4,7,3,7,7,7,7,7,7,1,1,1,1,1,7,4,3,1,6,7,4,1,6,1,7,2,7,4,7,6,6,7,7,2,2,4
925,2,2,4,69,69,3,3,6,2,-4,2,9,10,4,8,1,5,2,1,4,4,4,5,5,5,4,4,1,1,1,1,1,2,1,2,1,2,1,2,2,1,2,2,8,4,4,4,4,7,1,10,2,3,2,2,2,1,2,8,2,2,5,4,4,4,4,5,4,3,5,4,5,5,6,4,4,6,4,7,6,7,6,6,5,3,6,5,5,4,4,4,6,5,6,6,7,5,7,6,6,6,5,5,4,7,3,5,7,1,5,5,1,1,1,1,4,4,4,4,4,4,3,2,3,3,2,6,6,5,5,6,7,5,5,5,3,4
926,2,2,3,69,69,3,1,6,11,0,5,7,8,5,6,2,4,2,1,6,3,4,6,4,3,2,6,1,1,1,1,1,1,1,1,2,2,1,2,1,2,1,2,7,8,5,4,9,9,6,4,7,6,6,5,4,3,3,4,6,6,5,7,5,6,7,3,4,5,4,3,2,6,7,5,4,4,1,3,8,5,5,5,4,5,3,3,4,3,2,4,6,6,7,6,6,6,5,5,6,6,6,7,7,6,6,6,6,6,7,4,2,2,2,2,5,2,5,1,2,5,5,6,2,1,3,6,6,4,4,3,5,6,5,5,3,3
927,2,1,2,177,177,3,1,7,3,2,5,10,10,3,7,1,6,2,4,7,4,4,7,2,4,4,4,1,1,1,2,1,1,1,1,1,1,2,2,1,2,1,2,6,6,6,5,10,10,7,8,8,7,9,7,6,5,9,4,8,8,5,6,4,6,4,4,5,4,4,4,5,5,4,5,5,5,4,9,9,7,6,6,6,5,6,6,5,6,5,6,7,5,6,7,7,6,7,7,7,6,5,6,7,5,6,7,7,7,9,9,5,5,3,5,4,6,6,4,6,6,1,2,3,1,7,5,7,4,7,6,7,1,7,7,5,3
928,2,1,2,69,69,2,1,7,2,2,4,9,8,1,6,1,4,1,4,6,4,4,6,2,1,4,6,2,2,2,1,2,2,1,1,2,1,2,2,1,1,2,2,6,7,6,3,4,7,4,7,8,7,4,5,6,6,7,3,5,5,5,3,3,5,5,3,5,3,5,3,4,2,3,3,4,5,6,2,7,2,3,2,3,5,5,4,5,3,4,6,2,3,5,4,4,2,3,5,4,3,2,4,2,6,6,4,5,5,6,5,5,4,6,3,5,5,5,4,3,5,4,5,3,6,3,7,4,5,4,5,4,3,3,6,3,3
929,2,1,2,69,69,1,1,7,12,2,4,6,8,5,6,3,6,2,4,3,3,5,3,4,3,4,4,2,1,1,1,1,1,1,2,1,1,2,1,1,1,1,2,5,6,6,7,7,6,5,5,5,5,6,7,6,7,6,7,3,4,5,5,6,5,5,5,3,5,5,3,5,4,5,3,5,4,4,3,2,5,4,5,5,6,5,5,3,2,4,6,6,5,5,6,3,5,4,6,2,6,6,6,6,6,5,4,5,6,4,4,1,2,2,2,5,3,4,1,3,4,4,3,5,3,2,5,5,4,5,3,5,5,4,4,4,3
930,2,1,2,69,69,4,1,6,12,0,8,10,10,1,10,1,5,2,3,7,7,4,7,4,4,1,7,1,1,1,1,1,1,1,1,1,1,1,1,1,1,1,1,7,7,7,4,8,10,8,8,7,8,6,7,6,5,1,1,8,8,5,7,7,7,7,4,4,4,4,4,4,7,7,4,4,7,4,1,10,7,7,7,7,7,4,1,7,4,7,7,7,7,7,7,7,7,7,7,7,7,7,7,7,7,7,7,7,7,5,5,4,7,7,7,1,1,1,7,1,1,4,4,7,1,7,7,7,7,7,7,7,7,7,7,3,3
931,2,2,1,69,69,2,1,6,9,-3,5,9,9,1,6,1,3,2,3,5,3,4,5,4,1,3,5,1,1,2,1,1,2,1,2,1,1,1,1,2,2,2,2,8,6,6,2,10,8,7,4,6,7,5,5,5,5,4,7,6,6,5,6,6,5,6,3,5,4,4,5,2,5,5,4,4,5,1,4,5,5,6,3,2,3,5,5,7,5,5,5,6,7,7,6,7,6,7,7,7,6,7,7,5,7,7,7,7,7,3,2,4,5,3,2,3,3,4,5,4,5,5,6,6,3,6,4,4,4,5,5,7,5,4,3,1,3
932,2,2,2,49,49,1,1,6,11,3,4,6,10,2,3,2,10,2,3,7,5,7,4,5,1,1,6,2,2,2,2,2,1,2,1,1,2,1,1,1,1,1,1,2,2,3,2,2,4,4,2,5,2,3,6,2,2,7,7,8,5,5,7,7,6,6,6,5,6,3,6,6,6,6,6,6,6,1,9,10,7,1,7,1,5,7,3,7,7,7,7,5,7,7,7,7,7,7,7,7,4,5,7,7,7,7,7,7,7,4,8,1,4,1,4,6,6,1,1,6,6,6,6,1,1,4,7,7,4,6,6,7,6,5,6,3,3
933,2,1,1,57,69,3,2,7,1,2,5,7,8,8,7,6,5,2,1,2,6,6,5,6,3,5,4,1,1,1,2,2,1,1,2,1,1,2,2,1,1,1,1,7,9,5,3,6,7,7,8,7,7,7,6,7,8,8,4,8,9,5,1,2,2,3,3,3,2,3,3,2,6,3,2,5,3,2,8,8,3,3,3,5,2,3,2,5,5,2,5,2,2,5,4,3,3,4,2,3,7,6,7,5,7,4,6,6,5,8,8,7,5,6,7,3,3,6,5,5,4,3,3,4,4,2,4,3,3,2,2,2,4,5,2,4,3
934,2,1,3,69,69,1,3,6,10,0,4,5,10,1,3,1,6,2,1,5,1,1,5,4,1,1,5,1,1,1,2,1,1,1,2,1,1,2,1,1,2,1,1,1,1,5,4,10,8,5,1,3,7,1,3,8,4,5,6,3,4,5,7,1,7,7,3,1,5,5,7,4,7,7,7,5,7,4,1,1,4,5,4,3,6,2,5,6,3,5,6,7,7,7,7,7,7,7,7,7,7,7,7,7,7,7,7,7,1,1,3,1,2,1,1,6,3,2,1,5,5,7,1,4,1,2,1,7,5,7,4,7,7,5,5,6,3
935,2,2,2,69,69,2,1,5,10,0,5,7,8,3,5,1,6,3,1,5,4,5,4,5,2,3,5,1,1,1,1,1,2,1,1,1,2,2,1,2,2,2,2,4,4,4,4,8,6,6,3,7,5,5,4,6,2,2,7,1,6,5,7,5,5,7,2,4,2,5,4,5,7,6,7,6,5,2,1,1,7,2,6,2,5,3,2,5,4,5,4,7,7,6,5,7,6,6,6,6,7,7,6,6,7,7,7,7,7,4,6,1,6,4,5,1,5,7,1,5,5,5,4,4,3,6,7,6,6,6,5,7,7,6,7,2,3
936,2,1,3,4,69,3,1,9,10,0,5,9,10,7,7,1,9,1,2,5,4,3,4,3,1,3,2,1,2,2,2,1,1,2,2,1,1,2,2,1,2,2,1,3,2,4,4,9,7,8,5,3,2,8,8,6,7,5,7,6,7,5,5,5,2,3,5,2,6,4,5,2,4,6,3,2,3,5,9,4,2,2,4,5,4,3,5,6,3,2,3,3,7,6,5,3,2,2,2,5,6,3,1,2,6,4,4,5,5,9,3,1,4,3,3,6,4,2,3,2,4,3,4,3,7,2,6,2,4,2,4,3,2,4,4,3,3
937,2,1,5,69,69,3,1,8,2,4,5,9,10,5,8,4,9,2,2,2,5,5,4,4,4,5,6,2,2,1,2,1,2,1,2,2,2,2,2,2,2,2,2,4,5,5,4,6,7,6,5,6,7,8,7,8,6,7,4,7,6,5,6,6,6,6,6,5,5,6,7,7,6,6,6,6,6,6,2,5,4,5,5,5,5,6,5,7,4,6,7,6,6,6,6,6,6,6,6,6,7,7,7,7,1,7,1,1,1,6,4,1,1,1,1,1,1,2,2,1,1,1,1,1,1,1,4,7,7,7,7,6,7,4,7,6,3
938,2,2,4,69,69,3,1,5,12,-3,4,10,8,2,5,1,7,2,2,5,4,2,5,4,1,2,3,2,2,2,2,1,1,1,2,2,2,2,2,1,1,2,2,6,4,8,4,6,10,3,2,6,7,3,4,5,5,5,5,7,5,5,7,7,6,5,5,2,4,3,5,6,6,5,5,3,5,2,1,1,5,6,2,2,2,6,6,7,7,6,4,6,6,7,6,7,7,7,7,7,6,5,6,5,6,6,6,6,7,3,7,1,2,1,1,2,2,4,5,1,2,6,7,4,4,5,5,4,5,7,7,7,7,6,4,7,3
939,2,1,1,69,69,1,2,6,2,4,5,8,10,4,5,1,4,2,4,6,2,5,6,3,1,2,6,1,2,2,2,2,1,1,1,1,1,1,2,2,1,1,2,8,7,7,6,10,10,4,1,4,4,6,3,1,1,2,9,7,7,5,7,7,7,5,3,2,2,4,3,6,5,6,5,4,6,1,7,6,7,1,6,7,7,3,2,3,3,5,5,7,7,7,7,7,7,7,7,7,5,7,6,7,5,6,5,6,6,4,1,4,4,3,5,6,4,2,2,6,6,6,2,4,1,2,7,7,6,6,5,7,7,7,7,1,3
940,2,2,2,69,69,3,1,7,10,-4,5,10,10,1,8,1,4,2,4,6,5,2,7,4,1,1,6,1,1,1,1,1,1,1,2,1,2,1,1,1,1,2,1,9,10,9,9,10,10,10,5,9,9,3,9,8,2,9,3,9,10,5,7,6,7,2,6,7,7,4,3,6,2,3,3,6,1,1,1,3,1,4,3,1,1,7,6,6,7,7,6,7,7,6,7,6,7,7,7,7,7,6,7,6,7,7,7,7,7,5,7,1,7,4,4,6,7,4,1,5,6,7,4,4,4,5,6,7,5,5,4,7,4,6,1,1,3
941,2,1,4,69,69,2,3,1,11,-3,3,6,5,2,2,1,7,1,2,4,4,4,5,2,1,1,7,1,1,2,2,1,2,2,2,1,2,2,2,1,1,2,2,7,1,5,1,10,10,4,4,7,7,2,5,1,1,1,1,4,9,5,7,6,5,3,4,2,4,1,1,1,5,4,5,3,5,1,2,7,2,7,3,1,1,6,5,5,4,4,5,5,7,7,6,7,6,7,7,6,5,1,7,1,7,5,7,7,7,2,5,1,1,1,1,2,4,4,1,2,5,1,4,4,1,6,6,5,5,4,4,7,6,3,4,1,3
942,2,2,2,69,69,2,1,6,2,2,4,9,9,1,7,3,4,2,4,2,5,7,5,4,1,4,3,1,2,2,1,1,2,1,2,1,1,1,2,2,2,2,2,7,6,6,6,8,6,6,3,7,8,3,6,7,3,6,6,4,6,5,6,7,7,6,2,2,4,5,5,6,5,6,3,5,6,1,6,5,7,2,6,3,5,3,3,7,2,3,7,7,5,7,5,7,7,7,7,6,7,5,7,5,7,7,7,7,7,7,7,2,2,2,3,6,1,6,1,5,6,5,4,6,3,4,6,5,5,6,5,6,6,5,2,2,3
943,2,2,3,69,69,3,1,6,10,-3,5,6,6,4,3,1,7,2,4,1,1,5,2,2,1,3,5,2,2,1,2,1,1,1,2,2,1,2,2,1,2,1,1,4,2,6,7,9,6,1,1,7,7,4,2,2,1,2,6,7,5,5,6,6,5,4,3,2,2,2,3,5,5,5,5,3,2,2,1,1,5,6,3,2,2,6,3,5,6,2,5,7,7,7,6,7,7,5,7,6,6,7,7,4,7,7,5,7,7,3,2,1,3,1,1,7,6,1,1,4,7,5,1,5,3,7,6,5,3,6,7,6,5,5,2,2,3
944,2,2,3,69,69,3,1,7,2,0,4,9,10,2,8,1,6,1,4,5,1,3,6,5,4,4,5,1,1,1,1,1,1,1,1,1,1,1,1,1,1,1,1,6,10,4,4,7,8,5,8,7,6,6,7,6,7,7,5,7,7,5,6,5,3,7,4,4,5,6,5,4,6,6,3,5,6,7,5,7,7,3,5,5,6,3,7,6,5,5,6,7,7,7,7,7,7,7,7,7,7,7,7,7,7,7,7,7,7,9,9,1,3,2,2,1,1,1,2,1,2,2,3,3,1,4,6,4,5,5,6,7,6,6,5,3,3
945,2,1,3,69,69,3,3,6,1,1,2,10,10,1,9,1,4,1,4,6,6,4,7,4,4,5,4,1,1,1,1,1,2,1,2,1,1,1,1,2,2,2,1,5,5,7,5,5,7,8,6,6,8,7,8,7,8,6,4,8,6,5,5,6,4,7,5,5,5,4,5,6,5,4,5,4,5,6,5,7,4,5,5,4,5,4,4,5,5,4,5,4,5,5,5,4,4,5,3,5,3,3,4,4,3,5,4,5,4,5,7,5,5,3,4,4,5,5,5,4,5,5,4,6,5,4,4,5,5,3,4,5,4,5,3,4,3
946,2,2,3,69,69,3,1,7,10,0,5,10,10,3,5,1,7,1,2,4,5,3,5,5,4,3,4,2,2,1,1,1,1,1,1,1,1,1,1,2,2,2,2,8,8,6,3,6,6,3,3,3,5,4,3,3,1,1,6,3,3,5,3,3,4,4,4,3,4,4,3,3,5,3,4,3,3,2,1,1,6,3,4,4,3,6,3,3,4,3,3,7,7,7,5,7,7,7,7,7,7,7,7,4,7,7,7,7,7,3,3,1,5,1,1,1,3,1,4,1,1,6,4,4,1,6,4,5,6,6,5,5,4,4,5,3,3
947,2,1,3,249,69,3,1,7,2,-1,5,10,10,6,10,2,10,2,1,6,3,5,5,1,1,1,4,1,1,1,1,1,1,1,1,1,1,1,1,1,1,1,1,6,4,1,1,10,6,3,2,10,2,2,2,2,2,2,8,10,3,5,7,6,7,7,5,4,4,5,5,5,7,7,4,7,7,4,7,7,5,5,4,5,4,7,7,7,7,5,7,7,4,7,7,7,7,7,7,6,7,5,7,7,7,7,7,7,7,2,10,3,7,5,7,4,4,4,5,1,5,2,1,7,4,5,7,7,4,7,7,7,7,7,5,7,3
948,2,1,3,69,69,3,1,6,12,2,6,9,10,2,8,1,3,2,2,2,3,4,5,6,4,6,2,1,1,1,1,2,2,1,2,2,1,1,1,2,1,2,2,5,7,8,9,9,10,3,6,7,4,6,4,5,4,7,8,4,9,5,6,5,5,7,2,3,3,6,7,6,5,7,6,6,5,1,1,8,6,1,6,6,7,2,2,3,4,2,5,6,6,7,6,7,6,6,7,7,6,7,7,7,7,6,6,7,7,7,6,1,1,1,3,3,3,1,5,3,3,3,3,4,1,4,6,6,6,6,6,7,7,6,3,6,3
949,2,1,4,69,69,3,3,5,10,-5,5,8,9,1,4,1,2,2,2,7,6,3,6,5,1,1,7,1,1,1,1,1,1,1,1,1,1,1,1,1,2,1,1,8,9,5,3,10,10,8,6,9,8,3,8,3,2,2,4,10,10,5,6,5,5,6,2,5,5,2,4,2,5,5,5,4,5,2,2,5,1,6,2,1,1,6,5,6,3,4,6,6,6,6,4,6,6,6,6,6,6,6,4,1,6,6,6,6,6,1,8,1,1,1,1,6,6,6,1,6,6,4,3,3,3,4,3,7,2,6,7,7,7,7,7,1,3
950,2,1,3,69,69,1,3,7,2,0,2,10,10,9,6,2,6,1,1,4,6,4,5,4,1,5,5,2,1,1,1,1,2,1,1,1,1,1,1,1,2,1,1,5,5,8,8,10,7,5,5,4,5,5,5,8,8,3,2,10,5,5,7,7,7,6,3,4,4,6,7,4,5,5,4,4,5,4,3,3,6,2,7,1,4,4,2,7,4,7,6,7,7,7,7,7,7,7,7,7,5,7,7,4,7,7,7,7,7,1,2,1,2,1,1,1,1,4,4,1,1,3,3,3,1,4,4,6,5,6,6,7,7,7,4,5,3
951,2,1,3,69,69,3,1,5,10,-1,4,7,8,4,5,1,7,2,2,3,1,4,4,6,1,6,3,1,1,1,1,1,1,1,2,1,2,1,2,1,1,1,1,4,4,5,5,7,7,3,4,7,6,7,4,7,6,7,7,7,7,5,6,7,6,5,4,5,5,5,5,6,5,6,5,5,5,2,1,1,5,6,5,3,4,4,6,6,6,6,5,5,6,5,6,4,7,6,6,7,5,6,7,7,7,6,7,7,7,1,10,1,2,1,1,7,3,1,1,7,7,7,4,2,3,3,6,7,4,6,7,7,5,7,4,5,3
952,2,2,3,69,69,1,1,5,11,1,4,9,9,4,1,1,5,2,2,4,5,3,5,4,1,2,5,1,2,1,1,2,2,1,2,1,1,2,1,1,2,2,1,5,7,8,5,8,5,8,7,9,9,7,7,5,6,4,3,7,5,5,6,7,4,4,4,2,3,4,4,3,6,7,5,5,6,1,4,7,5,4,5,3,3,5,4,7,2,5,6,5,6,6,7,7,6,7,7,7,7,6,7,6,7,7,6,7,7,1,7,1,5,2,5,2,3,2,4,2,1,4,4,2,2,2,6,7,4,6,7,7,7,6,6,1,3
953,2,2,3,69,69,3,1,7,12,-1,4,10,10,1,6,1,8,2,2,3,1,5,4,4,1,3,6,2,2,2,1,2,1,1,2,1,2,2,1,1,2,2,2,2,3,2,1,10,4,5,5,5,5,4,1,4,3,4,4,6,5,5,6,6,5,5,2,2,4,5,6,4,6,5,6,5,6,4,3,5,7,5,6,4,4,5,2,7,5,5,6,6,7,7,7,7,7,6,7,7,7,7,7,7,7,7,6,7,7,5,5,1,6,1,4,4,3,3,1,1,6,3,6,1,1,3,4,7,6,7,6,7,7,5,6,6,3
954,2,2,3,69,69,2,3,6,2,2,5,8,6,3,3,1,7,2,3,5,1,5,6,7,1,1,7,2,2,2,2,1,1,2,1,2,2,2,1,2,2,2,2,5,6,7,8,8,8,5,6,8,7,3,4,1,1,1,3,7,7,5,7,7,6,6,3,2,4,5,2,3,7,6,5,4,5,1,6,9,6,2,6,5,5,4,2,5,4,4,5,5,7,6,6,7,6,7,7,7,6,7,7,7,7,7,7,7,1,4,8,4,7,7,5,6,6,1,1,5,7,1,2,5,1,7,7,7,4,7,6,7,7,6,5,2,3
955,2,2,3,69,69,2,1,6,2,4,7,10,10,1,8,1,4,2,4,2,2,2,6,1,1,1,3,1,1,1,1,1,1,1,2,1,2,1,1,1,2,2,2,7,8,5,2,10,6,8,5,6,6,6,6,6,4,2,5,9,8,5,7,6,5,5,3,2,2,5,4,2,6,5,6,4,5,2,9,8,7,1,7,2,7,1,1,3,5,6,2,7,7,7,7,7,7,7,7,7,7,6,7,7,7,7,7,7,7,3,9,1,5,1,1,6,6,4,1,7,6,2,2,7,4,7,6,7,7,7,6,7,6,6,7,3,3
956,2,2,3,69,69,3,1,8,2,0,8,9,8,7,8,1,7,2,2,5,4,4,4,5,5,5,5,1,1,1,2,2,1,1,1,1,1,1,1,1,1,1,1,5,6,4,7,6,4,7,7,5,5,6,5,5,5,7,5,5,5,5,4,5,5,6,5,6,5,5,4,6,5,5,4,4,5,5,7,7,5,5,5,6,5,6,6,5,6,4,5,4,4,5,5,5,5,5,5,6,6,6,6,5,6,6,6,6,6,7,7,5,5,4,4,5,4,5,4,5,5,2,2,2,2,2,5,5,4,5,4,4,5,5,5,6,3
957,2,1,1,1,3,1,1,2,4,0,2,10,10,1,6,1,5,1,2,4,4,3,5,4,1,1,4,1,1,1,2,1,2,2,2,1,2,1,1,1,1,2,2,7,7,4,3,5,6,6,7,6,7,7,7,7,7,7,5,6,8,5,2,1,1,2,4,4,3,5,1,3,3,7,3,4,6,3,8,8,7,2,6,4,6,2,7,2,2,7,6,7,7,3,1,1,2,1,7,4,6,3,7,3,3,6,7,7,5,7,9,6,2,5,4,4,5,2,3,3,5,5,2,5,3,2,6,4,3,1,4,5,4,5,4,6,3
958,2,2,5,69,69,3,1,8,9,-5,4,5,6,3,1,2,8,2,2,1,2,5,1,5,1,1,5,2,1,2,1,1,1,2,1,1,1,1,1,2,1,2,2,4,3,4,3,5,7,6,7,5,5,5,5,6,7,2,4,5,6,5,6,7,5,4,3,3,4,5,4,1,3,5,3,3,3,1,1,4,1,5,4,1,1,6,5,5,2,4,6,5,6,6,5,6,6,5,6,5,5,7,7,6,7,7,7,7,6,9,8,1,1,1,1,1,1,4,5,1,1,2,6,5,1,2,5,3,4,5,6,6,6,5,3,4,3
959,2,2,6,69,69,4,3,5,2,0,2,8,8,2,8,2,8,2,2,4,5,4,2,2,4,4,1,1,1,1,1,1,1,1,1,1,1,1,1,1,2,1,1,7,6,4,5,7,6,3,6,6,7,4,7,5,6,5,6,6,5,5,7,7,3,6,4,4,4,4,5,3,6,6,5,4,4,3,6,6,5,5,5,3,3,6,5,6,4,4,7,6,6,6,6,6,7,7,6,6,7,7,7,6,7,7,7,1,1,6,5,1,1,1,2,4,4,4,6,4,1,1,1,1,1,7,6,7,7,6,6,7,7,4,6,4,3
960,2,2,1,69,69,1,4,7,2,-3,5,9,6,2,6,1,7,2,2,3,1,5,6,6,1,1,6,2,2,1,2,1,1,1,1,1,1,2,1,2,2,2,2,7,6,8,4,9,9,7,4,8,9,5,8,1,1,2,6,6,7,5,6,5,6,7,5,6,7,4,3,2,7,5,5,4,6,1,7,8,7,6,5,3,2,5,3,7,4,4,7,5,5,7,4,7,7,7,7,7,5,6,7,7,7,7,7,7,7,2,7,1,1,1,1,7,1,1,1,1,7,4,1,6,2,6,3,6,2,6,4,6,6,6,2,1,2
961,2,1,4,69,69,1,1,4,10,2,6,8,6,5,4,1,6,2,2,5,5,3,5,5,1,2,5,1,1,1,1,2,1,1,2,1,1,1,2,2,1,2,2,4,2,7,4,10,10,2,2,10,3,6,7,4,5,2,5,5,9,5,6,5,2,6,3,5,5,5,2,5,7,7,5,1,2,1,2,1,7,1,6,5,6,3,3,2,4,3,2,5,5,6,3,6,7,5,6,7,6,3,6,3,7,7,6,7,7,8,3,1,2,1,1,5,5,2,1,3,5,4,6,5,3,3,5,6,7,5,6,6,7,5,2,3,2
962,2,2,4,69,69,3,2,4,2,-1,5,8,9,2,2,2,8,2,4,6,1,4,5,4,1,3,5,2,2,2,2,2,2,2,2,2,1,1,1,2,2,2,2,6,6,6,5,6,6,6,8,6,6,6,7,3,4,2,4,5,7,5,7,7,7,7,3,1,1,3,5,5,7,7,2,3,3,2,3,5,6,7,2,1,1,7,7,7,5,7,7,7,7,7,7,7,6,7,7,7,6,7,7,4,7,7,7,7,7,2,8,1,1,1,1,2,2,2,2,2,2,4,1,1,1,1,6,7,6,6,7,7,6,5,6,2,2
963,2,2,3,69,69,3,1,7,2,3,5,9,8,4,7,2,8,2,1,6,5,6,5,6,7,5,4,2,1,1,1,1,1,1,1,1,1,1,1,2,2,2,2,6,4,6,4,7,7,6,5,4,3,6,7,5,5,7,5,8,8,5,6,6,5,6,5,5,3,5,6,6,6,6,6,6,5,4,8,8,6,5,6,5,5,5,5,5,5,7,6,6,6,6,6,6,6,6,6,6,6,6,6,6,6,6,6,6,6,5,6,6,4,4,4,1,2,2,5,1,2,6,4,6,2,5,4,6,6,6,6,6,6,6,6,7,2
964,2,2,4,69,69,1,2,10,9,-3,3,3,3,8,5,4,4,2,2,6,1,3,6,6,1,3,6,1,2,2,1,1,1,1,2,2,2,2,1,1,1,2,1,8,4,1,1,8,10,3,6,9,5,3,7,3,5,1,2,10,9,5,7,6,6,6,3,5,3,3,5,2,7,6,1,3,5,2,1,5,6,1,6,6,6,2,2,4,6,5,5,6,6,5,6,7,6,5,6,5,5,4,4,6,7,6,6,7,3,9,1,2,4,1,2,5,7,4,4,6,7,1,6,2,1,1,7,6,2,6,6,7,6,5,6,4,2
965,2,2,3,69,69,3,1,5,12,0,5,8,8,2,6,1,6,1,2,5,3,3,5,4,1,3,4,1,1,1,2,2,1,1,2,1,2,1,1,2,2,2,2,5,5,5,5,4,10,4,3,8,5,3,3,2,3,5,6,8,7,5,6,5,6,5,3,1,4,4,4,4,6,7,2,2,3,1,3,3,1,6,3,2,3,4,3,5,4,5,6,7,7,7,5,7,7,7,7,7,7,7,7,6,7,7,7,6,7,2,2,1,1,1,1,3,4,5,1,4,5,5,4,4,4,4,3,6,4,6,5,7,1,4,5,1,2
966,2,2,4,69,69,4,3,4,12,-3,4,8,8,3,4,1,5,1,2,4,1,4,5,5,1,3,6,2,2,2,2,2,2,1,1,1,2,1,1,1,2,2,2,5,3,7,3,9,5,1,3,5,5,2,4,1,1,2,3,7,6,5,7,6,6,6,3,2,4,4,5,4,6,6,5,4,4,2,2,6,6,2,6,5,6,3,2,5,4,5,5,7,7,7,7,7,7,7,7,7,7,7,7,7,6,7,6,7,7,3,2,1,1,1,4,5,6,5,1,5,7,2,2,4,3,6,6,7,5,6,4,7,7,6,4,2,2
967,2,1,2,69,69,2,1,7,12,1,6,10,8,2,4,7,6,2,2,5,6,3,5,5,1,5,3,1,1,1,1,1,1,1,1,1,1,1,1,2,1,2,2,5,4,6,4,10,9,9,3,8,6,6,3,6,6,7,9,5,10,5,7,6,6,6,2,1,2,6,7,5,6,6,5,3,3,1,1,1,7,1,6,3,6,2,2,2,5,5,2,6,6,7,7,7,5,7,6,7,6,7,7,1,7,6,7,7,7,7,2,1,1,1,1,6,6,2,1,5,6,5,3,5,1,1,7,7,5,6,7,7,7,7,5,2,2
968,2,2,2,69,69,2,1,5,10,-3,6,8,9,2,7,2,6,1,3,5,6,2,6,3,2,1,5,1,1,1,1,1,1,1,1,1,2,2,1,1,1,1,1,7,3,4,3,10,8,9,6,10,7,2,7,1,1,1,4,8,9,5,7,6,6,6,3,4,4,3,4,3,6,6,5,4,6,1,1,4,6,6,5,5,4,4,3,6,4,3,6,7,7,7,7,7,7,7,7,7,6,7,7,6,1,6,1,1,1,1,4,3,1,1,1,6,5,1,1,4,6,4,4,4,4,4,7,6,5,5,5,7,7,6,5,3,2
969,2,1,2,69,69,2,1,4,10,1,6,10,10,2,5,1,4,1,2,2,5,5,5,5,1,1,6,1,1,2,2,1,1,1,2,1,2,2,2,1,2,2,1,7,8,6,2,10,10,3,4,9,6,4,2,2,1,1,1,6,7,5,6,6,5,6,3,1,4,6,2,3,6,7,6,5,7,1,1,3,5,2,5,5,4,4,2,4,3,2,5,6,7,6,7,7,7,7,7,6,5,7,6,7,7,7,7,7,7,3,10,1,2,2,1,7,5,6,1,7,7,5,3,5,5,4,5,6,6,5,5,7,7,5,5,1,2
970,2,2,5,69,69,1,3,7,2,-3,5,9,6,3,5,2,3,2,2,1,5,3,7,5,1,2,5,2,2,2,2,1,2,1,2,2,2,1,2,2,2,2,2,3,4,5,6,4,10,2,3,5,5,2,3,4,5,3,4,8,8,5,7,1,7,5,5,3,2,5,5,4,2,7,5,1,4,2,3,6,2,5,2,2,5,5,4,7,7,7,7,6,6,7,5,6,7,6,6,7,7,7,7,5,7,7,7,7,7,3,4,1,1,1,1,6,6,6,1,4,6,5,7,3,1,3,7,7,4,6,5,7,7,5,5,4,2
971,2,2,2,69,69,1,1,7,2,2,6,10,10,2,6,1,6,2,2,2,1,5,5,1,1,1,4,1,2,1,1,2,1,1,1,2,1,2,1,2,2,2,1,7,4,9,4,8,7,3,1,8,8,7,8,1,1,1,6,1,7,5,7,7,6,7,1,2,1,2,2,2,7,7,7,6,7,2,5,5,7,1,7,3,5,3,1,2,2,2,1,7,7,7,3,7,7,7,7,7,6,7,7,1,7,7,7,7,7,10,1,1,7,5,7,5,1,5,1,1,5,1,7,1,1,1,5,7,6,5,7,7,7,5,3,2,2
972,2,2,4,69,69,3,1,8,12,2,5,10,10,1,1,1,10,2,2,5,1,6,1,4,2,5,5,2,1,1,1,1,1,1,2,2,1,2,2,1,2,2,1,7,4,10,10,10,10,10,1,10,10,2,10,10,2,7,7,10,3,5,7,6,7,7,1,3,3,7,7,7,7,7,7,7,7,1,1,1,7,1,7,7,7,3,1,7,2,1,7,2,7,6,6,7,7,7,7,7,1,6,4,7,7,7,7,7,7,8,1,1,6,1,1,6,7,1,1,3,7,3,4,6,1,6,5,7,3,6,7,7,7,6,1,6,2
973,2,1,2,69,69,3,2,6,12,0,5,7,8,2,4,1,5,1,2,5,5,3,5,5,4,1,5,1,2,1,1,1,1,1,1,1,2,2,1,2,1,2,2,7,6,8,4,9,10,3,3,10,6,5,8,1,2,1,3,2,7,5,6,4,5,6,2,1,1,4,2,2,5,2,2,1,1,1,1,1,2,3,2,2,4,2,3,3,2,3,3,5,7,7,7,7,7,7,7,7,5,7,7,7,7,7,7,7,7,1,4,1,1,1,1,1,1,5,1,1,1,5,3,1,1,1,6,6,6,5,6,7,5,6,3,1,2
974,2,2,2,69,69,3,1,6,12,-4,4,8,9,1,8,1,6,2,4,6,7,3,5,4,1,2,6,1,1,2,1,1,1,1,2,1,1,2,1,2,1,2,2,4,3,7,4,8,8,3,3,4,8,3,4,2,3,1,4,3,9,5,6,7,6,6,3,5,4,2,2,2,5,6,2,1,1,1,1,4,2,2,2,2,2,6,4,5,6,6,5,6,6,6,5,6,6,6,6,6,6,5,7,1,7,7,7,7,7,1,2,1,1,1,1,7,7,7,1,6,7,5,6,3,2,5,5,6,4,6,6,7,6,6,6,1,2
975,2,1,4,69,69,3,1,6,2,0,5,10,10,1,7,1,4,2,2,1,2,4,6,2,1,1,7,1,1,1,1,1,1,1,2,1,1,1,1,1,1,2,1,5,5,7,2,10,7,7,4,7,7,7,5,1,1,1,1,7,6,5,7,7,7,6,4,2,6,3,3,2,6,7,6,5,7,2,8,8,6,3,5,5,5,3,2,5,4,5,5,7,7,7,6,5,7,7,7,7,7,7,7,7,5,7,7,7,7,7,4,3,3,1,3,7,6,1,1,6,7,6,3,5,2,5,6,7,6,7,7,7,7,7,5,6,2
976,2,2,2,69,69,2,4,7,2,0,5,6,7,5,4,1,7,2,2,4,4,4,4,4,1,1,6,1,2,1,2,1,2,2,2,1,1,2,2,2,2,2,2,5,2,8,8,7,7,4,1,3,5,3,1,1,1,1,4,2,5,5,6,6,4,4,4,2,4,4,1,3,6,4,4,4,4,1,5,5,6,5,4,4,4,5,4,7,4,4,6,6,7,7,6,7,7,5,7,7,6,6,7,5,7,6,5,7,6,5,1,1,1,1,1,7,4,2,1,2,6,6,6,4,2,4,4,6,4,6,4,7,7,4,4,2,2
977,2,2,2,69,69,3,1,7,2,-5,3,9,10,3,8,1,4,2,4,5,6,5,6,2,1,1,7,1,1,1,1,1,1,1,1,1,1,1,1,1,1,2,1,9,10,9,10,10,9,9,9,9,8,9,9,9,9,9,3,8,9,5,7,6,4,3,7,4,4,2,3,6,6,4,6,1,6,1,3,4,6,6,3,3,2,6,6,6,4,4,4,3,6,7,7,7,7,7,7,7,6,7,7,6,7,7,7,7,7,1,1,3,3,5,1,7,5,1,1,5,7,2,2,7,2,5,3,7,7,7,7,7,7,7,7,2,2
978,2,1,3,69,69,3,1,7,2,0,6,9,9,1,9,1,5,1,2,5,4,6,6,1,5,1,6,1,1,2,1,1,1,1,1,1,2,1,2,1,2,2,1,8,5,3,3,8,7,2,3,7,6,9,6,2,2,2,2,6,8,5,6,6,5,5,4,4,4,4,6,3,5,5,5,4,6,1,6,7,5,3,5,3,3,5,4,6,4,6,5,5,5,6,4,5,5,5,5,5,3,6,6,6,6,6,6,6,6,2,7,1,2,1,1,7,6,6,1,6,6,2,4,6,2,6,5,7,4,5,7,7,7,6,2,5,2
979,2,2,4,69,69,4,1,6,2,0,4,9,9,2,4,1,4,2,2,5,3,6,5,5,1,2,6,2,1,2,1,1,1,1,2,2,2,1,1,2,2,2,2,5,6,3,3,4,7,7,3,10,7,6,7,1,2,1,5,7,9,5,6,5,6,7,4,2,2,7,4,5,6,5,6,5,6,4,5,5,6,2,6,6,6,1,3,5,5,5,4,7,7,7,7,5,7,5,7,7,7,7,7,7,4,7,6,7,7,3,1,1,3,1,1,6,6,2,1,5,6,4,2,5,2,2,7,7,1,5,6,7,7,7,5,8,2
980,2,1,2,69,69,1,3,4,2,-1,6,7,8,4,5,1,5,2,2,4,6,3,5,4,1,1,6,2,2,2,2,1,1,2,1,1,2,2,1,2,1,2,2,7,7,6,6,9,8,6,8,7,8,7,8,1,1,1,6,7,9,5,6,6,6,6,3,5,5,3,2,3,6,5,6,5,5,2,3,7,5,5,3,2,3,5,4,7,6,3,7,5,5,5,5,5,5,5,5,3,5,5,6,5,6,4,6,6,4,6,6,1,1,1,1,6,6,4,1,6,6,6,3,4,5,4,6,6,5,5,6,6,6,6,5,3,2
981,2,2,3,69,69,3,1,7,2,3,5,7,8,3,7,1,7,1,1,4,1,3,2,4,1,2,4,1,2,1,1,2,2,2,1,1,2,1,1,2,1,2,2,5,3,5,5,1,5,2,1,5,2,2,1,1,1,2,10,2,3,5,1,3,3,5,2,3,3,4,1,5,5,6,2,4,4,1,8,5,5,2,5,3,5,3,1,5,5,5,6,7,6,6,4,7,6,7,6,6,6,3,6,3,7,5,4,6,4,1,4,1,4,1,1,5,5,1,1,5,5,6,4,2,4,4,2,7,5,7,5,7,7,6,5,2,2
982,2,1,4,69,69,3,1,8,12,0,4,10,10,1,5,1,5,2,2,1,2,5,2,4,1,1,4,2,2,2,2,1,1,1,2,1,1,1,2,1,1,2,1,5,1,3,1,4,7,3,1,1,3,1,1,1,1,1,8,5,7,5,7,5,3,7,4,2,4,3,1,3,7,7,6,1,7,1,1,1,7,1,7,2,7,1,1,1,1,1,7,7,7,7,7,7,7,7,7,3,7,7,7,7,7,7,6,7,1,1,5,1,1,1,1,7,7,1,1,1,7,1,4,1,1,7,7,7,7,4,6,7,7,7,7,2,2
983,2,2,2,69,69,2,1,6,12,-5,4,10,10,1,5,1,8,2,2,6,5,3,5,4,1,2,5,1,2,1,2,2,2,2,1,1,1,1,2,1,1,1,1,2,2,5,4,8,10,2,4,6,3,1,1,2,1,1,6,9,5,5,7,5,4,5,5,5,2,1,5,1,6,5,6,5,6,2,1,3,4,6,2,2,2,6,6,6,5,6,5,6,6,6,6,6,5,6,5,3,6,7,4,7,1,7,7,7,5,2,1,1,3,1,2,7,7,2,1,4,7,2,6,7,7,7,5,7,3,5,6,7,5,5,5,3,2
984,2,2,2,69,69,2,2,7,12,0,4,10,10,2,3,2,4,1,4,6,3,5,3,7,1,1,7,1,1,1,1,1,1,1,1,1,1,1,2,1,2,2,1,8,10,8,1,10,10,7,5,5,6,2,7,2,2,2,1,7,6,5,6,7,5,7,1,3,5,6,2,1,7,5,5,3,4,1,2,2,6,1,7,3,7,1,2,7,3,4,7,7,7,6,7,7,6,6,6,7,6,7,5,7,7,7,7,7,7,2,2,1,7,1,3,7,3,4,1,4,6,3,6,3,1,5,2,7,1,7,6,7,7,6,7,2,2
985,2,2,5,69,69,5,6,6,2,0,5,7,8,6,2,1,7,2,2,1,1,2,4,4,1,1,4,2,2,1,1,1,1,1,1,1,2,1,2,2,1,2,2,4,4,5,4,9,5,7,1,8,6,3,9,4,4,4,4,1,7,5,7,7,7,6,5,1,3,3,5,5,5,5,5,4,5,1,7,4,5,7,4,1,2,6,3,4,6,4,5,7,7,7,7,7,7,7,7,7,6,6,6,5,7,7,6,7,7,1,5,1,5,7,1,4,7,7,1,4,5,6,7,3,1,2,6,7,7,6,7,7,7,5,4,3,2
986,2,2,3,69,69,4,1,7,9,-1,8,7,9,1,3,1,7,2,2,4,1,4,2,5,1,1,7,1,2,1,1,1,1,1,2,1,2,1,1,2,1,2,2,6,4,2,2,8,5,3,7,10,9,4,8,1,1,1,1,1,4,5,7,7,7,5,3,1,1,1,1,1,6,6,5,5,4,1,1,1,7,1,4,1,5,3,2,5,2,2,6,7,7,7,7,7,7,7,7,7,7,7,7,7,7,7,7,7,7,2,7,3,4,3,3,3,1,1,1,2,5,1,2,4,1,6,7,7,5,6,6,7,7,4,7,2,2
987,2,1,3,69,69,3,2,5,10,-1,5,5,7,4,3,1,7,2,2,4,4,5,5,2,1,2,5,2,2,2,2,1,1,1,2,1,1,2,2,2,1,2,2,3,3,6,1,9,5,6,2,6,4,5,2,3,2,3,5,5,7,5,6,5,6,5,3,3,4,2,4,3,3,4,4,1,2,1,1,1,4,4,3,3,3,4,5,5,4,3,5,5,5,4,4,6,6,4,3,4,5,5,3,1,6,5,5,4,5,3,4,1,4,1,1,6,5,2,2,6,5,3,3,5,2,2,4,7,5,4,3,6,7,6,2,2,2
988,2,1,1,69,69,1,1,6,9,-4,5,7,7,1,5,1,3,2,4,5,4,3,6,5,1,2,5,1,1,2,1,1,2,1,1,1,1,2,1,1,1,1,1,5,6,8,6,8,10,5,6,8,7,7,5,3,4,4,3,8,10,5,7,7,6,5,5,5,3,3,4,5,7,6,5,6,7,2,1,5,3,5,5,3,2,6,3,6,4,2,6,5,6,7,6,7,7,7,7,7,6,5,7,5,7,6,7,7,7,6,1,3,2,1,1,5,6,3,2,7,5,6,5,3,3,4,6,7,5,5,4,7,5,3,5,2,2
989,2,1,5,69,69,1,3,3,9,-5,4,4,9,2,2,1,7,2,4,5,5,2,6,5,1,1,7,2,2,2,2,2,2,2,2,2,1,2,1,2,1,2,2,3,9,10,5,6,2,2,4,8,8,4,3,1,1,1,2,7,7,5,7,6,7,6,3,5,5,3,1,1,5,6,7,1,6,1,1,1,1,7,3,3,3,5,4,3,3,3,5,7,5,6,3,5,7,4,1,3,5,5,6,1,6,7,6,1,3,2,1,1,1,1,4,1,1,4,1,1,1,1,7,1,1,1,7,7,1,3,5,7,1,6,6,2,2
990,2,2,3,69,69,3,1,5,12,-2,4,9,7,3,7,2,3,2,4,1,5,1,5,3,1,2,4,1,1,1,1,1,2,1,1,1,2,2,1,1,2,2,2,7,5,7,4,7,7,5,3,4,7,7,4,3,4,5,6,3,6,5,6,6,4,5,3,2,2,4,3,5,5,6,5,4,4,1,2,2,5,3,3,3,3,5,5,5,3,3,3,4,6,6,7,3,6,5,6,5,6,6,6,7,7,7,7,7,7,5,5,1,1,1,1,6,5,4,1,4,6,6,3,6,1,6,4,6,5,6,6,7,7,6,7,2,2
991,2,2,3,69,69,3,1,5,10,-3,8,9,9,2,8,1,2,2,2,1,1,3,6,6,1,2,5,1,1,1,1,1,2,1,2,1,2,1,1,2,1,2,2,5,5,7,8,10,5,7,6,9,6,2,2,2,2,1,5,9,8,5,7,7,7,7,2,2,2,4,3,6,6,7,5,4,4,1,1,1,6,6,5,3,6,2,1,5,5,5,7,6,7,6,7,7,7,7,7,7,7,7,7,7,4,7,7,7,7,1,5,5,6,3,5,2,7,6,1,4,7,4,3,4,1,6,6,7,7,7,6,7,6,7,5,2,2
992,2,2,4,69,69,3,3,3,2,-3,4,10,10,1,8,1,8,1,2,6,4,4,6,3,1,2,6,2,2,2,2,2,2,2,2,1,2,2,1,2,1,2,2,7,7,6,4,7,7,4,1,7,5,2,3,2,1,3,6,9,3,5,6,6,6,5,2,1,2,5,4,5,2,6,4,5,6,1,3,5,2,7,2,2,1,6,7,7,6,7,5,6,6,6,6,6,6,6,5,6,6,6,5,7,7,7,7,6,1,2,4,1,6,1,1,6,6,1,1,5,6,4,5,4,3,2,6,6,7,6,5,7,5,6,5,4,2
993,2,2,3,42,42,3,2,7,9,2,5,10,10,1,6,1,4,4,3,5,1,1,5,4,1,1,5,1,2,1,1,1,1,1,1,2,1,1,2,2,1,2,2,10,7,7,5,10,8,6,4,8,7,7,4,5,4,4,7,8,9,5,6,6,7,6,3,1,2,5,7,6,6,6,5,5,5,2,6,7,7,1,7,5,6,2,1,5,1,2,5,7,6,7,6,7,6,7,7,7,7,7,7,7,7,7,7,7,7,1,9,1,1,1,1,6,1,5,1,1,6,3,4,1,1,6,6,5,6,7,3,7,6,5,5,3,2
994,2,2,3,69,69,2,3,5,12,0,2,10,10,1,4,1,6,2,2,1,1,6,4,6,1,1,6,2,2,2,1,2,2,2,2,2,2,2,2,2,1,2,2,2,3,8,9,8,9,2,9,10,8,2,9,2,2,2,5,3,6,5,6,6,6,7,1,2,4,6,2,2,6,5,5,4,2,4,3,2,5,3,5,5,3,3,2,5,4,5,5,5,7,7,4,7,7,6,7,2,7,7,7,1,7,7,7,7,7,8,2,1,1,1,1,6,6,6,1,1,6,2,1,6,1,5,5,6,6,7,4,7,7,6,5,2,2
995,2,2,4,69,69,3,1,6,12,-3,5,9,10,1,10,1,3,2,4,5,3,3,6,4,1,1,6,1,1,1,1,1,1,1,1,1,1,1,1,1,2,1,1,7,6,7,5,8,7,3,4,8,6,5,6,3,1,1,2,8,6,5,7,5,5,6,2,2,2,4,2,2,4,5,4,3,4,1,2,2,7,2,5,4,7,2,2,7,5,4,7,6,6,6,6,7,6,6,7,6,7,7,7,7,7,7,7,7,7,4,5,1,1,1,1,1,1,3,4,1,4,4,4,4,1,3,7,5,5,5,5,7,7,4,4,2,2
996,2,1,3,69,69,1,1,5,12,0,4,8,9,9,6,2,8,1,2,6,1,4,5,4,1,1,6,1,2,2,1,1,1,1,1,2,2,2,2,1,1,1,1,9,8,6,2,10,10,6,5,8,7,2,2,2,2,2,4,8,2,5,7,7,7,7,2,2,2,4,4,4,7,7,7,7,7,1,2,2,7,7,7,7,7,2,2,6,2,2,5,7,7,7,7,7,7,7,7,7,7,7,7,7,7,7,7,7,7,4,5,1,1,1,1,1,1,1,1,1,1,4,5,1,2,5,5,7,6,6,6,6,7,7,5,8,2
997,2,2,3,69,69,1,1,5,11,-2,6,7,6,3,5,2,6,2,4,5,5,4,5,5,1,1,6,2,2,2,1,2,2,2,2,2,1,2,2,1,2,1,2,6,6,4,4,9,10,5,1,10,7,2,2,1,1,1,10,8,8,5,7,7,6,7,4,3,4,6,3,2,5,5,5,4,5,1,3,9,5,3,4,3,4,5,4,6,4,5,5,4,7,7,6,7,7,7,7,7,4,6,7,6,7,7,7,7,7,4,3,2,4,1,1,3,4,2,6,4,4,5,6,2,2,2,5,7,5,5,3,7,7,5,3,5,2
998,2,2,4,69,69,2,1,5,10,-4,5,8,9,3,3,1,5,2,2,5,5,2,5,4,1,1,1,1,2,2,1,1,1,1,2,1,1,1,2,1,1,2,2,7,7,6,7,9,8,7,6,7,5,2,7,1,1,1,2,2,7,5,4,4,4,4,4,4,4,4,4,4,4,4,4,4,4,1,1,1,2,6,2,2,2,6,4,5,5,5,5,6,7,7,5,7,7,7,7,7,7,7,7,4,7,7,7,7,7,1,3,1,5,1,1,3,4,5,1,3,5,3,5,3,1,3,6,7,2,5,6,7,6,6,2,1,2
999,2,2,3,69,69,3,1,7,12,-1,2,2,3,8,3,1,6,2,3,5,5,4,5,5,1,3,5,2,2,2,2,2,2,2,2,1,2,2,2,1,2,2,2,4,3,6,6,5,8,3,3,3,5,4,4,3,4,3,7,4,7,5,6,6,6,5,2,3,2,6,5,5,5,6,5,4,5,2,3,7,3,4,2,4,5,3,4,4,3,2,4,4,5,5,4,6,5,5,5,5,5,4,4,4,7,6,6,7,7,7,1,1,1,1,1,3,3,4,2,4,5,3,6,1,1,1,6,6,5,5,2,6,7,5,3,3,2
1000,2,2,4,69,69,2,1,6,9,0,5,10,10,1,7,1,6,2,2,6,1,4,6,4,1,5,4,2,2,2,2,2,2,2,2,2,2,2,2,1,2,2,2,5,5,6,1,10,8,3,3,5,6,6,7,1,1,1,10,5,5,5,7,7,7,7,3,1,4,4,7,4,7,7,4,5,7,1,3,3,7,4,6,2,4,5,3,2,1,1,2,7,7,7,7,7,7,7,7,7,7,7,7,5,7,7,7,7,7,1,10,1,1,1,1,7,7,1,1,7,7,4,1,6,6,6,7,7,4,6,7,7,7,7,3,4,2
1001,2,2,5,69,69,3,1,6,9,-4,5,10,10,4,9,1,5,1,1,1,1,1,6,2,1,1,6,1,1,2,1,1,1,2,1,1,1,1,1,2,2,2,2,8,8,10,9,2,6,5,1,5,7,5,5,1,1,2,3,10,8,5,6,6,6,7,5,4,4,1,1,2,6,5,6,4,6,4,1,9,2,6,6,1,1,6,6,6,6,2,5,4,7,7,5,7,7,7,7,7,6,7,7,6,7,6,7,7,7,4,1,1,1,1,1,6,6,1,1,1,1,6,6,3,1,1,1,7,4,1,7,7,7,5,4,1,2
1002,2,2,2,69,69,2,1,7,12,0,3,1,1,8,1,1,10,2,2,1,1,7,1,5,1,1,1,2,2,2,2,1,2,1,1,1,2,1,1,1,2,1,1,1,1,10,10,1,1,1,1,1,0,1,1,10,1,1,10,1,9,5,4,5,5,7,1,1,6,4,4,1,6,6,6,4,6,4,1,10,6,1,1,4,1,1,2,1,1,1,1,7,1,1,1,1,4,4,1,4,7,1,2,1,1,2,6,1,4,10,1,1,1,1,1,1,1,1,1,1,1,1,6,1,1,1,1,6,1,4,3,3,7,3,6,6,1
1003,2,2,2,69,69,3,1,8,2,-4,5,9,9,1,7,1,7,2,4,5,3,4,4,3,1,1,7,1,2,2,2,1,1,2,1,1,2,2,1,2,1,2,2,5,5,2,1,9,8,3,3,9,3,4,5,1,1,1,1,8,6,5,7,7,7,4,5,3,6,2,2,3,7,6,5,4,5,1,4,9,3,4,1,1,1,5,5,6,1,3,6,7,7,6,7,7,7,7,7,7,7,7,7,7,7,7,7,7,7,1,3,1,1,1,1,1,3,1,5,1,1,3,4,4,1,3,2,7,3,6,6,7,7,6,5,1,1
1004,2,1,4,69,69,3,1,7,10,5,2,6,6,5,1,1,8,2,2,1,1,5,1,7,1,7,1,1,1,1,1,2,2,1,2,2,2,1,1,2,1,2,2,2,3,1,1,10,7,10,1,10,6,10,1,10,10,10,10,10,10,5,3,3,3,1,1,1,7,7,7,7,7,7,7,1,1,1,1,1,7,1,7,5,7,1,1,7,7,7,7,4,6,7,7,7,7,7,3,3,5,4,7,7,6,7,7,3,4,9,1,1,1,1,1,4,5,5,3,4,6,1,6,1,1,1,4,7,7,7,7,4,4,7,7,2,1
1005,2,1,1,249,249,1,3,4,1,5,3,6,8,4,7,2,2,2,4,1,1,1,1,2,2,2,1,1,1,1,1,1,1,1,2,1,1,1,1,1,1,1,1,6,7,4,4,9,6,10,2,10,2,4,10,2,2,2,1,2,6,5,7,5,6,4,7,5,6,4,1,1,5,5,6,6,7,1,8,8,2,5,5,7,1,7,6,7,4,5,7,7,7,7,7,7,7,7,7,7,7,7,7,7,7,7,7,7,7,2,2,1,6,1,6,6,2,7,1,2,7,1,1,7,1,7,7,7,7,7,1,7,7,7,1,8,1
1006,2,2,1,69,69,3,1,7,12,-3,6,8,7,3,5,1,7,2,2,2,2,5,4,7,1,1,7,2,2,2,1,1,1,1,2,1,1,2,2,2,2,2,2,4,1,3,1,8,10,6,2,10,7,6,6,1,2,1,3,6,8,5,7,5,7,6,5,7,7,5,1,1,5,4,2,4,5,1,1,5,1,7,1,1,1,5,5,4,1,3,7,7,7,7,7,7,7,7,7,7,7,7,7,7,7,7,7,7,7,1,5,1,1,1,1,7,1,1,1,7,7,4,1,4,5,7,4,7,1,4,1,7,7,7,1,1,1
1007,2,1,3,249,69,1,2,3,4,0,2,10,7,10,2,2,4,2,2,6,4,6,6,4,6,4,4,2,2,2,2,2,1,2,2,2,1,2,2,2,1,2,2,4,4,7,7,4,4,4,4,4,4,4,4,4,4,4,7,4,4,5,4,4,4,4,4,4,4,4,4,4,4,4,4,4,4,4,4,4,4,4,4,4,4,4,4,4,4,4,4,4,4,4,4,4,4,4,4,4,4,4,4,4,4,4,4,4,4,4,4,7,7,7,7,1,6,6,6,6,1,1,1,1,1,1,1,1,1,1,1,1,1,1,1,2,1
1008,2,1,2,69,69,3,1,6,2,-1,5,10,10,1,7,1,3,2,4,3,5,5,7,2,1,3,6,1,1,1,1,1,1,1,1,2,1,1,1,2,1,2,2,5,8,4,1,10,10,1,3,10,8,4,6,1,1,1,4,9,6,5,7,7,7,7,5,3,1,5,1,1,5,6,2,2,7,1,1,1,7,1,5,2,2,2,5,1,7,6,1,7,7,7,4,7,7,7,7,7,7,7,7,1,7,7,7,7,7,1,1,4,5,1,1,5,5,2,4,4,7,1,7,1,1,1,7,7,7,7,7,7,1,7,7,1,1
1009,2,1,4,69,69,2,2,6,12,-1,5,6,6,8,3,1,9,1,3,4,4,6,5,4,1,1,7,2,2,2,1,1,1,1,1,1,2,2,1,2,2,2,2,6,8,4,3,10,6,7,2,7,7,7,7,1,1,1,1,2,5,5,7,6,4,5,2,1,3,2,1,1,6,6,2,1,3,1,1,7,5,4,4,5,3,4,2,2,2,2,3,7,5,1,5,5,6,5,6,6,7,3,4,1,6,7,7,6,7,7,7,5,4,1,1,1,2,3,5,1,1,2,6,1,1,3,5,7,6,5,1,7,2,6,6,4,1
1010,2,2,1,69,69,2,1,6,10,-5,3,9,10,2,10,1,6,3,4,5,5,6,6,6,1,1,6,1,2,2,1,1,1,1,1,1,2,1,2,1,1,2,1,8,4,6,3,10,7,7,7,10,8,5,7,1,1,1,4,10,8,5,6,6,6,6,4,1,2,1,1,1,7,7,4,3,4,1,1,2,6,5,4,5,5,4,4,7,1,4,7,7,7,7,7,7,7,7,7,7,7,7,7,7,7,7,7,7,7,1,7,4,6,1,4,5,1,1,1,1,1,3,1,7,7,7,5,6,4,1,1,7,7,5,2,1,1
1011,2,2,2,246,124,4,2,5,10,-4,4,10,6,5,7,1,6,1,4,5,7,6,5,6,5,1,7,1,2,1,1,1,1,2,2,1,2,1,1,2,1,2,2,5,5,8,5,6,10,2,3,10,6,2,8,1,1,1,1,7,8,5,7,7,7,7,1,3,6,4,1,1,6,7,7,5,5,1,2,4,3,1,6,5,6,2,6,5,2,3,5,7,7,7,7,7,7,7,7,7,7,7,7,7,7,7,7,7,7,8,1,1,1,1,1,1,3,5,1,1,1,3,6,5,1,1,7,6,1,5,5,7,7,1,1,1,1
1012,2,1,2,49,49,1,4,8,10,-3,5,10,10,5,2,1,9,2,3,1,1,7,1,4,1,1,4,2,2,1,2,1,1,2,1,1,2,2,2,2,1,2,2,2,2,10,7,10,1,1,1,10,0,1,1,1,1,1,1,5,10,5,7,7,7,7,1,1,1,1,1,1,5,6,7,1,1,1,1,1,7,1,7,1,2,5,2,1,1,1,5,7,7,7,7,7,7,7,7,7,7,7,7,7,7,7,7,7,7,10,1,1,1,1,1,1,1,6,1,1,1,1,7,1,1,1,7,7,5,1,1,7,7,7,1,1,1
1013,2,2,1,69,69,1,3,7,10,-4,5,8,10,1,2,1,8,2,2,5,3,2,4,4,1,1,6,1,1,2,1,1,1,1,1,1,2,1,2,1,2,2,1,9,8,4,1,10,10,4,4,8,6,5,5,1,1,1,3,10,9,5,3,6,2,6,4,4,4,1,1,2,7,7,6,4,6,1,1,1,4,5,3,2,3,3,2,2,1,3,5,7,7,7,4,6,7,6,7,7,6,7,7,2,7,7,6,7,7,2,8,1,1,7,4,4,1,4,1,1,4,2,4,2,2,2,3,7,1,5,4,7,6,5,5,1,1
1014,2,2,3,69,69,3,4,5,12,-1,3,10,10,1,3,1,10,2,2,1,1,6,4,1,1,1,7,2,2,1,1,1,1,2,2,1,2,2,1,1,2,2,1,8,5,2,1,10,2,3,3,5,10,5,3,1,1,1,1,9,5,5,7,7,7,1,5,1,2,1,4,2,3,4,5,4,4,1,1,8,2,2,2,1,1,7,6,7,1,1,5,7,7,7,7,7,7,7,7,7,7,7,7,7,7,7,7,7,7,1,1,3,7,1,7,6,1,7,1,5,7,1,2,5,4,7,7,7,5,7,5,7,7,7,5,2,1
1015,2,2,3,69,69,1,4,1,2,0,3,10,10,1,5,1,6,2,2,1,1,1,1,1,1,1,7,1,1,1,1,2,1,1,2,1,1,1,1,1,2,2,2,5,5,8,8,1,1,1,10,5,5,7,5,1,1,1,1,10,5,5,7,7,7,7,1,1,4,7,4,7,7,7,7,7,7,1,10,10,7,1,7,7,7,1,1,1,1,1,1,7,7,7,7,7,7,7,7,7,7,7,7,7,7,7,7,7,7,10,1,7,1,5,7,7,7,7,1,7,7,7,1,7,1,5,7,7,7,7,7,7,7,7,7,5,1
1016,2,2,1,49,69,1,4,6,2,-1,3,9,8,2,7,1,4,2,2,5,5,5,5,1,4,1,5,1,2,1,1,1,1,1,2,1,2,2,1,2,1,2,2,4,3,5,5,10,7,7,2,7,2,4,3,3,1,1,4,4,7,5,6,6,7,5,5,5,2,1,2,5,5,5,3,3,6,1,3,5,5,6,4,3,2,6,6,5,7,7,5,7,7,7,6,7,7,7,7,7,7,7,7,7,7,7,7,7,7,1,10,1,1,1,1,7,7,7,1,7,7,7,4,1,2,1,6,7,6,5,1,5,6,6,1,1,1
1017,2,2,3,69,69,3,1,6,10,-2,2,10,10,2,6,1,6,2,2,1,1,4,6,4,1,1,4,1,1,1,1,1,2,1,2,1,1,1,2,1,2,2,1,9,4,5,1,10,10,9,4,10,8,5,2,1,1,1,6,9,10,5,7,5,3,6,2,4,4,7,1,1,6,6,3,1,3,1,1,1,7,1,7,7,6,4,2,1,1,1,5,7,7,6,7,7,7,7,5,7,7,7,6,2,6,7,7,5,6,9,10,1,1,1,1,6,1,2,1,1,1,1,7,1,1,1,4,7,4,7,6,7,7,1,1,1,1
1018,2,2,5,69,69,4,2,3,12,0,7,9,10,2,2,1,4,2,4,5,1,2,6,6,4,4,5,2,2,1,1,2,2,1,2,1,1,1,1,1,2,2,1,2,4,7,6,9,10,3,5,7,8,7,9,8,6,6,6,7,8,5,7,7,7,7,1,2,4,7,6,6,7,7,7,5,7,1,1,1,7,4,7,4,7,1,7,3,5,6,2,7,7,7,7,7,7,7,7,7,7,7,7,7,7,7,7,7,7,6,2,1,7,5,1,4,4,4,4,4,4,7,6,2,1,1,7,7,4,6,7,7,1,7,4,3,1
1019,2,2,5,69,69,5,6,5,2,-3,4,8,8,5,7,1,7,1,4,1,4,2,5,4,4,4,4,1,1,1,1,1,1,1,2,1,1,1,1,1,1,2,1,1,6,7,6,7,7,5,3,4,4,3,3,4,3,5,7,3,4,5,5,4,3,5,5,4,4,4,6,5,5,5,4,4,4,5,5,5,5,5,4,4,4,4,4,5,4,4,5,6,7,7,7,7,7,7,7,7,6,7,7,7,7,7,7,7,7,4,3,3,6,6,2,6,6,6,4,4,6,3,3,4,3,5,4,6,5,6,4,6,1,6,4,5,1
1020,2,1,2,69,69,1,1,5,10,-3,2,5,7,8,3,1,5,2,2,4,1,3,4,4,1,1,5,1,1,1,1,1,1,1,1,1,1,1,2,2,1,2,2,8,7,5,5,6,7,5,4,8,6,4,5,2,1,1,4,2,5,5,6,5,7,6,3,5,2,2,3,3,4,5,4,2,2,1,1,2,5,1,4,4,4,4,2,7,5,5,7,7,7,7,5,7,7,7,7,7,7,5,7,3,7,7,7,7,7,1,5,1,4,1,1,7,7,7,1,7,7,3,6,2,1,4,6,7,5,7,2,7,7,6,5,1,1
1021,3,1,3,158,158,3,1,7,4,3,3,8,10,8,6,8,6,1,4,6,4,7,6,7,6,5,2,2,2,1,1,1,1,1,4,1,1,2,1,1,1,2,1,8,8,3,3,8,7,7,9,9,5,9,7,8,7,8,3,6,8,5,6,6,5,6,6,5,6,5,6,6,4,6,5,6,6,5,7,9,6,6,5,5,5,6,6,5,6,6,6,4,5,7,7,5,7,5,6,6,6,6,7,5,5,6,6,7,6,6,8,5,6,6,6,7,6,5,6,5,5,7,5,6,7,6,6,7,6,7,6,5,5,6,7,6,7
1022,3,2,5,158,158,3,6,7,12,0,2,10,10,2,6,1,7,2,4,1,1,1,3,4,1,6,4,1,1,1,1,1,1,1,2,2,1,1,2,2,2,2,2,6,5,6,3,6,10,3,6,6,6,4,2,10,8,10,9,3,4,5,7,1,6,5,4,2,4,7,7,6,6,6,6,4,4,1,1,1,3,5,1,5,2,4,6,7,7,7,6,7,7,7,4,7,7,2,7,7,7,6,7,1,1,7,5,1,1,1,1,1,1,1,1,7,7,7,1,7,7,4,3,6,1,1,4,7,4,6,7,7,7,6,1,1,7
1023,3,1,1,158,158,1,1,7,12,1,6,6,9,4,6,1,8,2,4,2,2,6,5,4,1,5,2,1,1,2,1,1,1,1,4,2,2,1,2,2,2,2,1,9,6,5,5,6,8,8,4,10,8,6,10,10,10,10,4,8,6,5,7,5,7,5,5,6,6,7,7,6,6,6,7,5,6,1,1,2,5,4,6,4,4,5,2,7,7,6,6,7,5,7,2,7,7,7,6,7,5,2,7,1,1,7,1,4,1,8,7,1,4,1,1,7,7,7,1,7,7,4,5,6,5,2,7,7,4,7,7,7,7,7,6,1,7
1024,3,2,3,158,158,3,1,10,12,0,3,10,9,10,10,10,10,2,2,5,5,6,6,6,6,6,6,1,1,1,1,2,2,1,2,1,1,1,1,2,1,2,2,10,9,2,2,9,9,9,8,9,9,9,9,9,7,8,3,8,10,5,6,6,6,6,6,5,6,2,2,6,2,4,7,3,3,1,3,3,1,6,1,2,2,7,7,6,7,2,7,7,7,7,1,7,7,7,7,7,6,6,7,1,7,7,4,3,2,10,9,2,2,2,2,1,1,1,1,1,1,1,3,4,3,1,7,7,7,7,6,7,7,7,6,7,7
1025,3,2,2,23,158,2,1,7,1,-1,4,10,7,5,8,7,8,2,4,5,6,2,6,4,1,7,4,1,1,2,2,2,2,1,2,1,2,2,1,1,1,2,2,8,7,4,5,8,7,8,8,9,9,6,9,7,8,7,3,5,9,5,6,4,3,5,2,5,5,6,7,7,5,7,5,6,4,7,8,9,6,4,5,3,3,3,6,5,5,4,5,5,3,7,4,7,5,4,7,7,5,6,5,5,1,7,6,3,1,7,6,5,5,3,7,4,5,6,2,6,5,3,4,7,7,5,4,3,4,6,7,7,7,7,5,7,7
1026,3,2,5,102,158,3,2,7,10,0,3,9,4,8,6,1,4,2,4,6,2,5,6,5,1,3,6,2,2,2,2,1,1,1,4,2,2,2,2,1,2,2,1,5,9,2,1,8,9,5,3,6,5,9,2,4,8,4,4,4,9,5,7,1,6,7,1,4,6,4,2,4,7,7,7,4,6,1,1,1,2,4,2,6,5,4,1,2,2,2,2,6,6,7,2,6,4,5,4,1,7,6,6,1,1,7,2,1,1,10,1,1,1,1,1,6,4,5,3,4,4,4,1,1,1,1,6,7,4,6,7,7,7,7,4,7,7
1027,3,1,5,158,158,4,3,6,12,2,2,2,1,3,1,1,9,2,2,1,4,4,1,5,3,2,3,2,2,2,2,1,1,1,4,2,2,2,2,1,2,2,1,2,4,7,7,6,1,7,6,6,3,7,8,8,8,6,6,1,7,5,6,3,6,6,2,3,3,6,4,6,6,6,5,6,5,2,7,7,5,3,4,6,5,4,3,6,6,5,6,1,1,6,2,6,4,2,5,5,1,1,3,1,3,3,5,3,3,7,3,1,1,1,1,3,2,6,4,1,1,1,2,2,1,1,6,6,5,6,7,6,7,6,4,6,7
1028,3,2,3,41,158,1,1,8,2,3,2,6,7,10,7,7,6,2,1,5,5,4,5,5,5,5,5,2,2,1,2,2,2,1,2,1,2,2,2,1,1,1,1,8,7,4,5,7,7,6,7,6,6,7,7,6,8,6,4,7,7,5,7,4,5,6,7,5,7,7,6,7,7,5,4,4,4,5,7,7,6,6,6,7,6,6,7,5,4,4,6,7,7,7,6,7,7,7,6,6,5,7,6,5,5,5,6,5,5,7,7,6,5,7,6,3,4,3,5,4,2,2,5,5,1,5,6,7,6,5,7,7,7,7,6,7,7
1029,3,2,4,158,158,3,1,9,1,3,3,8,7,8,8,8,8,2,2,2,3,4,3,3,4,3,4,2,2,2,2,1,2,1,4,2,1,1,2,2,1,2,2,8,8,3,3,8,8,8,8,9,8,7,9,7,8,7,4,9,8,5,6,6,6,6,6,6,6,6,6,3,6,5,5,6,5,5,8,8,4,5,3,5,5,4,5,4,5,5,5,6,6,6,6,6,6,6,6,6,6,6,6,2,5,6,5,1,2,8,8,1,1,1,1,4,3,6,2,4,1,6,1,5,1,1,7,7,7,7,7,7,7,7,7,7,7
1030,3,1,4,158,158,3,2,7,4,2,6,1,2,4,1,2,10,2,2,3,3,2,2,5,3,4,4,1,2,2,2,2,2,1,4,2,1,2,2,2,2,1,2,3,6,5,5,6,4,4,8,6,7,4,4,7,5,4,8,6,4,5,4,4,5,2,6,4,6,4,3,6,5,4,3,3,5,3,2,9,3,2,6,7,1,5,5,6,4,3,4,5,6,7,5,2,1,3,4,6,7,4,2,5,5,6,3,1,6,8,3,5,6,7,4,4,2,3,6,1,5,3,1,5,4,2,4,2,3,3,4,5,1,5,6,6,7
1031,3,1,4,158,158,2,1,9,12,0,2,10,10,8,2,5,10,2,4,4,4,5,6,5,1,5,6,2,2,1,1,1,1,1,4,1,1,1,1,1,1,2,1,9,10,1,1,10,10,10,8,6,4,10,10,10,10,10,2,10,7,5,7,7,7,7,7,7,7,7,7,7,7,7,7,7,7,7,1,1,7,7,7,7,7,1,7,7,7,7,1,7,7,7,1,7,7,7,7,7,7,7,7,1,2,7,1,3,1,10,1,1,1,1,1,6,6,6,7,6,6,5,6,1,1,1,6,6,4,4,7,7,7,6,7,7,7
1032,3,1,4,158,158,3,6,4,3,1,2,6,6,4,4,1,5,2,2,1,6,2,5,7,1,4,6,1,1,1,1,1,1,1,4,1,1,1,2,2,2,1,1,5,7,4,3,5,6,1,2,6,6,5,1,1,1,3,7,4,7,5,6,4,5,4,5,2,2,4,2,3,4,4,2,3,4,1,8,5,3,6,3,5,3,4,5,6,6,1,6,5,6,7,2,7,7,5,6,6,3,4,7,1,1,6,3,2,2,1,10,1,2,4,1,4,6,6,1,5,6,5,6,2,1,3,6,7,5,7,6,7,7,7,6,5,7
1033,3,2,5,158,158,3,1,8,2,-5,3,7,2,8,2,1,9,2,4,1,4,5,2,4,1,6,2,1,2,2,2,2,1,1,4,2,2,2,2,1,2,1,1,1,10,1,1,3,6,2,5,8,2,4,4,10,10,10,7,1,10,5,7,1,6,7,7,4,4,6,4,6,4,5,7,4,7,1,6,6,7,1,7,7,7,1,1,4,6,4,1,6,6,6,6,6,6,6,6,6,7,6,6,4,4,6,4,2,2,10,1,1,5,1,1,1,1,4,1,1,6,2,4,2,2,1,4,3,1,1,6,6,7,4,7,1,7
1034,3,2,3,158,158,3,1,1,12,0,3,10,10,4,6,1,1,2,2,7,1,1,7,4,4,7,1,1,1,1,1,2,1,1,4,2,1,1,1,1,1,1,1,5,1,10,10,10,10,1,1,1,0,6,1,10,10,10,10,10,10,5,7,1,7,7,7,4,4,4,4,4,4,4,4,4,4,4,1,1,1,4,4,1,1,1,1,4,1,4,7,7,7,7,1,7,7,7,7,7,4,1,7,1,1,7,1,1,1,10,1,1,4,1,1,7,7,7,1,7,7,7,7,1,1,1,4,7,7,7,7,7,7,7,1,1,7
1035,3,1,2,158,158,3,1,7,1,0,4,8,8,2,8,3,7,2,3,3,3,3,6,1,1,2,5,1,2,2,1,1,1,1,4,1,2,1,2,2,1,2,2,5,7,4,4,6,6,3,3,7,3,3,3,4,3,4,7,4,6,5,7,2,5,5,5,3,3,3,3,5,3,4,3,3,5,1,6,6,2,6,2,2,2,5,5,5,6,6,2,7,7,7,2,7,7,7,6,6,7,7,7,1,1,6,4,1,1,5,9,1,4,4,1,7,7,7,1,7,7,5,4,6,1,4,7,7,7,7,7,7,7,7,7,7,7
1036,3,2,2,158,158,3,1,8,2,1,6,7,7,8,7,8,4,1,2,4,5,4,7,4,5,4,4,2,1,1,1,2,1,1,2,1,1,2,1,1,2,1,2,2,5,6,6,5,5,5,5,5,5,4,4,4,5,4,6,5,4,5,4,5,4,5,5,5,5,6,5,5,5,5,5,6,6,5,7,6,5,5,5,5,5,6,5,5,6,5,6,5,4,4,4,6,4,4,4,4,5,4,4,5,4,5,5,4,4,7,7,4,5,4,4,4,4,4,4,4,4,7,7,1,1,2,7,7,7,7,7,7,7,7,1,7,7
1037,3,1,3,5,158,4,2,7,6,2,6,8,9,4,6,1,7,1,2,1,2,5,4,1,1,1,6,2,1,2,2,2,2,2,4,1,2,2,2,2,2,2,2,8,6,5,3,7,7,7,4,3,8,8,8,8,5,5,6,7,4,5,5,3,2,4,1,6,5,7,7,3,1,2,6,7,4,4,9,6,7,6,6,4,3,3,7,2,1,7,7,2,7,2,7,2,7,5,7,2,5,3,7,3,7,4,5,7,1,4,8,4,7,3,3,3,1,6,1,1,4,1,3,7,4,7,4,4,5,4,6,6,7,5,5,5,7
1038,3,2,5,158,158,3,6,4,2,0,3,10,10,1,10,1,8,2,4,4,7,5,7,1,7,7,4,1,1,1,1,1,1,1,2,1,1,1,1,2,2,2,2,5,8,3,3,10,10,5,5,1,0,5,5,1,5,1,10,5,5,5,7,7,7,7,7,5,7,7,7,7,7,7,5,7,7,1,5,5,5,7,5,5,5,5,7,7,7,7,7,7,7,7,5,7,7,7,7,7,7,7,7,1,1,7,4,1,1,1,10,1,1,1,1,1,1,1,1,1,7,7,7,7,1,7,7,7,7,7,7,7,7,7,7,7,7
1039,3,1,1,158,158,1,1,7,1,1,3,10,10,3,8,3,7,2,2,4,6,4,6,2,2,6,2,2,2,2,2,1,2,2,4,1,2,2,2,2,2,1,1,8,7,4,4,7,7,7,7,7,7,7,7,7,7,7,4,7,7,5,5,5,5,5,5,4,5,5,6,5,5,6,5,6,5,2,6,7,4,5,4,4,4,5,6,7,6,6,7,6,6,6,2,6,6,6,6,6,7,7,6,1,1,7,5,1,1,7,7,1,1,1,1,5,7,6,2,6,7,4,6,6,5,6,6,6,4,7,7,7,7,6,6,6,7
1040,3,1,4,158,158,3,3,5,11,0,3,7,7,5,6,3,7,1,2,4,4,4,4,6,2,4,4,2,2,2,2,2,2,2,2,1,2,1,1,2,1,2,2,7,6,5,4,7,7,6,7,9,7,7,6,6,6,6,5,7,10,5,4,4,4,4,4,4,4,4,4,4,4,4,4,4,4,1,10,10,4,4,4,4,4,4,4,4,4,4,4,4,4,7,4,7,7,4,7,7,4,4,6,1,3,6,5,3,1,1,1,1,1,1,1,1,2,3,3,2,2,2,4,4,3,4,5,4,4,4,7,7,4,4,1,4,7
1041,3,1,2,158,158,2,1,8,12,-2,3,1,8,1,1,1,10,2,4,2,2,3,2,3,1,2,2,1,2,2,2,1,2,2,2,2,2,2,1,2,1,2,2,3,4,7,7,4,4,1,7,6,6,1,1,5,3,4,10,1,1,5,2,6,3,4,2,4,7,1,7,2,2,4,6,7,6,2,1,1,2,6,4,2,4,1,3,7,7,7,4,7,7,7,2,7,7,5,7,7,7,7,7,3,1,7,4,2,1,1,1,1,5,1,1,7,7,7,1,7,7,1,1,4,2,4,5,7,7,3,2,7,7,4,7,7,7
1042,3,2,2,158,158,3,1,7,2,0,4,8,9,2,6,5,6,2,2,6,4,5,5,5,5,6,5,2,1,2,1,2,2,2,4,1,2,1,1,2,2,1,2,6,7,4,5,6,7,5,7,6,8,6,4,7,5,5,5,7,6,5,5,5,6,6,5,5,5,5,5,5,6,4,5,5,5,5,8,6,5,4,5,5,6,6,6,4,6,5,3,4,5,6,6,6,7,5,7,7,7,7,7,1,1,7,2,1,1,8,9,7,4,6,6,5,5,6,4,5,5,4,5,4,3,5,6,7,5,5,2,4,6,5,4,7,7
1043,3,1,2,158,158,1,1,7,3,-1,3,6,6,1,4,1,7,2,2,1,3,2,4,1,1,1,5,1,2,1,1,1,2,1,2,1,2,1,2,1,1,2,1,5,1,10,10,5,5,4,1,6,6,5,3,1,3,1,9,6,5,5,7,2,5,5,3,1,3,4,2,1,3,4,5,3,3,1,7,5,7,7,5,5,5,4,5,3,6,1,4,7,6,6,4,7,7,6,7,7,6,6,6,1,1,7,4,1,1,2,5,2,5,1,1,4,5,3,1,3,3,5,5,3,1,2,6,7,7,6,7,7,7,6,4,6,7
1044,3,2,1,95,95,1,4,2,12,2,4,6,10,6,5,6,5,2,1,1,7,6,4,4,1,3,3,2,1,1,2,1,1,1,2,2,2,2,1,2,1,1,2,7,6,5,4,6,6,9,7,7,7,7,8,7,6,8,1,8,9,5,7,4,7,4,3,4,7,7,7,7,4,7,4,4,5,1,2,5,7,7,7,7,7,2,7,7,7,7,7,5,7,7,1,7,7,7,7,7,4,7,7,1,1,7,4,1,1,6,6,1,1,3,1,3,5,4,4,4,4,1,1,6,1,5,7,7,4,7,7,1,7,4,7,4,7
1045,3,2,5,158,158,2,1,7,12,0,2,6,5,6,5,3,5,2,2,1,1,5,3,2,1,1,1,1,1,1,1,2,1,1,2,1,1,1,1,2,1,2,2,5,6,5,5,6,6,5,3,5,4,5,4,5,5,5,8,5,3,5,6,1,6,2,7,6,6,5,5,6,6,6,6,1,6,1,3,6,7,7,7,7,7,6,1,7,7,2,6,7,5,7,4,6,7,6,7,7,4,4,6,1,6,7,6,1,1,5,6,1,1,1,1,4,4,3,3,4,3,7,7,4,1,1,7,7,7,7,7,7,7,7,7,1,7
1046,3,2,5,220,158,3,1,7,12,1,4,5,2,7,1,1,8,1,1,1,1,4,1,6,1,1,1,1,2,1,2,2,1,1,4,1,1,2,2,2,2,1,1,3,4,7,2,3,4,4,4,5,4,4,5,4,4,4,7,4,4,5,6,3,7,5,3,3,3,3,3,5,6,6,3,6,6,3,2,2,7,5,5,5,5,3,5,7,5,7,5,7,7,7,3,7,7,3,3,7,4,4,7,1,1,7,5,4,4,6,5,1,1,1,1,3,3,3,1,3,3,7,7,1,1,1,5,7,5,7,7,7,7,7,1,7,7
1047,3,2,4,158,158,5,5,8,2,5,7,10,2,10,3,1,10,2,4,2,7,4,7,5,7,1,2,2,1,1,2,2,2,1,2,2,2,1,1,2,1,2,2,1,4,7,8,8,8,6,6,1,0,6,10,9,10,7,9,10,10,5,5,7,1,6,6,5,6,5,3,5,7,6,7,2,3,1,8,9,4,7,1,5,1,3,6,7,6,7,3,7,7,7,3,6,7,7,7,5,7,2,7,1,2,7,4,2,3,3,10,1,1,1,1,7,7,6,1,3,6,1,4,3,1,1,7,7,6,7,7,7,7,7,5,7,7
1048,3,2,5,220,158,1,1,5,2,0,4,9,8,2,8,6,8,2,3,1,2,6,4,4,1,2,3,1,1,1,1,1,1,1,2,1,2,1,1,1,2,1,1,8,9,2,3,9,8,7,4,7,8,8,5,8,6,6,5,7,7,5,7,7,7,6,6,5,4,7,7,5,6,6,7,6,7,6,9,4,3,6,6,4,6,6,6,7,6,6,5,7,7,7,5,7,7,7,7,7,7,7,7,1,1,7,5,1,1,5,3,1,1,1,1,4,4,4,4,4,4,6,6,7,6,6,7,7,7,7,7,7,7,7,7,7,7
1049,3,1,4,158,158,3,1,8,12,0,3,5,4,3,3,1,7,1,4,1,1,5,4,3,1,6,1,2,2,2,2,2,2,1,4,2,2,2,2,2,1,2,2,8,4,7,8,6,8,2,7,4,7,6,4,9,5,7,9,5,6,5,5,3,4,3,3,5,4,7,7,7,5,3,5,5,4,5,2,2,1,5,1,5,4,2,6,7,4,4,7,7,7,7,1,7,7,2,7,7,5,7,7,1,1,7,4,1,1,8,1,1,4,1,1,3,5,4,1,4,4,6,7,6,5,7,7,7,7,7,4,7,7,7,7,1,7
1050,3,2,4,158,158,3,1,1,2,5,3,10,7,10,7,1,1,2,2,7,1,1,7,6,1,7,4,2,2,2,2,2,1,2,4,1,2,2,2,2,1,1,2,5,2,9,9,5,10,1,1,5,0,1,5,10,10,5,6,10,5,5,7,1,7,7,4,1,1,7,7,7,4,7,7,4,7,1,1,1,7,1,4,1,7,1,1,1,1,1,1,7,7,7,1,5,1,1,1,3,7,1,7,1,2,6,5,5,5,10,1,1,5,1,1,4,4,4,4,4,4,1,1,4,1,1,7,7,5,6,4,7,7,2,7,1,7
1051,3,1,1,158,158,2,4,8,3,1,4,7,7,3,2,6,5,2,4,1,6,7,5,4,2,1,5,1,1,2,1,2,2,1,2,2,1,2,1,1,1,2,2,5,7,4,4,5,10,7,3,5,9,3,10,8,2,8,6,5,8,5,7,4,7,6,2,5,7,4,3,6,5,6,3,2,5,5,7,7,5,2,3,4,2,5,5,2,5,2,6,5,5,5,3,7,7,7,2,2,7,6,7,2,7,7,5,2,2,4,1,4,6,5,4,1,2,2,6,1,5,1,6,7,5,3,2,7,7,5,4,7,1,7,6,7,7
1052,3,1,4,5,10,2,1,10,5,4,8,10,10,10,10,10,10,3,4,7,7,7,7,7,7,7,7,2,2,1,1,1,1,1,2,1,1,1,1,2,1,2,1,10,9,2,1,10,10,10,10,10,9,10,10,10,9,10,1,10,10,5,7,7,7,7,7,7,7,7,7,7,7,7,7,7,7,7,9,10,7,7,7,7,7,7,7,7,7,7,7,7,7,7,7,7,7,7,7,7,1,1,1,1,7,1,7,7,7,10,10,7,7,7,7,7,1,1,7,1,7,7,7,1,7,1,7,7,7,7,7,7,7,7,7,7,7
1053,3,2,3,158,158,1,6,7,12,0,2,5,6,2,3,1,9,2,3,4,2,3,2,4,1,2,7,2,1,1,1,1,1,1,4,1,2,1,1,2,2,2,1,5,7,4,4,10,7,4,2,7,5,5,2,5,2,2,2,3,7,5,7,1,6,5,4,3,4,3,2,2,5,4,4,4,5,1,1,8,2,3,4,2,2,4,2,5,5,2,5,6,6,6,4,6,6,6,5,6,6,6,7,1,1,7,3,3,1,2,3,1,4,1,1,5,5,5,1,5,5,5,6,3,2,1,5,7,2,5,5,7,7,6,1,2,7
1054,3,2,2,158,158,3,1,7,12,3,3,7,5,3,4,3,8,2,3,5,2,3,4,2,4,5,1,1,2,1,1,1,1,1,4,2,1,2,2,2,1,1,1,7,6,5,5,5,8,3,3,8,7,5,3,10,10,10,9,2,5,5,6,2,5,4,4,4,4,5,6,7,5,5,5,3,5,1,1,1,2,6,1,2,2,6,6,6,7,5,5,6,6,7,1,7,6,5,6,6,7,5,7,1,1,7,5,1,2,2,10,1,1,1,1,5,7,4,1,6,7,2,2,5,3,3,7,6,5,7,6,6,7,6,6,4,7
1055,3,2,3,234,234,3,1,3,3,5,3,10,10,8,10,10,10,2,2,4,7,5,7,4,6,5,4,1,1,2,2,1,2,2,2,1,1,1,1,1,2,2,1,10,10,1,1,10,10,10,10,10,10,10,10,10,10,10,1,10,10,5,6,6,5,5,6,6,5,5,6,6,5,5,7,6,5,6,10,10,6,6,4,7,6,3,6,4,3,5,6,5,7,6,7,6,5,7,5,6,6,5,2,5,6,7,4,5,6,10,10,6,5,6,7,5,4,7,7,3,6,7,7,6,6,7,6,7,7,6,7,5,6,6,6,6,7
1056,3,2,1,158,158,1,4,7,12,0,3,7,5,2,3,1,7,2,2,4,2,7,3,1,4,1,5,1,1,1,1,1,1,1,2,1,1,1,1,1,2,2,1,1,2,9,3,6,5,2,2,8,1,1,1,8,7,7,5,5,2,5,5,3,3,5,3,6,2,5,6,6,6,6,3,5,5,1,1,7,3,6,3,2,1,6,2,6,6,4,6,7,6,7,2,7,2,2,2,2,5,6,7,1,1,6,5,5,6,2,1,1,1,1,1,4,6,4,2,3,6,1,6,2,1,1,6,7,4,6,7,7,7,6,3,4,7
1057,3,2,1,158,158,2,4,3,4,-5,3,1,1,1,1,1,2,1,1,4,5,2,1,4,2,1,6,2,1,2,2,1,2,1,2,2,1,2,2,2,1,1,2,5,8,3,2,10,10,6,5,6,4,6,4,5,5,7,8,3,8,5,4,1,3,3,4,2,6,2,4,3,2,1,5,5,1,1,7,7,2,1,6,6,1,7,6,1,1,2,1,3,1,2,3,1,3,2,1,2,3,4,4,5,5,1,4,1,2,7,6,2,4,2,4,1,4,1,1,1,1,4,1,2,3,1,4,2,2,6,6,2,3,2,7,1,7
1058,3,1,4,158,158,3,1,7,7,3,3,8,8,3,8,1,3,2,2,5,5,1,7,7,5,7,2,1,1,1,1,1,1,1,4,2,1,1,2,1,2,1,2,4,6,5,5,7,7,7,7,6,6,7,7,7,8,7,4,6,7,5,6,6,7,7,6,6,6,7,6,7,6,7,6,6,7,6,8,7,7,7,6,6,7,6,7,7,6,6,7,7,7,7,7,6,6,6,7,6,5,1,7,1,1,6,7,1,1,7,8,6,7,6,7,7,6,7,6,7,6,7,7,6,6,6,6,7,6,7,6,7,6,7,7,6,7
1059,3,2,1,185,185,2,4,7,2,-1,2,8,10,6,5,5,10,2,2,1,1,4,1,3,1,1,4,2,1,1,2,1,1,1,4,2,1,2,1,2,1,2,2,1,8,3,3,6,8,5,1,8,10,1,1,1,1,1,9,5,3,5,7,3,7,6,5,4,3,3,4,3,4,5,4,5,6,4,5,5,6,5,5,5,2,4,2,7,5,4,7,7,7,7,7,7,7,7,7,7,7,7,7,7,1,7,2,1,2,6,6,6,2,6,7,4,7,7,7,4,2,1,1,7,5,4,6,7,7,7,7,7,7,7,7,7,7
1060,3,1,4,250,158,1,6,5,8,-3,2,9,8,3,8,2,5,2,2,1,1,1,6,4,1,3,5,1,1,2,1,1,2,1,2,1,1,1,2,2,1,2,2,7,6,5,4,7,8,8,2,9,9,6,7,6,6,6,9,7,7,5,7,3,7,7,3,5,4,6,4,6,5,6,5,2,2,1,1,8,3,6,2,2,2,5,7,7,5,5,2,6,6,6,2,5,7,6,6,6,6,6,5,1,2,7,4,2,3,6,1,1,1,1,5,6,6,1,1,3,2,1,2,5,1,1,6,7,4,6,6,7,7,6,6,7,7
1061,3,2,4,158,158,2,3,10,2,5,1,10,10,1,5,1,10,2,1,1,1,7,4,4,4,4,4,1,1,1,1,1,2,1,4,1,1,1,1,1,1,2,1,5,10,1,1,10,10,10,10,10,10,5,5,5,5,5,6,5,5,5,7,1,7,4,4,4,4,4,7,7,7,7,4,4,4,4,5,5,7,1,7,1,7,1,1,7,7,7,7,7,7,7,7,7,7,7,7,7,7,7,7,7,5,7,5,1,5,10,10,1,1,1,1,1,1,1,1,1,1,4,1,4,1,1,1,7,7,7,7,7,7,7,7,7,7
1062,3,2,4,158,158,2,6,1,12,3,2,9,8,1,5,1,7,2,2,1,3,1,3,7,2,6,1,2,2,2,2,2,1,1,2,1,2,1,2,1,2,2,1,3,8,3,3,7,7,3,5,3,3,1,4,10,9,10,1,8,10,5,7,2,5,5,4,5,4,6,7,6,4,7,6,6,6,1,1,5,4,5,3,6,2,6,6,2,4,2,3,7,7,5,2,7,7,3,2,2,7,7,6,1,2,6,4,2,4,9,1,1,1,1,1,6,6,5,5,6,6,1,5,6,4,1,6,7,7,7,7,7,7,6,6,7,7
1063,3,2,5,158,158,3,6,8,12,3,3,10,6,8,2,1,10,2,4,4,4,1,6,7,3,1,1,2,2,2,1,2,1,1,2,2,2,2,2,1,2,1,1,5,9,2,2,8,10,5,6,5,6,9,5,10,7,7,5,8,10,5,7,7,7,4,7,4,4,7,7,7,7,7,7,6,7,1,1,7,7,1,5,7,7,1,1,5,2,2,2,3,6,5,1,5,5,5,2,4,2,4,2,1,4,7,5,3,1,10,1,1,1,1,1,6,5,1,5,5,5,4,6,4,1,1,7,7,1,6,7,7,7,7,1,4,7
1064,3,1,3,158,158,3,1,7,8,1,4,10,7,1,9,8,4,2,3,2,2,5,6,3,3,2,2,2,2,2,2,2,2,1,2,2,2,2,1,1,2,1,2,8,6,5,2,10,9,8,6,9,9,10,7,2,3,3,3,9,7,5,6,5,5,7,5,6,6,6,6,5,6,4,4,6,2,5,6,9,3,6,3,5,2,6,6,7,7,3,7,7,7,7,6,7,7,7,6,7,7,7,7,1,1,7,4,2,2,8,10,1,1,1,1,7,7,7,1,7,7,7,7,2,1,1,5,7,7,7,6,7,7,7,7,4,6
1065,3,2,4,158,158,3,1,9,1,2,3,9,10,9,10,3,8,2,2,5,6,5,5,5,5,4,5,2,1,2,1,2,1,2,4,1,1,1,2,1,2,1,1,8,8,3,3,8,8,4,7,5,3,8,3,5,3,6,7,4,4,5,6,5,6,6,6,6,6,6,6,6,6,6,6,6,6,6,7,7,6,6,6,6,6,6,6,6,6,6,6,6,6,6,6,6,6,6,6,6,6,6,4,6,2,6,4,2,3,8,8,1,1,2,2,1,2,2,1,1,1,1,2,6,1,1,6,6,6,6,6,6,6,6,6,6,6
1066,3,1,3,158,158,2,1,8,1,1,1,6,6,2,6,2,7,2,2,2,4,4,5,5,5,4,4,2,2,1,2,2,2,1,2,1,2,1,2,2,2,1,1,5,7,4,4,6,7,5,6,6,5,6,7,5,2,7,5,10,6,5,5,5,5,5,5,5,5,5,5,5,5,5,6,6,5,5,7,7,6,6,4,3,4,6,5,6,6,6,6,5,6,6,6,5,6,6,6,6,6,2,6,2,6,6,3,1,6,7,9,2,3,3,3,4,2,4,2,2,4,6,6,6,5,4,6,6,6,6,6,4,6,6,5,6,6
1067,3,1,6,158,158,3,5,6,12,-3,1,4,3,6,2,4,8,2,2,1,2,4,2,4,2,5,1,1,1,2,2,1,1,1,4,1,2,2,1,1,2,1,2,5,8,3,4,3,5,6,4,6,3,8,6,9,8,4,7,6,7,5,6,3,7,7,2,3,4,6,6,7,7,7,6,5,5,3,2,2,7,5,4,5,6,4,3,5,6,6,5,6,6,7,4,5,6,5,6,5,6,7,7,1,3,7,3,1,2,9,2,2,1,1,1,2,1,1,1,1,1,4,4,5,1,2,6,7,4,6,6,6,6,6,4,7,6
1068,3,1,3,158,158,3,1,7,12,-4,3,8,9,1,6,1,8,2,2,6,1,5,6,1,1,3,5,2,1,1,1,1,1,2,4,1,1,2,1,1,2,1,1,7,8,3,3,4,8,7,6,9,6,10,9,5,2,4,3,6,8,5,7,1,7,7,7,5,2,7,4,5,7,7,7,6,7,1,1,6,5,4,5,6,4,4,3,7,6,3,5,2,6,5,1,7,6,2,2,7,2,7,6,1,3,7,7,2,1,4,2,1,1,1,1,6,7,6,7,6,5,5,6,2,1,4,6,7,6,6,7,6,7,7,4,4,6
1069,3,1,3,158,158,2,1,7,12,-3,6,9,8,4,7,6,7,1,1,4,3,4,5,1,2,4,4,1,1,1,1,1,1,1,2,1,1,1,1,2,2,2,1,7,7,4,5,6,5,5,6,6,6,5,6,6,6,5,5,6,7,5,6,5,5,5,6,5,6,6,5,5,6,6,5,5,3,6,3,3,2,3,2,2,2,2,2,2,3,3,2,7,6,6,6,7,6,2,6,7,5,4,4,2,5,5,4,5,4,6,7,2,2,2,2,2,2,2,2,2,2,4,4,4,4,4,5,4,6,6,6,5,4,6,4,6,6
1070,3,1,1,158,158,2,1,7,12,2,5,7,10,4,8,1,2,1,2,3,4,5,4,2,1,5,4,2,2,1,2,1,1,1,2,2,2,2,2,2,1,2,1,6,6,5,3,6,6,6,5,6,4,4,3,5,6,5,7,5,5,5,4,4,4,5,4,4,5,5,5,3,3,4,3,3,4,1,5,5,6,6,4,5,3,6,4,6,7,6,5,6,7,7,5,7,7,5,6,7,5,3,5,1,2,5,3,1,1,7,6,1,6,1,1,4,4,4,4,4,4,4,2,4,1,4,6,6,5,4,5,6,4,6,4,5,6
1071,3,1,3,158,158,2,1,8,12,3,5,2,8,7,7,2,8,2,2,2,2,2,2,2,2,2,2,1,2,2,2,1,2,2,4,2,1,2,2,2,2,1,2,2,2,9,9,8,2,8,2,2,8,2,2,2,2,7,2,7,2,5,6,7,6,6,6,6,7,7,7,6,6,5,5,6,6,6,7,7,6,7,6,7,6,7,7,6,6,7,6,7,7,7,6,7,6,6,6,6,5,1,1,4,1,6,4,4,5,8,8,4,5,5,4,6,5,5,5,6,5,5,5,5,6,5,6,7,6,6,7,7,7,6,7,6,6
1072,3,1,4,158,158,3,1,7,12,2,4,6,3,1,3,1,8,2,2,2,2,5,4,4,1,7,1,2,2,1,2,1,1,1,4,2,2,2,2,2,1,2,2,4,9,2,2,5,5,2,2,7,7,7,1,10,10,10,8,2,1,5,7,1,7,6,4,1,4,6,7,6,3,6,4,2,2,1,1,1,4,3,3,2,2,6,6,7,6,4,6,7,6,7,2,6,6,5,3,3,7,7,7,1,1,6,5,3,2,6,2,1,5,1,1,7,7,7,1,6,7,7,7,4,1,6,4,6,7,7,7,6,7,6,5,4,6
1073,3,2,1,41,158,1,1,6,2,0,5,10,8,5,8,2,10,2,4,4,4,3,4,4,5,4,4,2,2,2,2,1,2,1,2,2,2,2,2,1,1,1,2,5,6,5,5,6,6,9,6,7,5,9,7,8,10,7,4,7,10,5,1,5,4,4,1,1,3,4,4,4,7,6,5,6,1,3,8,8,4,3,4,2,6,3,5,4,3,4,3,7,7,7,7,7,7,1,1,7,7,7,7,1,7,7,6,7,7,6,7,5,3,7,4,4,6,5,6,5,5,6,7,4,5,3,5,5,5,6,5,5,5,2,5,5,6
1074,3,1,3,158,158,1,1,8,1,0,3,7,7,2,4,1,8,2,2,1,2,6,2,2,2,2,5,1,1,1,2,1,1,1,4,1,1,1,1,2,2,2,2,4,5,6,5,4,5,7,2,6,9,9,5,5,5,7,5,1,7,5,6,2,6,5,4,2,3,6,5,6,6,6,5,1,2,1,7,7,2,6,1,3,1,7,7,6,7,7,5,7,7,7,3,7,7,6,7,7,6,5,7,1,1,7,4,1,1,2,8,1,1,1,1,7,7,1,1,7,7,7,7,4,1,1,7,7,7,7,7,7,7,6,3,6,6
1075,3,1,3,158,158,3,1,7,2,-2,4,7,8,1,5,2,6,2,2,3,1,5,5,2,1,6,5,2,1,2,1,1,2,1,4,1,1,1,2,1,1,1,1,5,6,5,7,7,8,8,3,8,6,4,2,4,4,2,4,7,6,5,4,2,3,5,5,6,3,3,2,3,6,6,6,3,3,1,6,5,1,5,1,2,3,6,6,7,7,6,7,7,7,7,1,7,7,7,7,7,5,1,7,1,1,6,4,2,1,5,4,1,4,5,1,7,7,7,1,6,7,7,4,3,1,1,7,6,5,6,7,7,5,6,3,3,6
1076,3,2,3,158,158,3,2,7,3,3,6,9,10,8,8,8,8,2,1,5,5,4,5,6,6,6,5,2,2,2,1,1,1,1,4,2,2,1,1,2,1,1,2,8,9,2,5,9,8,6,9,7,7,8,8,9,9,8,4,8,6,5,5,6,5,6,5,5,6,5,6,6,7,7,6,6,5,5,8,8,5,6,5,6,6,6,6,6,4,3,5,5,6,6,6,6,6,6,4,5,5,4,6,5,6,5,4,6,6,9,7,5,5,6,6,6,7,6,5,5,7,6,6,5,7,6,5,6,6,6,6,6,4,5,5,7,6
1077,3,1,2,158,158,3,1,8,2,2,4,8,8,2,7,5,6,1,1,5,6,6,6,4,5,6,6,1,2,2,1,2,2,2,2,2,2,1,2,1,2,1,1,7,7,4,3,7,7,3,7,7,7,7,8,7,7,7,4,7,7,5,6,6,6,6,6,6,6,6,6,6,6,7,7,6,6,6,8,7,6,6,6,7,7,6,6,6,6,6,6,5,6,6,2,6,7,6,6,6,6,6,6,6,6,6,6,6,6,8,7,3,5,4,1,4,2,5,6,1,4,4,6,3,1,4,6,7,6,6,6,6,6,6,6,6,6
1078,3,2,4,158,158,3,1,7,12,0,4,3,4,2,4,2,8,2,2,3,6,2,3,2,1,3,1,1,2,2,1,1,1,1,4,1,1,2,1,2,1,2,2,3,8,3,3,7,7,4,6,4,3,8,5,10,7,7,6,5,5,5,6,2,6,6,2,4,4,7,6,7,4,6,6,2,5,1,1,1,2,6,2,2,2,6,6,7,7,2,7,6,6,6,2,6,6,6,6,6,6,6,7,1,1,7,5,4,2,1,1,5,5,2,4,1,1,1,4,1,2,6,6,5,3,4,6,6,4,6,6,6,7,6,3,2,6
1079,3,2,5,158,158,3,6,9,2,3,2,8,8,6,6,6,8,1,4,4,4,3,5,5,4,5,2,1,1,1,2,1,2,1,2,1,1,1,1,2,2,2,1,7,6,5,4,7,8,7,6,8,7,8,7,8,9,8,5,7,9,5,6,3,3,5,5,3,3,5,5,6,5,4,6,6,6,4,7,5,3,6,3,4,2,6,5,7,6,5,4,5,6,7,4,6,6,4,5,5,6,6,7,1,2,7,2,2,2,6,6,4,5,4,1,4,4,4,4,4,6,4,3,4,5,3,5,6,5,6,6,6,6,6,6,6,6
1080,3,2,1,158,158,2,1,7,12,-1,4,8,3,4,4,2,6,2,3,7,6,1,6,2,2,5,1,1,2,1,1,1,1,1,2,2,2,2,2,2,1,2,2,2,3,8,8,3,10,3,5,4,3,5,3,8,8,9,5,6,4,5,3,3,3,5,4,4,4,6,7,7,3,4,5,4,3,1,1,1,5,7,4,4,3,4,4,4,4,3,5,3,6,5,3,6,5,5,4,3,5,5,5,1,1,6,3,2,3,4,6,1,2,1,1,4,5,4,2,4,5,1,4,1,1,1,3,4,4,4,6,4,6,4,2,4,6
1081,3,1,2,158,158,1,1,7,12,0,2,8,6,5,5,1,8,2,2,5,5,4,4,1,1,4,7,1,2,1,1,1,1,1,4,1,1,1,2,2,1,2,2,6,8,3,3,7,6,3,1,3,7,1,1,3,7,4,4,1,3,5,7,4,6,3,2,4,6,6,5,6,2,5,5,4,4,1,1,1,2,5,2,2,1,6,6,6,7,4,2,6,7,7,6,7,7,7,7,7,4,6,4,4,1,7,2,1,1,1,5,1,1,1,1,7,7,7,7,7,7,7,7,1,1,4,6,6,6,7,6,6,6,6,6,6,6
1082,3,2,3,158,158,3,1,8,12,3,3,9,8,2,6,2,8,1,3,1,3,5,2,1,1,2,4,2,2,2,1,1,1,1,2,2,2,1,2,1,2,2,1,8,9,2,2,9,8,3,4,7,4,4,3,7,6,7,4,6,7,5,6,1,4,5,4,4,6,6,4,6,5,5,4,3,4,1,6,6,6,6,6,6,4,5,5,7,5,7,6,6,7,5,4,6,7,6,5,5,7,7,5,1,2,7,2,2,6,2,6,1,4,1,1,6,6,6,1,6,6,1,4,3,1,1,6,5,6,7,4,7,7,5,4,7,6
1083,3,1,6,158,158,2,5,5,10,-3,4,8,4,2,5,1,3,2,4,4,1,1,3,4,1,2,5,2,2,1,1,1,1,1,4,1,1,2,1,2,1,2,2,5,7,4,3,7,9,8,8,8,8,7,10,4,5,3,3,6,9,5,6,2,2,5,3,4,4,5,4,4,5,5,4,6,7,1,1,4,4,3,5,3,5,4,4,6,6,2,4,6,7,6,3,6,7,7,7,6,7,5,7,1,1,5,3,1,3,7,2,1,5,3,4,6,7,5,1,6,6,2,1,5,1,4,6,7,4,7,6,7,5,7,4,4,6
1084,3,2,4,55,158,4,2,7,11,0,4,10,10,1,8,1,3,2,4,6,7,6,7,6,2,1,7,1,1,1,1,1,2,1,4,1,1,1,1,2,1,2,2,7,7,4,3,10,10,9,9,10,8,6,7,5,6,5,1,10,9,5,7,1,7,7,4,4,4,4,1,3,7,7,6,7,7,1,10,10,7,2,7,7,7,1,7,7,7,7,7,7,7,7,7,7,7,7,7,7,7,7,7,7,1,7,2,1,1,2,10,1,7,1,1,7,7,7,1,7,7,1,1,7,1,6,7,7,7,7,7,7,7,6,7,1,6
1085,3,2,4,158,158,3,1,7,12,2,3,8,6,3,6,1,6,2,2,4,4,2,6,1,4,5,4,1,1,1,1,2,1,1,2,1,1,1,1,1,1,2,1,6,5,6,6,5,7,5,6,6,5,5,5,8,7,7,8,6,6,5,7,1,4,4,4,4,4,4,7,7,6,7,6,6,7,6,1,1,6,4,6,3,7,3,3,5,6,6,5,6,6,6,6,6,7,7,6,7,7,6,7,1,1,7,2,1,1,5,5,1,1,1,1,1,1,1,1,1,1,7,6,1,1,2,4,6,4,7,6,6,7,6,4,5,6
1086,3,1,6,158,158,4,3,6,12,-2,3,7,7,2,4,2,7,2,4,2,4,3,4,4,2,2,2,1,2,1,1,1,1,1,2,1,1,1,1,1,1,2,2,6,5,6,5,5,4,6,5,5,5,6,5,5,5,5,6,5,5,5,5,4,5,4,5,3,4,4,6,6,3,5,6,4,2,2,1,1,5,5,2,3,3,5,6,5,3,3,3,6,6,7,6,7,7,7,7,7,7,7,7,1,1,7,2,1,1,2,8,4,4,4,4,3,3,3,5,3,3,1,1,6,1,7,6,6,6,6,6,6,6,6,6,2,6
1087,3,1,2,158,158,3,1,7,3,5,8,6,7,3,3,3,8,1,3,4,2,7,5,1,5,5,7,2,2,1,2,2,1,1,2,2,1,1,2,2,1,1,2,5,5,6,6,6,6,4,9,7,6,8,6,4,3,7,1,4,6,5,7,1,7,5,3,6,7,4,7,4,6,5,5,4,6,4,8,7,7,6,4,5,5,5,4,5,5,5,5,7,5,7,5,3,7,4,7,7,7,7,7,4,5,6,4,2,2,4,10,4,4,4,4,4,3,4,4,5,5,4,4,4,2,1,6,6,7,7,6,7,7,7,7,5,6
1088,3,1,2,158,158,2,4,5,1,-3,4,5,7,3,7,1,7,1,2,5,4,6,3,2,1,1,6,2,1,1,2,1,2,1,4,1,2,2,1,2,1,2,2,6,3,8,2,8,8,5,2,7,7,4,5,2,4,2,3,5,6,5,5,2,5,4,4,3,4,3,5,3,5,5,3,1,4,1,7,7,6,2,6,5,5,3,3,6,7,6,6,7,7,7,5,7,7,6,7,7,6,7,7,1,1,7,2,1,1,1,9,2,2,1,1,7,7,7,1,7,7,2,2,7,5,5,6,6,2,6,6,7,6,6,5,2,6
1089,3,1,3,158,158,3,1,8,2,0,5,8,7,5,8,8,8,2,2,4,4,3,4,3,1,4,3,1,1,2,1,1,1,1,2,1,1,1,1,1,1,2,2,2,2,9,3,3,5,2,3,3,5,2,3,2,2,2,9,3,4,5,6,6,6,6,6,6,6,6,6,6,4,4,4,6,6,1,3,4,4,4,4,4,4,4,4,6,4,4,4,7,7,7,7,1,7,7,7,7,7,7,7,7,7,7,7,7,7,8,8,3,4,2,2,6,4,6,6,6,6,3,3,6,2,5,6,6,6,6,6,6,6,6,6,6,6
1090,3,1,1,158,158,1,4,7,12,1,5,9,8,2,7,2,7,2,2,3,5,3,5,2,1,2,5,1,1,1,2,1,2,1,4,1,2,1,1,2,1,2,2,9,8,3,2,6,9,3,4,10,7,8,2,2,4,2,7,9,4,5,6,3,2,2,6,1,2,2,3,5,5,6,3,1,1,1,2,2,3,6,2,2,2,5,6,7,7,5,7,7,7,7,2,7,7,5,7,7,7,7,7,1,2,7,4,3,3,2,7,5,3,4,2,4,7,6,2,5,6,6,6,4,1,3,5,7,5,7,6,7,6,5,4,2,6
1091,3,1,4,158,158,3,1,6,3,-2,3,8,8,9,3,3,4,2,2,5,5,3,6,2,6,3,3,1,1,1,1,1,2,1,4,1,1,1,1,2,1,2,1,8,6,5,4,8,8,7,4,8,7,9,8,7,6,5,7,9,7,5,7,6,6,6,6,5,2,6,6,6,2,4,6,6,7,3,8,8,6,2,6,5,5,5,5,6,6,6,6,7,7,7,7,7,7,7,7,7,6,7,7,3,1,7,3,1,1,7,8,4,5,5,3,3,3,3,3,2,5,5,5,2,1,2,6,7,6,5,6,7,5,6,6,7,6
1092,3,1,3,158,158,2,1,8,1,1,8,6,4,7,5,6,7,3,2,3,5,4,3,3,2,6,5,2,2,2,2,1,2,1,2,1,2,2,1,2,2,2,1,8,7,4,4,4,7,4,6,7,4,6,5,5,8,9,4,8,5,5,4,3,5,6,4,4,6,3,4,5,6,6,7,6,4,4,4,7,6,5,4,4,5,2,6,7,6,3,4,5,5,5,7,3,6,4,3,6,4,4,5,6,6,5,3,4,5,6,6,3,4,5,6,2,4,6,3,5,4,5,3,6,5,3,5,4,4,3,5,2,6,3,4,5,6
1093,3,1,2,158,158,2,2,9,12,2,3,8,7,8,8,9,8,1,3,5,6,4,6,4,5,5,5,2,1,2,1,1,2,1,4,1,1,2,1,1,2,2,2,9,8,3,3,7,9,9,9,7,8,8,8,7,9,8,4,9,8,5,6,5,6,6,5,6,6,5,5,4,5,5,5,6,6,6,8,9,6,5,6,6,6,7,5,5,5,5,6,6,5,5,7,6,6,6,7,6,6,5,6,5,5,5,4,6,6,9,10,5,6,5,5,5,6,5,5,4,4,6,6,5,5,6,6,6,5,6,6,7,7,5,7,5,6
1094,3,2,2,158,158,2,1,8,12,-3,3,7,4,1,4,1,8,2,2,1,1,7,6,3,1,1,4,1,1,2,1,1,1,1,4,1,1,2,1,2,1,2,2,8,6,5,5,8,4,7,4,5,7,6,3,5,3,2,6,4,3,5,5,3,3,4,3,2,2,4,3,5,5,3,5,2,2,1,1,3,2,6,2,5,2,5,5,7,5,3,6,7,7,7,1,5,7,6,5,2,7,7,5,1,1,6,2,2,2,6,1,1,1,1,1,6,6,7,1,1,7,1,5,3,1,3,6,6,3,6,6,7,7,6,3,1,6
1095,3,1,2,158,158,2,1,8,12,1,6,7,8,9,7,6,9,3,2,7,4,5,6,6,5,5,7,1,1,1,2,1,1,1,4,1,2,1,2,2,1,2,2,8,7,4,3,7,9,7,7,8,7,7,7,6,8,8,3,8,6,5,5,6,6,7,6,7,6,6,4,5,5,5,4,6,6,7,1,3,5,5,6,5,5,7,4,6,6,6,6,6,7,5,6,6,5,7,6,5,5,6,7,5,1,7,6,6,7,9,8,6,4,3,5,7,7,7,1,6,7,5,2,6,1,1,6,6,5,6,7,6,5,7,7,7,6
1096,3,1,4,158,158,3,1,8,12,-3,3,10,8,2,9,2,6,1,4,5,4,4,6,2,2,1,6,1,1,1,1,1,1,1,4,1,1,1,1,2,1,1,2,6,7,4,3,3,9,5,3,7,4,6,7,1,1,1,6,6,6,5,6,2,5,3,5,3,2,2,5,4,5,3,4,2,4,1,1,2,3,6,3,3,1,6,6,6,7,3,5,7,6,7,4,7,7,6,7,7,7,6,6,1,1,7,4,1,1,1,6,4,1,1,1,4,5,5,1,3,6,1,3,6,1,5,7,6,5,7,7,7,7,6,7,7,6
1097,3,1,3,158,158,2,1,5,11,0,4,8,10,1,9,2,8,2,2,4,6,7,6,7,1,1,6,1,2,2,2,1,2,2,2,1,1,2,2,1,2,2,1,5,10,1,1,1,10,2,2,7,9,4,8,2,2,2,3,5,8,5,6,2,6,6,5,5,4,2,1,1,7,7,6,6,6,4,2,10,4,6,4,3,4,4,5,4,5,6,4,7,6,7,4,5,6,6,6,6,7,7,3,4,2,7,4,2,4,2,2,1,1,1,1,2,2,3,2,1,2,2,3,1,1,2,6,6,6,6,7,6,4,7,7,6,6
1098,3,1,4,158,158,4,1,8,1,-1,4,6,2,2,2,2,9,2,2,1,1,5,1,7,3,1,7,2,1,1,1,2,1,1,4,1,1,2,1,1,1,2,1,3,3,8,2,5,6,2,2,7,7,5,5,2,2,1,3,2,6,5,6,2,2,6,4,2,2,4,2,3,6,5,4,4,5,1,7,7,5,6,2,3,2,4,4,4,5,1,2,6,6,7,1,7,7,2,7,6,4,2,7,1,1,7,5,1,2,2,10,1,1,1,1,6,7,7,1,6,7,6,6,1,1,2,5,7,1,7,7,7,5,5,5,6,6
1099,3,1,1,158,158,2,4,7,12,0,2,8,8,3,5,6,9,2,4,5,2,6,3,2,5,3,5,2,1,2,1,2,2,2,2,1,2,1,1,1,1,1,1,6,4,7,6,6,10,6,6,4,8,6,7,5,4,5,6,5,5,5,5,3,3,5,4,4,4,6,3,2,6,5,5,1,4,4,2,1,2,6,5,3,3,7,4,4,4,3,5,7,5,7,4,7,7,4,4,5,5,4,4,1,1,7,5,2,1,6,4,5,3,4,2,3,5,3,4,5,3,6,3,4,4,5,3,6,5,7,3,4,3,5,2,2,6
1100,3,1,4,234,234,4,1,7,3,0,3,6,6,7,7,6,7,4,2,2,3,4,2,3,2,3,2,2,1,2,2,2,2,2,4,1,2,2,1,1,2,1,1,7,7,4,4,7,7,6,7,6,6,7,7,7,7,7,4,7,6,5,5,6,5,6,5,5,5,6,6,6,5,6,6,5,6,5,7,7,6,6,5,5,5,6,6,6,6,6,6,6,5,6,5,5,5,5,6,6,6,6,6,6,5,5,5,6,5,7,7,4,5,5,4,3,4,5,4,5,4,5,3,4,4,3,6,5,5,6,5,5,6,5,3,5,6
1101,3,1,2,158,158,3,1,7,3,1,6,8,6,5,5,1,5,2,2,5,5,4,6,5,5,4,4,1,1,1,1,1,1,1,2,2,2,2,1,1,2,2,1,7,3,8,5,8,8,7,5,7,8,8,7,6,7,6,4,6,7,5,6,6,6,6,6,4,5,5,4,5,6,5,5,5,6,4,6,6,5,6,5,5,6,5,5,6,5,5,6,5,6,7,4,7,6,4,5,4,3,5,5,1,1,6,4,1,5,6,6,5,5,6,5,4,4,5,4,4,6,1,5,4,1,1,5,6,4,4,4,7,6,6,4,6,6
1102,3,1,5,158,158,4,3,4,12,-3,3,7,5,2,4,2,7,2,2,4,6,1,6,2,3,5,3,2,1,2,1,1,1,1,4,1,2,2,1,1,1,2,1,5,6,5,4,6,7,7,6,6,6,6,6,10,10,9,5,6,7,5,7,1,7,5,4,4,2,5,7,5,5,5,5,5,5,4,1,8,5,7,4,3,4,5,3,7,4,5,7,7,7,7,3,7,7,7,7,7,7,6,7,1,1,7,3,1,1,1,10,1,6,1,4,1,1,2,3,1,4,1,1,4,1,2,7,7,5,7,7,7,7,7,5,7,6
1103,3,2,5,158,158,4,1,8,1,-2,2,10,8,1,7,1,8,2,2,4,2,5,5,2,3,5,2,1,1,1,1,2,1,1,2,1,1,1,1,2,1,2,2,6,3,8,4,2,8,3,2,6,3,8,2,8,9,8,6,7,6,5,7,1,6,5,5,2,2,5,7,6,5,5,6,2,2,1,7,6,5,2,5,1,2,6,6,7,7,6,5,6,7,7,2,6,7,7,5,7,6,7,7,1,4,7,4,1,2,2,9,1,4,3,1,6,7,7,1,4,7,7,6,7,1,4,7,7,7,7,7,7,7,7,6,2,6
1104,3,1,3,158,158,1,1,8,1,5,3,10,10,2,7,2,7,2,2,3,7,2,7,3,6,6,3,1,1,1,1,1,1,1,2,1,1,2,2,2,2,2,2,8,6,5,8,8,7,10,9,10,10,10,8,7,10,10,2,8,9,5,7,5,6,5,6,6,7,7,7,7,7,5,4,6,6,6,7,9,6,5,7,7,7,6,7,7,6,6,7,7,7,7,3,7,7,6,2,7,7,5,7,1,1,7,6,5,1,2,10,1,1,1,1,7,6,5,2,7,7,2,4,5,4,3,5,7,7,7,7,7,6,7,7,7,6
1105,3,1,5,158,158,3,1,8,12,-1,4,8,7,4,7,1,8,2,4,2,2,4,2,3,1,1,5,1,2,1,1,1,1,1,2,1,1,2,2,2,1,1,2,6,6,5,2,6,7,4,3,10,7,7,2,3,4,2,3,3,5,5,6,1,4,2,4,1,1,5,2,3,3,5,2,1,1,1,1,1,1,5,1,3,1,6,6,6,6,4,5,7,6,6,4,6,6,6,4,5,7,6,4,1,1,7,5,3,2,2,9,1,1,1,1,6,7,6,1,6,7,1,3,6,1,2,6,7,7,7,7,7,2,6,4,7,6
1106,3,1,2,158,158,3,1,7,1,3,6,6,8,9,4,4,6,2,2,3,2,5,3,2,4,6,1,1,1,1,1,2,1,2,2,1,1,2,1,1,1,2,1,8,9,2,3,8,7,7,8,7,7,7,9,8,6,7,5,9,7,5,6,6,6,6,7,6,5,6,6,6,6,7,6,6,6,4,7,7,6,6,3,6,2,7,7,6,7,7,6,4,7,7,6,6,6,7,7,7,5,6,6,5,1,6,4,1,5,9,9,1,1,1,1,2,6,3,6,1,2,2,3,6,3,3,6,6,7,6,6,6,7,6,6,5,6
1107,3,2,2,158,158,1,1,7,12,0,4,5,4,5,3,1,7,1,1,4,7,4,4,4,2,2,4,2,1,2,2,1,2,2,2,2,1,2,1,1,1,1,2,6,1,10,10,9,7,10,5,10,10,7,8,5,4,2,4,2,10,5,4,1,2,7,1,4,4,4,4,5,7,7,4,4,4,1,2,2,1,4,1,4,6,1,2,4,4,1,1,4,1,4,1,5,4,4,4,4,5,1,7,1,1,6,6,2,4,5,1,1,5,1,1,5,2,4,5,2,6,1,6,1,1,1,5,6,4,6,5,7,7,4,4,6,6
1108,3,1,3,158,158,3,3,7,12,-1,6,8,2,4,3,1,8,2,2,2,2,5,3,2,1,2,5,2,1,1,2,2,2,2,2,1,2,1,1,2,2,2,2,4,6,5,1,2,5,4,3,10,3,6,5,4,3,4,3,4,7,5,6,1,6,6,2,2,5,4,2,3,5,7,4,7,7,1,1,5,5,3,4,3,3,4,5,5,5,5,4,5,5,7,3,5,6,3,4,5,5,3,7,2,3,6,5,4,3,6,6,1,3,1,1,6,5,6,2,6,6,5,6,4,2,4,5,7,5,4,6,7,5,5,5,4,6
1109,3,2,5,14,14,2,3,7,2,-3,3,9,8,7,6,3,6,2,2,5,5,3,5,6,1,5,4,1,1,1,1,1,1,1,4,1,1,1,2,2,1,1,2,3,3,8,8,3,3,4,4,4,3,5,3,3,3,4,8,3,4,5,6,1,2,3,5,6,6,5,6,6,5,6,6,5,6,1,5,3,4,6,6,2,1,6,6,6,6,6,3,6,6,6,6,6,6,6,6,6,6,3,7,4,1,7,4,2,3,5,9,1,4,4,4,1,1,1,1,1,1,4,5,4,4,4,6,6,6,6,6,6,6,6,6,6,6
1110,3,1,1,158,158,1,1,5,9,2,2,5,5,3,4,2,8,2,3,2,3,6,2,2,2,5,2,1,2,2,2,1,2,1,2,1,2,2,2,2,2,2,2,6,7,4,8,8,4,4,6,8,2,3,8,4,5,10,6,3,3,5,2,4,5,2,4,4,4,6,5,3,4,6,4,3,6,2,1,2,6,3,2,2,3,5,7,5,2,4,6,6,5,7,2,4,6,7,6,6,5,6,7,1,3,6,6,3,3,7,5,3,6,6,3,5,6,2,6,5,4,1,1,6,2,4,6,5,7,6,6,6,3,4,7,6,6
1111,3,1,5,158,158,1,3,6,2,3,3,6,5,7,6,7,7,2,2,4,2,3,2,3,3,3,3,1,2,1,2,1,2,2,4,2,1,2,2,2,2,1,2,4,6,5,5,7,6,7,6,7,7,6,6,7,6,7,6,7,7,5,5,5,5,5,6,6,5,6,5,6,5,6,6,5,5,6,7,6,5,5,6,6,5,6,6,5,7,6,6,6,6,5,5,6,6,6,5,6,6,6,6,5,6,6,5,6,6,3,6,5,5,6,2,5,6,6,5,6,6,6,6,6,6,6,6,6,6,5,6,5,6,5,6,5,6
1112,3,2,2,158,158,1,1,8,12,1,4,8,7,7,6,9,8,2,4,6,7,6,5,7,6,5,5,2,2,2,2,2,2,1,2,2,1,2,1,1,2,1,2,9,9,2,2,9,8,9,9,9,8,9,8,8,8,8,2,8,8,5,5,5,3,3,6,4,6,3,4,3,3,5,5,5,1,3,9,9,1,4,5,5,5,6,4,7,4,6,7,1,2,5,5,7,4,6,1,7,5,6,5,5,7,7,6,5,4,10,8,6,6,7,6,6,6,5,6,5,6,1,6,6,3,7,5,7,7,6,6,7,7,7,6,6,6
1113,3,1,2,158,158,2,1,8,12,2,6,7,8,6,8,5,7,3,2,5,2,5,5,2,2,3,4,1,1,1,1,1,2,1,2,1,1,1,1,1,1,2,2,6,6,5,3,8,7,8,4,8,8,8,9,7,5,6,4,6,7,5,4,2,6,5,4,4,2,5,6,6,2,6,2,3,6,1,2,2,2,6,3,3,2,6,6,6,6,6,3,2,3,7,2,6,7,6,6,6,2,2,7,3,2,7,3,2,1,3,8,4,2,2,2,6,6,6,2,5,6,6,6,4,2,2,5,6,6,6,6,6,5,6,2,2,6
1114,3,1,4,23,23,1,6,5,2,-2,3,7,6,2,5,2,7,2,2,4,4,4,5,4,4,4,4,2,2,1,2,1,2,1,4,1,2,2,2,2,2,2,2,5,7,4,4,3,5,6,5,5,6,5,5,5,5,5,6,5,6,5,6,4,4,6,4,5,5,4,4,5,4,5,5,4,4,1,7,5,5,4,5,5,5,4,5,5,6,2,4,5,7,7,4,5,7,7,5,7,3,1,7,1,1,6,2,1,1,2,2,1,1,1,1,4,4,4,4,4,4,4,5,4,3,5,6,7,6,7,7,6,6,7,4,4,6
1115,3,1,1,158,158,1,1,4,10,2,2,6,5,2,4,1,7,2,2,2,3,5,2,2,1,3,2,1,1,2,2,2,1,1,2,2,2,2,2,2,2,1,2,5,5,6,3,7,7,7,3,5,6,7,2,7,6,6,3,4,5,5,6,2,3,3,5,2,2,6,2,5,3,4,2,2,2,1,2,5,1,5,2,3,1,6,6,5,5,4,5,4,6,7,4,5,6,5,4,6,1,5,7,1,1,6,4,2,3,1,9,1,1,1,1,5,3,4,5,1,5,5,1,3,2,1,4,6,6,6,6,7,5,5,2,1,6
1116,3,1,3,158,158,3,1,7,1,1,5,5,7,7,6,7,7,3,4,5,6,6,5,6,5,6,5,2,1,2,2,2,2,2,2,1,2,1,1,2,2,1,2,5,7,4,4,6,7,7,6,8,6,7,7,7,7,8,3,8,8,5,5,5,6,5,6,6,5,5,6,5,5,5,6,7,6,6,6,8,5,6,6,6,6,5,6,6,5,5,6,6,5,6,5,6,6,6,5,5,5,5,6,5,5,6,6,6,5,7,7,5,6,6,5,6,4,5,5,5,6,5,6,5,6,5,5,6,5,6,5,5,5,6,5,6,6
1117,3,1,5,158,158,3,5,8,12,3,3,10,10,2,5,1,5,2,2,4,7,6,7,7,1,7,1,1,2,1,1,1,1,1,4,1,1,1,2,2,1,2,2,5,6,5,3,8,9,8,2,8,1,5,2,9,5,9,9,3,5,5,7,1,7,7,2,6,4,7,7,7,6,6,4,5,5,2,1,5,5,3,5,5,5,5,5,6,7,6,6,7,7,7,4,7,7,7,7,6,7,6,7,1,1,7,4,1,1,2,10,1,2,1,1,7,7,7,1,6,7,4,3,5,1,3,6,6,6,7,7,7,6,7,4,6,6
1118,3,1,4,158,158,1,1,7,12,2,3,6,6,4,3,1,7,3,3,4,1,6,5,6,3,4,3,1,1,2,1,1,2,1,2,1,2,1,2,2,1,2,2,8,8,3,3,4,7,6,6,7,6,4,6,7,4,7,5,3,6,5,6,2,5,4,5,2,2,4,6,5,2,4,5,2,5,1,1,3,2,4,2,2,2,6,6,5,6,5,5,5,4,7,2,7,7,5,7,7,3,4,7,1,1,7,3,1,2,1,6,5,4,1,1,7,7,7,1,6,7,5,2,4,1,1,5,6,6,6,6,7,4,5,7,6,6
1119,3,2,4,158,158,2,1,7,1,2,3,9,8,5,7,4,7,3,3,5,5,5,5,5,5,5,5,2,1,2,2,2,2,1,2,1,1,2,1,1,1,2,1,7,8,3,4,8,8,7,8,7,8,8,6,8,7,8,4,8,6,5,7,2,7,7,6,6,6,6,6,6,6,6,6,6,6,6,8,8,6,6,6,6,5,6,5,6,5,6,6,6,5,6,6,6,6,6,6,5,7,7,7,4,1,7,4,1,4,8,7,6,6,6,5,3,2,2,5,2,2,3,3,3,3,3,6,6,6,6,6,6,6,6,6,7,6
1120,3,2,4,158,158,3,1,7,12,0,3,8,8,3,5,2,7,2,2,3,1,4,4,4,5,6,4,1,1,1,1,1,1,1,2,1,1,1,1,1,2,2,1,6,7,4,3,8,8,4,3,4,6,4,6,6,3,7,6,7,3,5,5,4,5,3,4,2,2,6,7,7,4,4,5,5,4,1,3,2,3,6,1,2,1,7,6,5,7,6,6,7,7,7,3,7,6,4,6,7,7,5,7,1,1,7,2,7,1,1,8,1,1,1,1,6,7,7,1,7,7,5,4,5,1,1,6,7,6,7,6,7,6,6,5,4,6
1121,3,1,5,158,158,3,1,7,2,-1,4,8,6,4,7,1,6,2,2,1,2,2,5,3,2,3,4,1,2,1,1,1,1,1,4,1,1,1,1,2,1,2,2,4,6,5,4,8,7,5,3,8,5,8,6,5,4,5,5,7,8,5,6,2,6,4,3,2,3,3,4,6,5,4,2,2,3,1,4,3,4,3,1,2,2,6,6,6,7,6,6,6,7,7,2,7,7,3,7,6,6,4,7,1,1,7,4,1,1,6,4,1,1,1,1,6,7,7,1,6,7,6,6,3,2,4,7,7,6,7,7,7,7,6,6,5,6
1122,3,1,4,158,158,1,1,5,1,2,3,8,2,9,2,2,10,2,2,2,6,3,2,4,1,6,1,1,2,2,2,2,1,1,2,2,2,1,2,2,1,2,2,6,6,5,5,3,8,4,5,4,3,4,4,4,8,8,7,4,4,5,4,3,4,4,4,4,4,4,4,4,4,4,5,2,4,2,6,4,4,1,5,5,5,3,5,6,5,6,5,4,6,6,2,6,6,5,6,6,3,4,7,1,1,7,3,1,1,6,6,1,1,1,1,6,7,6,1,6,6,6,6,2,2,3,5,6,6,6,6,5,6,6,6,6,6
1123,3,2,2,158,158,1,4,6,3,-1,5,8,9,5,4,2,5,2,2,4,5,3,6,2,2,2,5,1,2,2,1,1,1,1,2,1,1,1,2,1,2,2,1,7,4,7,5,3,8,5,1,7,6,5,3,2,2,2,4,9,9,5,6,4,3,3,5,4,5,4,2,2,7,6,5,5,4,1,6,6,2,6,2,2,2,5,6,5,6,4,5,5,7,7,4,7,7,6,7,7,7,7,7,1,2,6,4,1,1,3,9,1,7,1,1,3,6,3,1,2,2,2,4,4,1,1,5,6,4,6,5,7,7,7,3,6,6
1124,3,2,3,245,245,4,3,5,8,5,2,10,10,7,9,10,9,2,4,7,3,7,7,1,1,1,6,1,1,2,1,1,1,1,2,1,2,1,2,2,1,1,2,8,10,1,1,8,9,9,5,4,7,6,7,9,8,9,2,9,7,5,7,1,7,1,6,6,6,1,2,3,7,5,6,5,6,1,9,10,2,1,1,1,1,6,6,7,7,1,7,7,7,7,1,1,7,6,7,5,7,7,7,1,1,7,3,1,1,10,10,5,1,1,1,7,1,1,7,1,1,5,6,1,3,5,1,7,6,7,7,7,6,7,2,7,6
1125,3,1,3,158,158,2,1,7,2,3,3,10,10,2,8,1,7,2,4,3,2,1,6,3,7,3,5,1,1,1,1,1,1,1,4,1,1,1,1,1,2,2,1,10,6,5,3,8,8,8,7,10,8,7,3,7,7,8,3,7,8,5,7,1,7,7,2,6,2,7,7,7,6,7,6,6,7,1,8,8,7,6,7,7,6,2,1,7,7,1,7,7,7,7,6,7,7,7,7,7,7,7,7,7,1,7,4,3,1,2,10,6,7,1,1,7,7,7,1,7,7,3,6,5,5,3,6,7,7,7,7,7,7,7,6,7,6
1126,3,1,4,158,158,2,2,7,12,0,2,4,5,5,3,4,7,2,2,1,2,4,2,2,4,4,4,1,1,1,1,2,1,1,2,1,1,1,2,2,1,1,2,4,5,6,4,6,6,3,2,7,3,5,3,3,2,3,8,7,5,5,5,3,5,3,3,3,3,4,4,7,3,4,5,4,4,2,1,1,4,3,3,4,3,5,5,6,6,5,6,6,7,7,4,7,7,6,4,6,5,5,7,1,1,6,3,4,3,3,8,1,1,1,1,5,6,3,4,4,2,5,6,4,2,3,5,6,6,6,6,6,7,6,6,4,6
1127,3,1,1,158,158,1,4,6,8,-1,2,7,10,4,5,2,4,4,4,3,5,5,6,3,1,2,6,2,2,2,1,1,1,1,2,1,1,2,1,2,2,2,2,8,8,3,2,5,9,5,6,7,10,10,9,2,3,3,2,10,5,5,6,2,2,5,5,2,2,4,3,2,6,6,5,2,4,1,4,5,2,6,2,2,2,5,6,6,4,4,6,6,6,6,6,6,6,5,4,4,7,7,6,6,1,7,1,1,1,7,3,1,4,2,6,5,5,4,4,4,1,4,2,6,1,1,6,7,4,6,5,6,7,5,5,7,6
1128,3,1,3,141,158,2,1,10,3,4,3,8,10,3,10,8,8,2,2,7,2,4,6,2,7,2,4,1,1,1,1,1,2,1,4,1,1,1,1,1,2,2,1,8,6,5,3,8,8,6,8,8,9,6,8,5,8,6,5,6,8,5,6,6,6,6,6,6,6,6,6,6,6,6,6,6,6,6,8,8,6,6,6,6,6,6,6,6,6,6,5,7,7,7,4,7,7,7,7,7,7,7,7,1,1,7,4,1,1,5,6,1,1,1,1,4,4,4,4,4,4,1,1,1,1,1,6,6,6,7,6,6,7,6,7,6,6
1129,3,2,6,158,158,3,5,7,1,0,4,7,7,1,4,1,7,2,2,1,4,2,5,4,1,5,2,2,2,1,1,2,1,1,4,2,2,1,1,2,1,2,2,6,7,4,4,3,8,3,5,5,6,6,7,9,9,9,7,7,6,5,6,2,6,5,3,2,2,6,6,7,5,6,7,5,4,1,7,7,5,3,4,3,4,6,6,6,6,6,6,2,6,6,2,4,7,4,7,6,2,4,5,1,1,7,5,1,1,4,2,1,1,1,1,6,6,6,1,6,6,1,5,5,1,1,6,7,6,7,7,6,7,7,4,7,6
1130,3,1,2,158,158,1,1,9,2,4,4,9,8,7,7,7,8,2,4,2,1,4,2,1,4,2,5,2,1,2,1,1,2,2,2,2,2,2,1,1,2,1,1,8,9,2,3,8,9,8,7,8,10,6,7,7,6,7,3,7,8,5,2,2,4,2,4,6,2,4,3,3,5,4,5,2,3,4,9,10,3,2,4,2,5,3,5,3,2,4,4,4,6,2,2,4,2,4,4,2,2,3,4,3,5,6,2,4,2,10,9,4,4,3,3,4,4,3,5,1,3,2,4,7,6,3,4,3,4,3,1,7,2,6,5,3,6
1131,3,1,2,158,158,1,3,1,12,0,3,1,1,4,1,1,1,2,2,3,6,2,5,5,5,7,6,2,2,2,2,1,2,2,2,2,2,2,2,1,2,1,1,2,7,4,4,5,3,4,5,3,4,4,6,10,10,10,9,2,6,5,5,4,4,5,5,3,3,6,7,5,3,4,7,3,3,2,1,1,6,2,5,2,2,3,6,6,2,5,6,6,6,6,3,6,6,6,3,4,5,5,5,1,2,6,2,2,4,6,5,1,1,1,1,2,2,4,2,2,2,4,6,2,1,2,5,4,6,6,7,6,6,4,6,5,6
1132,3,2,2,74,74,3,1,8,2,0,4,10,9,9,10,8,9,1,3,5,6,7,5,4,5,6,5,2,1,1,2,1,1,2,2,1,2,2,2,1,2,1,1,7,6,5,4,8,8,8,9,9,8,7,8,9,9,8,3,8,8,5,5,6,5,6,6,6,5,6,7,6,7,6,6,7,6,6,8,8,7,7,6,7,7,6,6,6,6,7,6,5,6,6,5,6,6,6,5,5,6,5,5,6,5,6,6,5,6,8,9,6,7,7,7,6,6,7,6,6,7,7,7,7,7,7,6,6,7,6,6,6,6,6,6,6,6
1133,3,2,3,158,158,3,2,5,1,-3,3,8,5,1,5,1,8,2,2,1,7,5,1,5,5,1,3,1,1,2,1,2,1,1,2,1,2,1,2,2,2,2,2,3,2,9,6,1,2,1,1,10,1,3,1,2,2,2,10,2,4,5,7,1,6,6,5,3,2,5,1,2,6,5,6,2,6,1,10,10,3,5,1,3,1,6,6,3,2,1,3,6,7,7,1,6,6,1,5,2,7,7,7,1,2,7,5,2,4,8,8,4,5,3,1,6,6,7,1,6,4,1,1,5,1,4,6,6,4,7,7,7,6,6,1,5,6
1134,3,2,1,158,158,2,4,8,2,3,2,5,2,1,2,1,8,2,4,7,3,4,2,1,1,2,4,1,2,2,2,1,1,2,2,1,2,2,2,1,1,1,2,2,4,7,1,3,8,2,1,4,1,1,3,2,1,4,9,2,2,5,6,6,6,2,1,4,4,5,6,5,5,2,5,3,2,2,1,1,2,6,1,5,1,6,6,3,5,5,2,3,7,7,4,6,6,5,5,4,3,7,7,1,2,7,5,4,1,1,4,1,1,1,1,3,1,1,5,2,2,1,4,3,1,3,5,6,6,5,6,7,7,7,6,4,6
1135,3,1,3,158,158,1,1,3,12,0,3,2,3,6,2,2,3,1,4,2,6,2,5,2,1,3,4,2,2,2,2,1,1,1,2,2,2,2,2,1,2,2,2,6,3,8,4,5,7,10,9,7,7,7,6,7,8,6,7,8,7,5,7,1,7,7,2,4,4,7,7,7,7,7,4,5,6,1,2,2,2,5,1,4,4,6,5,7,6,4,4,6,5,5,2,5,6,6,4,4,7,4,5,1,1,7,4,2,2,7,1,1,1,1,1,4,4,4,4,4,4,5,4,2,2,1,4,7,6,5,7,5,6,6,3,4,6
1136,3,1,5,158,158,3,1,8,12,-4,3,8,4,3,6,1,8,1,1,2,2,3,3,2,4,4,5,1,1,2,1,2,1,1,2,1,2,1,1,2,2,1,2,5,4,7,4,1,4,5,5,8,4,7,7,5,4,4,4,4,8,5,7,6,6,5,3,5,5,5,5,5,5,5,5,5,3,1,1,1,4,3,5,6,4,6,3,5,7,7,6,6,6,7,5,6,7,7,6,6,5,5,6,4,3,6,3,2,1,2,6,4,3,1,1,4,4,3,5,5,4,4,6,5,6,4,6,7,5,5,6,5,7,6,3,6,6
1137,3,1,2,158,158,2,1,7,7,0,4,9,8,2,5,2,6,2,4,5,7,4,3,1,1,1,1,1,1,1,1,1,1,1,2,1,1,1,1,2,1,2,2,3,6,5,5,9,9,2,2,2,3,2,3,2,3,2,9,2,6,5,6,3,5,6,6,2,2,4,4,1,1,3,2,4,4,3,7,7,5,4,5,2,4,5,5,6,6,5,4,6,6,7,5,6,7,6,6,6,7,6,7,4,1,7,4,1,1,3,3,4,6,1,4,3,7,3,1,7,7,2,4,6,2,3,4,6,2,6,6,6,4,4,4,6,6
1138,3,1,3,158,158,2,2,7,12,-4,8,7,7,5,7,3,7,2,3,5,5,5,5,6,4,4,4,2,2,2,2,1,2,2,2,2,2,2,2,2,2,2,2,5,5,6,6,7,7,6,5,5,5,5,6,3,3,6,7,6,6,5,6,5,4,5,4,5,4,5,5,5,3,5,4,5,4,1,1,2,3,6,2,4,5,6,5,6,6,5,5,6,4,5,1,6,5,4,3,5,5,4,5,1,2,5,6,5,6,4,3,2,4,2,4,4,5,3,4,2,6,4,4,5,4,2,5,5,5,6,5,6,4,4,6,6,6
1139,3,1,4,158,158,2,1,7,1,3,2,9,9,2,10,4,7,2,4,4,2,2,5,3,2,5,3,1,2,1,1,1,1,1,2,1,1,1,2,1,1,2,1,4,8,3,2,8,7,4,7,8,6,6,6,6,7,4,2,8,9,5,7,5,6,5,2,2,3,6,3,5,6,6,5,5,6,1,4,2,2,6,3,6,3,5,7,6,7,2,7,6,6,7,6,6,7,6,6,7,6,6,4,1,1,7,2,1,1,1,9,4,3,2,1,7,7,6,5,7,6,4,5,6,5,3,5,6,6,6,6,7,7,7,5,5,6
1140,3,2,3,102,102,3,1,7,1,1,5,6,7,7,4,4,7,2,2,5,5,5,7,5,3,5,6,1,1,1,1,2,2,1,2,1,1,1,1,1,1,2,2,6,7,4,4,9,8,7,8,8,6,7,8,7,8,7,4,7,7,5,7,6,5,5,5,6,6,6,6,6,6,6,6,6,6,6,8,8,7,6,7,6,3,5,6,5,3,2,5,6,6,6,6,6,7,6,6,6,7,7,6,4,2,6,3,3,2,8,6,4,5,4,4,2,1,1,3,1,6,4,4,4,4,3,6,6,6,6,6,6,6,6,6,6,6
1141,3,2,3,158,158,1,6,8,11,0,1,10,9,2,8,2,7,2,2,1,2,5,6,5,2,4,4,2,1,2,2,2,1,1,2,1,1,1,2,2,1,2,2,2,3,8,5,7,5,8,5,5,6,5,5,5,5,6,5,2,5,5,6,2,4,4,4,4,3,4,7,5,5,4,4,4,4,1,2,9,7,5,5,4,3,5,5,6,6,6,6,7,7,7,1,7,6,6,3,6,7,7,6,1,1,6,6,5,1,6,4,1,1,1,1,6,7,6,1,7,7,1,4,4,1,2,6,7,7,5,7,4,7,7,4,4,6
1142,3,2,4,158,158,1,3,3,12,1,2,8,8,1,7,1,5,2,2,4,1,1,6,1,1,5,4,2,2,2,2,2,2,2,2,1,1,1,1,2,2,2,2,8,7,4,2,6,10,7,8,7,7,9,8,8,6,7,5,3,8,5,7,1,6,6,6,6,4,6,6,6,7,6,6,3,6,1,1,7,6,6,1,3,4,5,6,6,7,4,6,7,7,7,2,7,7,3,2,4,7,7,7,1,1,6,5,2,3,9,2,1,1,1,1,1,1,1,5,1,2,3,4,5,1,4,7,7,5,6,6,7,7,6,7,1,6
1143,3,2,3,158,158,3,1,8,12,0,3,9,9,1,9,5,8,2,3,1,1,4,5,7,5,6,4,2,2,2,2,1,1,1,4,2,2,2,1,2,1,2,2,7,9,2,1,10,7,2,2,3,2,6,3,10,4,9,9,3,5,5,7,1,7,7,2,1,1,7,7,6,6,6,6,6,6,1,1,3,7,3,7,1,5,3,2,7,7,7,7,7,7,7,3,7,7,7,7,7,7,7,7,1,7,7,2,1,1,1,10,1,4,1,1,4,7,7,1,7,7,1,1,7,1,1,4,7,7,7,7,7,6,7,7,5,6
1144,3,1,2,158,158,1,1,9,3,0,5,9,10,9,7,3,8,2,2,3,6,4,6,1,2,4,6,2,2,2,1,1,2,2,2,1,2,2,2,1,2,2,1,8,3,8,7,10,9,3,7,8,9,7,9,7,7,6,3,8,6,5,6,6,6,6,6,6,6,6,7,7,7,6,7,7,7,6,9,10,7,6,7,7,7,6,6,7,7,7,7,7,6,7,7,7,7,6,6,6,7,7,7,7,6,6,7,7,6,8,10,7,7,6,6,6,6,7,7,6,7,1,5,1,4,3,6,6,6,5,5,6,7,6,6,6,6
1145,3,2,2,158,158,2,1,6,12,1,4,8,9,1,5,1,5,2,2,6,3,2,5,2,1,2,3,1,1,1,1,1,2,1,2,1,1,2,1,2,1,1,2,8,6,5,4,10,9,7,2,8,8,4,3,2,2,1,6,2,4,5,6,6,4,4,4,5,5,2,3,6,5,4,2,4,4,2,1,5,1,6,1,1,1,7,1,6,6,1,6,6,6,6,2,6,6,6,6,6,4,4,7,1,1,5,2,1,1,1,9,1,1,1,1,1,3,3,1,1,3,6,7,1,1,2,6,6,4,6,7,7,7,6,3,2,6
1146,3,2,5,158,158,3,6,5,12,0,2,5,4,1,5,1,8,2,4,2,2,6,2,5,2,2,4,2,2,2,2,2,2,2,2,1,2,1,2,1,1,2,2,5,7,4,3,4,4,3,5,5,3,4,4,9,3,4,6,5,6,5,6,2,1,5,4,4,3,4,4,7,4,5,4,4,5,4,5,5,5,2,6,5,4,4,5,6,6,2,6,7,7,7,5,7,7,7,7,7,7,7,7,1,1,7,2,1,2,5,9,1,6,1,4,4,1,1,4,2,2,5,3,5,3,4,5,7,6,7,7,7,7,6,5,5,6
1147,3,2,5,158,158,2,1,8,12,2,2,9,9,2,9,2,7,2,4,1,4,4,4,4,1,2,2,1,1,1,1,1,1,1,4,1,1,1,1,1,1,1,2,6,7,4,3,8,8,7,6,7,7,7,8,8,8,6,3,8,8,5,5,5,5,5,5,5,5,5,5,5,5,5,5,5,5,2,2,8,5,5,5,5,5,5,5,5,5,6,5,6,6,7,7,7,7,7,7,7,7,7,7,4,1,7,4,1,3,6,6,2,7,4,2,1,1,1,5,1,1,1,1,4,1,3,6,6,6,6,6,6,6,6,6,6,6
1148,3,1,6,158,158,3,3,3,12,-3,3,8,7,2,4,4,6,2,2,1,4,1,6,5,4,6,2,1,1,1,1,1,2,1,4,1,1,1,1,1,2,2,1,5,6,5,5,5,10,6,6,5,7,6,2,10,5,8,7,10,5,5,7,2,6,5,4,4,4,6,2,7,5,6,5,4,4,1,1,1,4,3,4,4,5,5,5,6,6,7,5,7,7,7,4,7,7,6,7,7,7,6,7,1,4,7,4,2,1,5,2,1,1,1,1,7,7,7,1,7,7,3,3,6,3,6,6,7,5,6,7,6,7,6,6,4,5
1149,3,1,5,158,158,3,5,7,12,-1,2,7,7,2,4,1,8,2,2,1,2,3,3,4,1,3,3,2,1,1,1,1,2,2,2,1,1,2,2,2,1,1,2,5,7,4,4,8,6,4,4,5,7,5,3,5,3,6,6,6,7,5,6,2,6,3,4,2,2,3,3,5,4,3,5,3,3,2,1,2,2,3,2,2,1,6,6,5,6,5,4,5,5,7,2,6,7,3,5,5,6,6,7,1,1,7,5,2,1,3,8,2,3,1,1,6,6,6,1,6,6,5,6,4,1,3,6,6,6,6,6,6,6,6,5,4,5
1150,3,1,3,158,158,3,1,8,12,3,6,7,7,6,6,6,7,2,2,5,4,4,4,5,4,5,6,2,2,2,2,1,1,1,2,1,2,1,2,1,1,1,1,6,7,4,4,7,6,7,7,7,6,7,7,7,6,7,3,8,7,5,5,3,5,3,5,3,5,5,4,5,3,5,5,6,5,5,8,8,5,4,5,5,3,5,5,6,4,6,4,4,4,5,5,5,3,5,4,3,5,5,5,5,6,3,6,6,5,8,7,5,4,5,5,4,5,6,5,5,5,6,5,4,4,5,5,5,5,5,5,6,6,6,6,3,5
1151,3,2,4,158,158,3,6,6,8,0,5,8,8,7,7,7,5,2,2,4,4,4,5,5,4,5,4,1,1,1,1,1,2,1,4,1,1,1,1,1,2,2,1,4,5,6,6,5,7,6,5,5,5,5,6,5,6,5,6,5,6,5,3,4,3,4,4,4,4,4,4,4,4,4,4,4,4,4,5,6,4,4,4,3,4,4,4,4,4,4,3,4,4,4,4,4,3,4,4,4,3,3,4,4,2,4,2,2,4,6,5,4,4,4,4,4,4,3,4,4,3,4,4,4,4,3,3,4,4,4,4,4,4,4,4,4,5
1152,3,1,3,158,158,3,1,8,12,1,4,7,7,4,4,1,8,2,2,2,1,4,3,2,1,1,5,1,2,2,2,1,2,1,2,1,2,1,2,2,2,2,2,5,6,5,3,10,7,3,3,8,5,8,2,5,2,2,7,7,5,5,6,3,5,2,4,2,3,3,2,4,5,6,6,2,5,1,4,2,1,7,1,1,1,7,7,7,7,7,6,7,6,7,3,6,7,6,5,6,5,7,7,1,1,7,4,1,1,3,9,1,5,1,1,7,7,7,1,7,7,5,5,4,1,1,5,5,6,6,5,6,5,5,6,4,5
1153,3,1,3,158,158,3,1,8,1,1,4,7,7,7,7,6,7,3,4,5,6,5,5,5,6,6,5,1,1,2,2,2,1,2,4,2,2,1,2,2,1,1,2,5,6,5,4,7,7,6,6,7,7,7,7,7,7,6,4,7,5,5,5,6,6,6,6,5,6,6,5,4,5,6,4,6,5,5,5,7,5,5,6,6,6,5,5,5,6,6,6,5,4,5,5,6,6,6,6,5,6,5,5,6,5,4,5,5,6,5,8,5,5,6,6,5,6,5,5,5,6,5,4,6,5,5,6,4,6,5,6,4,5,5,5,5,5
1154,3,1,2,158,158,3,1,9,12,-1,6,9,7,4,7,2,5,2,4,1,2,4,7,4,4,2,6,2,1,1,2,1,2,1,2,1,2,2,1,2,1,2,2,8,5,6,4,5,3,3,3,2,8,7,4,5,2,1,6,6,5,5,5,5,4,4,4,3,5,4,5,5,5,5,5,4,5,1,2,2,4,4,5,4,5,5,3,3,5,4,4,2,4,6,5,7,6,5,5,2,2,4,6,5,4,5,5,6,6,8,5,5,7,4,4,5,6,5,4,5,7,3,5,5,1,3,5,5,4,6,6,6,5,5,5,4,5
1155,3,1,5,158,158,3,1,8,12,5,7,8,9,3,4,3,8,2,3,1,1,2,6,3,5,6,1,1,1,1,1,2,2,1,4,2,1,1,1,2,1,1,2,9,5,6,3,10,7,7,2,9,3,8,2,10,8,9,10,2,9,5,5,1,6,5,1,7,7,7,7,7,5,7,5,1,1,1,2,2,7,2,7,6,7,2,1,6,7,6,6,7,6,7,3,7,7,7,7,7,6,6,7,1,1,7,2,1,1,2,10,1,1,1,1,6,7,7,1,7,6,6,6,4,4,1,3,5,6,7,5,3,5,5,5,7,5
1156,3,2,1,158,158,2,1,8,1,0,4,10,8,2,3,6,8,1,2,1,3,3,3,4,1,1,5,1,2,1,1,2,1,1,2,1,1,1,1,2,2,1,2,8,5,6,6,8,10,7,6,7,7,4,7,7,6,1,5,8,6,5,5,4,6,5,5,2,2,4,3,2,4,3,5,3,4,1,4,1,3,6,3,4,6,6,6,4,3,3,4,7,6,7,2,7,6,7,6,7,7,7,4,1,1,7,5,4,3,1,6,1,4,3,1,1,1,1,1,1,1,7,7,5,1,4,7,5,7,7,6,6,5,7,7,5,5
1157,3,2,1,158,158,2,4,7,3,-2,8,10,10,5,6,7,6,2,2,4,5,4,4,4,6,6,4,2,1,2,2,2,2,1,4,2,1,1,2,2,1,1,1,10,4,7,4,5,6,4,8,4,2,6,3,3,3,9,3,5,6,5,7,6,6,5,6,7,5,3,6,5,5,4,4,5,1,5,5,2,1,1,1,6,6,6,6,7,7,2,7,1,7,6,7,1,1,6,6,1,4,4,4,4,4,4,4,2,4,6,6,7,7,1,1,1,1,1,5,7,7,1,6,1,1,6,6,3,4,5,5,5,6,5,6,5,5
1158,3,2,3,158,158,3,1,9,2,0,4,9,10,2,9,2,9,2,2,1,1,4,6,4,1,4,4,1,2,1,1,1,2,1,2,1,2,1,1,2,1,2,2,5,10,1,1,7,10,9,8,6,5,9,6,2,9,8,6,10,7,5,6,5,6,6,6,6,6,5,5,5,6,5,5,5,6,5,6,8,5,6,6,6,6,6,6,6,5,6,6,6,6,5,5,6,7,6,6,6,6,7,6,7,1,7,7,1,3,1,2,5,2,7,7,6,4,5,2,5,1,6,6,6,1,7,6,6,6,6,7,7,7,7,6,6,5
1159,3,2,3,158,158,3,6,4,12,0,3,7,8,8,8,4,5,2,2,2,3,3,4,5,2,4,5,1,2,1,1,2,2,1,2,1,2,1,2,2,2,2,2,5,4,7,5,5,6,5,5,5,6,6,6,5,5,4,6,5,7,5,4,4,4,4,4,4,4,3,3,4,6,4,5,5,4,4,7,5,4,4,4,4,6,4,3,4,4,5,5,5,6,5,4,3,4,4,5,4,5,5,7,2,5,6,4,3,5,5,6,2,3,5,1,3,2,4,3,3,4,6,6,4,3,5,4,5,4,5,5,3,5,4,5,6,5
1160,3,1,2,158,158,2,1,7,10,-2,5,6,5,3,1,1,7,2,4,1,1,4,1,2,3,3,3,2,2,1,1,1,1,1,4,1,2,1,2,2,2,2,1,3,6,5,5,7,6,6,2,4,2,3,2,4,4,6,5,2,5,5,6,5,5,2,5,5,3,3,4,3,2,5,5,1,4,1,1,1,5,5,4,4,5,2,2,7,6,5,5,6,6,7,3,7,6,6,6,5,5,4,7,1,1,6,3,2,2,4,3,2,4,2,2,6,7,6,1,6,6,1,4,6,2,4,5,6,5,6,6,6,7,6,6,4,5
1161,3,2,3,158,158,3,1,6,1,0,3,6,4,2,1,1,10,2,2,1,1,3,1,3,1,5,1,1,1,1,1,1,1,1,4,1,1,1,2,2,1,2,2,3,7,4,5,2,2,2,2,1,1,2,1,9,6,2,9,2,2,5,6,5,4,3,4,3,2,2,6,7,3,3,3,2,1,2,6,2,5,5,5,5,5,5,5,6,5,3,5,5,6,6,1,6,6,6,6,6,3,5,2,1,1,6,7,4,3,6,6,1,1,1,1,4,3,3,4,1,3,4,6,6,2,6,6,5,6,6,6,6,7,6,6,6,5
1162,3,2,2,158,158,1,3,6,12,-2,6,5,5,3,7,1,6,3,1,4,2,2,5,5,1,2,4,2,1,2,1,1,1,1,2,2,2,2,1,1,1,2,1,10,7,4,4,3,9,3,2,6,6,10,3,1,1,1,7,5,7,5,7,4,3,7,5,5,4,6,4,5,7,7,5,2,7,1,2,7,4,4,2,4,5,4,3,3,2,2,1,4,6,7,2,7,7,2,7,7,3,4,7,1,1,7,5,1,1,5,1,1,1,1,1,1,2,2,1,1,1,1,1,1,1,1,5,5,1,2,7,7,3,7,1,4,5
1163,3,2,5,158,158,3,6,6,12,1,2,4,3,4,3,1,7,1,4,4,4,5,5,5,5,4,1,1,1,2,1,2,1,1,4,1,2,2,2,1,2,2,1,2,7,4,4,2,3,1,3,6,4,7,2,10,4,9,9,4,8,5,6,2,5,4,3,2,3,6,6,7,5,5,6,5,5,1,5,5,5,3,6,4,5,5,5,6,5,3,6,4,5,6,3,5,6,6,4,6,2,4,6,1,1,7,3,2,1,1,1,1,4,1,1,6,6,6,1,6,6,4,4,4,1,2,5,7,4,5,7,7,7,5,4,5,5
1164,3,1,3,158,158,1,1,7,12,2,3,7,6,3,6,1,7,2,2,4,4,1,3,4,2,6,2,1,1,1,1,1,1,1,2,1,1,1,1,2,2,2,2,5,7,4,2,3,7,4,2,8,6,7,5,9,9,9,8,3,7,5,6,2,6,6,5,4,3,6,5,5,6,6,5,5,6,2,2,2,3,4,3,4,3,6,6,6,5,5,5,5,6,6,2,6,6,6,2,6,5,5,6,1,1,6,4,2,6,5,8,1,3,1,1,2,2,2,4,1,2,4,4,5,3,3,5,6,6,6,6,6,7,6,6,6,5
1165,3,1,3,158,158,2,1,7,2,2,6,3,2,3,2,2,8,2,2,4,5,4,5,5,4,5,5,1,1,2,2,2,2,2,4,2,2,1,1,1,1,1,1,7,6,5,4,7,6,2,5,3,3,5,5,3,4,5,7,7,4,5,5,5,6,5,4,4,4,4,5,5,5,3,4,5,5,3,5,4,5,4,5,4,5,4,3,4,4,5,4,5,3,7,3,5,5,4,5,5,5,4,2,2,5,5,4,3,2,6,7,3,2,2,2,6,6,6,4,4,5,4,5,6,3,3,5,5,5,5,5,5,4,5,5,4,5
1166,3,2,2,158,185,2,1,7,2,0,3,6,7,7,7,7,4,2,2,4,4,4,4,4,4,3,4,1,1,2,1,2,2,1,2,1,1,1,1,1,1,2,2,6,6,5,6,6,4,5,5,6,6,7,5,6,6,6,4,6,7,5,4,4,4,4,4,4,4,4,4,4,4,4,4,4,4,4,7,4,4,4,4,4,4,4,4,4,4,4,4,4,4,4,4,4,4,4,4,4,7,4,1,6,1,4,2,2,6,6,7,1,1,1,4,4,4,4,3,4,3,1,1,1,1,1,4,4,4,4,4,4,2,5,4,4,5
1167,3,1,4,158,158,1,1,8,12,4,4,4,8,2,3,1,7,2,1,4,2,5,4,5,3,7,1,2,2,1,1,1,1,1,4,2,2,1,2,2,2,2,2,6,7,4,5,6,7,7,2,8,4,7,4,9,9,9,9,3,8,5,5,5,6,6,4,3,3,7,4,5,6,5,3,4,3,2,3,2,5,5,2,2,3,5,5,6,6,6,6,5,5,6,3,5,6,3,5,5,5,5,5,1,6,6,5,1,1,2,5,1,6,1,1,6,6,6,1,6,6,7,6,2,1,1,4,6,6,7,6,6,6,5,6,4,5
1168,3,2,4,158,158,2,1,8,12,1,6,9,6,5,6,1,8,2,2,5,1,2,3,1,1,4,4,1,2,1,1,1,1,1,4,1,2,1,1,1,1,2,2,6,3,8,6,4,8,6,4,7,7,4,6,5,5,5,6,6,6,5,4,4,5,5,4,4,5,5,4,4,5,4,4,5,5,5,1,5,5,5,5,5,4,5,4,4,5,5,5,6,7,6,2,7,7,6,5,5,7,7,6,1,7,6,4,2,5,8,8,1,4,1,1,2,1,1,2,1,2,4,4,4,4,4,5,5,5,6,4,5,5,6,5,5,5
1169,3,1,4,158,158,1,6,4,12,3,1,7,3,3,6,1,5,2,2,4,6,1,6,5,2,5,1,1,1,1,1,1,1,1,4,1,1,1,1,2,2,2,2,7,5,6,4,7,9,3,4,10,7,6,6,7,8,8,7,1,7,5,7,1,3,5,3,2,1,7,6,7,5,6,2,2,2,1,1,3,4,3,2,6,3,4,4,5,7,5,5,6,7,6,2,7,7,5,6,6,6,7,7,1,1,7,2,1,1,1,3,1,1,1,1,7,7,7,1,6,6,5,4,4,2,1,6,7,1,5,7,6,7,6,1,5,5
1170,3,1,5,158,158,4,3,5,12,0,3,7,8,3,5,2,5,2,3,1,6,2,6,2,1,2,5,2,2,2,2,1,1,1,4,1,2,2,1,2,1,2,2,8,6,5,5,7,9,7,7,7,6,6,7,5,4,4,4,6,6,5,5,4,5,4,4,3,3,4,2,4,5,4,4,2,2,1,2,2,4,5,4,3,3,5,5,4,5,4,4,6,6,6,2,6,6,6,6,6,7,7,7,1,7,7,3,1,1,3,8,1,2,1,5,5,5,5,1,4,5,1,1,3,1,1,6,6,6,6,6,6,6,7,5,4,5
1171,3,1,3,158,158,3,1,6,12,1,4,8,7,2,7,3,7,2,2,2,2,3,5,3,3,5,4,1,2,1,1,1,2,1,2,1,1,2,1,2,1,2,2,6,7,4,5,7,7,8,7,8,4,7,7,8,7,7,4,6,7,5,5,3,4,5,4,3,4,5,4,5,4,5,5,5,5,2,2,2,3,5,2,2,6,4,3,5,6,6,5,3,5,7,4,7,7,6,7,7,2,2,6,2,6,6,6,6,7,3,6,1,1,1,1,5,5,5,2,4,6,5,6,4,3,3,5,5,6,7,6,5,4,6,5,3,5
1172,3,1,4,158,158,3,6,5,12,-1,2,9,10,1,8,1,5,1,2,5,4,2,6,4,1,3,2,1,1,1,1,1,1,1,4,1,2,1,2,1,2,1,1,8,2,9,8,7,7,7,6,8,9,6,6,9,7,6,5,8,8,5,6,2,4,5,4,2,2,6,4,4,3,3,2,1,2,1,1,3,2,6,2,5,2,6,4,5,5,3,5,6,6,6,4,6,6,6,6,6,7,7,7,1,1,7,3,1,1,2,7,1,5,6,1,7,7,7,1,3,7,1,1,7,2,1,6,6,6,6,6,6,6,6,4,2,5
1173,3,2,2,158,158,1,1,6,11,-4,3,7,5,1,4,1,7,1,3,2,2,5,5,2,3,2,3,2,1,1,1,1,1,1,4,1,2,2,1,1,2,1,2,5,3,8,4,6,7,4,1,3,3,5,1,2,3,6,8,2,3,5,5,3,5,6,4,4,2,3,6,7,6,7,6,4,6,1,5,8,4,6,4,2,2,5,4,5,6,6,6,2,6,6,4,6,6,5,3,6,3,6,6,4,3,7,5,4,1,3,4,3,3,3,4,5,6,6,1,4,6,5,6,3,1,1,6,6,6,5,6,7,7,3,3,5,5
1174,3,2,5,158,158,3,1,8,2,4,6,9,9,8,9,9,8,4,4,3,2,2,2,2,2,2,2,1,1,1,1,1,2,1,4,1,1,1,1,1,2,2,1,9,9,2,2,9,9,9,9,9,9,9,9,8,9,9,2,9,9,5,5,5,5,5,4,5,5,5,5,5,5,5,5,5,5,5,9,8,3,6,4,5,4,5,5,6,6,3,6,6,7,7,7,7,7,6,7,7,7,7,7,7,7,7,2,7,7,9,9,4,4,3,4,1,1,1,1,1,1,1,4,4,1,4,5,5,5,5,5,5,5,5,5,5,5
1175,3,2,4,23,23,1,6,2,11,0,2,3,3,5,3,2,7,2,2,2,2,6,3,4,1,4,2,2,1,2,1,1,1,2,2,1,1,1,1,1,1,1,1,3,5,6,5,4,4,3,2,1,2,2,2,2,1,4,4,2,4,5,6,2,5,4,4,5,4,4,4,3,4,4,4,4,4,4,4,6,4,4,3,2,4,6,5,4,4,5,4,6,5,6,1,4,6,3,6,3,7,4,7,1,3,6,4,3,3,5,3,1,1,1,1,3,3,4,3,4,4,1,6,1,1,1,4,5,4,5,6,7,5,5,5,4,5
1176,3,2,2,162,141,1,1,6,3,-1,5,8,6,7,2,1,8,4,1,4,2,5,5,5,6,1,4,1,2,1,1,2,1,2,2,2,2,1,2,2,1,1,1,8,8,3,3,4,6,4,8,3,1,9,3,9,6,5,3,7,3,5,5,1,6,5,4,6,1,1,5,1,5,4,4,4,5,4,5,7,5,1,5,5,5,7,1,5,5,3,5,1,1,6,5,1,6,6,5,1,6,6,5,1,5,1,5,6,5,8,6,6,1,4,6,4,6,3,5,5,5,1,6,1,1,6,5,6,6,4,6,5,1,6,6,1,5
1177,3,1,1,158,158,1,4,6,1,0,2,8,8,10,7,3,7,2,2,2,1,5,6,2,4,1,5,1,1,1,1,1,1,1,4,1,1,1,1,2,1,2,2,6,4,7,7,10,6,6,1,7,6,5,3,4,3,3,6,4,4,5,6,3,7,3,6,4,5,5,1,5,2,4,3,5,3,1,6,6,3,5,3,3,6,5,6,5,6,6,4,7,7,7,3,7,7,7,7,7,7,6,7,2,1,6,3,1,1,2,7,1,1,1,1,5,7,5,1,4,6,6,6,2,1,3,6,7,5,7,6,7,5,7,2,4,5
1178,3,2,3,158,158,1,1,8,12,-3,6,6,3,6,2,1,8,2,2,1,3,5,3,4,2,2,5,1,2,2,2,1,1,1,4,2,2,2,1,1,2,2,2,4,8,3,3,2,2,7,2,6,6,8,3,3,2,2,3,5,5,5,5,2,6,6,5,2,5,4,5,4,5,5,5,5,6,1,1,3,1,3,1,2,1,7,7,6,7,6,5,4,5,7,2,7,6,5,4,7,2,2,1,1,1,7,4,1,1,2,10,1,1,1,1,7,7,7,1,7,7,4,1,5,1,1,2,6,5,6,7,7,5,5,4,3,5
1179,3,2,2,86,86,1,1,7,12,2,6,7,6,7,7,7,7,1,1,4,3,2,4,4,3,3,4,1,2,2,2,2,1,1,2,2,1,2,2,2,1,2,1,7,7,4,4,7,6,7,5,7,7,5,7,6,7,6,4,7,8,5,3,2,2,3,4,4,4,3,3,3,3,3,3,4,4,4,6,8,4,4,2,4,4,3,4,2,4,4,3,3,4,4,3,2,3,3,3,3,3,4,4,3,4,3,4,4,3,7,7,3,4,4,3,4,2,3,4,3,3,4,3,3,3,4,4,4,3,3,4,4,4,3,3,4,5
1180,3,1,2,158,158,3,1,6,12,0,4,4,3,5,2,4,9,2,2,2,2,3,4,3,3,7,3,2,2,2,2,1,2,2,2,2,2,2,2,1,2,1,1,6,5,6,7,5,5,4,5,5,5,5,4,4,5,4,6,4,4,5,4,5,4,4,5,4,5,4,4,3,3,3,3,4,4,1,1,1,5,6,5,4,3,5,4,6,7,7,3,3,4,5,1,4,3,4,4,7,4,4,6,4,4,5,4,1,1,2,10,4,6,3,3,3,3,3,3,2,4,1,6,3,2,4,3,4,3,7,7,7,4,7,7,1,5
1181,3,2,5,158,158,3,6,6,1,3,2,4,4,2,2,1,7,1,3,1,2,5,2,3,6,2,6,2,1,1,1,1,1,1,4,1,1,1,1,2,2,2,2,8,4,7,5,9,6,1,1,8,3,3,2,3,3,2,4,3,1,5,6,3,5,4,5,5,4,4,4,4,6,6,5,2,2,1,10,10,3,6,1,3,1,7,5,7,7,1,5,6,6,7,4,7,7,6,7,7,5,7,7,1,1,7,5,1,1,6,8,1,1,1,1,6,6,1,1,6,7,4,7,3,1,1,7,7,4,7,7,6,6,6,5,7,5
1182,3,2,3,158,158,2,1,6,12,0,3,8,9,2,6,2,4,2,2,2,2,2,5,4,1,5,1,1,1,1,1,1,1,1,4,1,1,1,1,2,1,1,2,7,3,8,4,8,7,3,2,5,3,9,4,8,9,7,8,3,7,5,7,2,6,6,5,2,2,6,6,5,5,5,2,5,1,1,1,2,2,6,2,3,2,6,6,7,7,6,6,7,7,7,7,7,7,6,7,7,5,7,7,2,6,7,4,2,3,2,10,1,2,2,1,7,7,7,1,7,6,6,6,2,2,3,6,6,5,7,5,7,6,7,5,5,5
1183,3,1,4,158,158,3,1,8,12,1,6,7,4,3,6,1,4,2,3,2,1,4,3,4,1,2,5,1,2,2,1,2,2,1,4,1,2,2,1,2,2,2,2,5,6,5,4,4,4,4,3,6,5,7,4,4,3,3,5,4,7,5,5,2,3,4,5,1,2,3,4,5,2,3,3,2,3,1,1,4,1,4,2,2,2,5,4,4,4,4,3,4,6,6,4,6,6,5,5,5,4,4,6,3,6,6,6,5,6,3,5,1,1,1,1,1,2,2,1,1,2,4,5,4,3,4,2,3,5,5,5,6,5,5,2,4,5
1184,3,1,3,158,158,2,1,8,12,3,6,7,8,8,7,7,7,2,3,4,4,5,5,5,5,5,5,2,1,2,2,2,1,2,2,1,2,2,1,2,1,1,2,8,7,4,4,7,7,7,8,7,7,7,7,6,9,8,4,8,7,5,5,5,5,5,5,6,6,5,6,5,5,4,5,6,6,6,8,7,5,6,5,5,6,5,6,6,5,5,6,5,5,4,4,5,5,5,5,5,6,5,5,3,2,6,3,1,3,8,7,6,5,5,5,5,3,2,4,3,4,5,5,4,4,5,5,5,5,5,5,5,5,5,4,5,5
1185,3,1,4,158,158,1,3,3,1,2,6,10,10,2,8,5,6,2,3,4,4,1,5,2,3,7,2,1,1,1,1,1,1,1,4,2,1,1,1,1,1,2,1,4,3,8,1,9,5,3,3,6,5,7,5,10,7,10,10,5,10,5,7,2,6,3,4,1,3,7,7,6,3,4,2,3,2,1,7,6,6,1,6,7,5,5,5,7,7,4,3,5,7,7,5,7,7,6,7,7,3,4,7,1,1,7,3,1,1,8,1,1,1,1,1,7,7,7,1,7,7,5,4,4,2,2,7,7,7,6,7,7,7,7,5,7,5
1186,3,1,4,158,158,1,5,8,2,-3,4,7,5,1,3,1,7,2,2,1,1,2,2,2,1,6,2,2,1,2,2,1,1,1,2,2,1,1,2,2,1,1,2,4,7,4,3,6,4,6,2,4,6,7,1,7,3,6,8,4,5,5,6,2,6,3,5,6,3,3,2,7,2,2,2,2,2,1,6,5,2,6,2,2,1,6,7,6,7,6,3,6,6,7,2,6,7,6,6,7,7,5,7,1,7,7,4,3,1,1,5,1,1,1,1,6,6,6,2,6,5,2,2,6,2,5,5,7,6,6,6,6,7,6,3,6,5
1187,3,1,3,158,158,1,1,5,12,2,3,5,7,5,5,7,6,2,3,6,5,5,6,6,3,4,4,2,1,2,1,1,2,1,2,1,1,1,1,1,1,2,1,6,5,6,4,6,5,6,6,8,7,4,5,7,4,6,4,7,6,5,3,5,5,5,4,5,4,4,5,4,4,5,5,4,5,4,6,7,5,4,5,5,5,4,5,5,5,4,5,4,5,5,5,5,4,5,5,4,5,5,4,5,4,5,5,4,5,6,6,5,4,5,5,5,5,5,4,4,5,5,4,4,5,5,5,4,6,5,4,3,6,5,5,4,5
1188,3,2,4,158,158,2,1,8,2,3,4,9,9,1,9,5,8,1,2,2,1,4,3,3,2,2,5,1,1,1,1,1,1,1,2,1,1,1,1,2,1,1,1,6,5,6,5,7,8,4,8,6,3,4,2,3,2,3,8,7,5,5,6,2,5,5,3,4,4,4,5,2,6,7,6,5,5,1,5,6,6,6,5,5,4,3,3,7,7,1,7,7,7,7,6,6,7,7,6,7,7,6,7,5,1,7,3,1,1,3,1,1,1,1,1,4,7,6,1,7,6,7,7,5,3,1,7,6,3,6,6,7,7,7,5,2,5
1189,3,2,5,158,158,4,1,6,12,-1,3,8,4,4,6,1,6,2,4,1,2,2,3,3,1,2,3,2,2,2,1,1,1,1,4,1,1,1,2,2,1,2,2,8,4,7,8,5,7,9,2,10,4,7,2,7,3,3,4,10,6,5,7,1,6,5,5,1,1,5,5,5,3,5,5,3,4,1,2,7,5,4,4,3,3,3,3,6,7,2,6,7,7,5,3,6,7,5,2,5,6,5,5,1,1,7,4,2,2,1,4,4,2,2,1,6,7,7,1,6,7,2,5,6,1,4,6,7,6,7,7,7,7,7,5,5,5
1190,3,1,1,158,158,2,1,8,12,-1,7,7,4,3,5,1,4,1,1,4,4,4,5,4,1,4,4,2,2,2,2,1,1,1,4,1,2,2,1,1,1,2,2,5,7,4,4,6,6,5,3,5,5,7,4,6,5,5,5,6,6,5,4,4,5,5,5,4,4,5,4,5,5,5,5,5,5,5,5,5,6,6,5,5,6,5,5,5,5,5,5,6,7,6,7,6,7,6,7,6,7,7,7,1,5,7,3,1,1,7,10,1,4,1,1,4,4,4,4,4,4,4,4,4,4,1,5,6,5,5,4,6,6,6,5,4,5
1191,3,1,2,158,158,3,2,8,12,0,7,8,4,2,6,5,8,2,2,6,4,6,4,4,5,4,5,1,2,1,1,1,1,1,4,1,1,1,1,2,2,2,1,5,6,5,7,5,4,6,6,7,3,4,4,5,6,7,7,4,6,5,4,5,6,5,6,6,3,3,5,4,5,6,4,5,5,2,6,4,3,7,2,5,5,5,4,6,4,5,6,4,5,6,5,5,7,6,4,4,5,4,6,3,5,6,4,5,6,4,1,6,6,3,5,7,6,3,5,5,6,4,2,4,5,6,6,2,3,6,4,5,4,4,6,3,5
1192,3,1,1,158,158,2,4,9,11,-4,2,1,1,7,1,1,8,2,4,1,1,6,2,3,1,2,4,2,2,1,1,1,2,2,2,2,2,2,2,2,2,2,2,2,1,10,3,3,4,5,6,8,4,5,3,4,4,6,8,7,8,5,2,1,6,7,5,3,4,4,1,6,4,3,7,5,6,1,1,8,1,4,1,5,3,4,3,4,2,2,2,4,2,7,1,6,5,1,1,1,1,2,6,1,2,5,7,6,7,7,5,1,1,1,1,2,4,5,5,1,2,6,2,1,1,1,4,2,1,4,4,5,2,5,4,5,5
1193,3,1,3,158,158,3,1,7,2,1,5,7,7,3,5,1,7,2,2,3,3,2,5,6,4,3,2,2,1,2,2,2,2,1,4,1,2,1,1,1,1,2,1,5,7,4,3,6,7,7,6,6,7,7,5,8,6,8,7,4,7,5,5,2,6,6,6,3,5,5,3,5,7,6,4,5,6,1,8,8,5,3,1,5,5,4,4,6,7,4,5,7,7,7,2,7,7,7,7,7,6,6,7,1,7,7,2,1,1,1,2,1,4,4,1,7,7,7,1,7,7,5,4,5,2,4,6,7,4,7,7,7,5,6,2,5,5
1194,3,1,3,158,158,2,2,7,4,3,6,4,6,6,8,6,7,3,4,5,5,4,4,4,4,5,6,2,1,2,1,2,1,1,2,1,2,2,1,1,2,2,2,8,8,3,4,7,8,6,7,7,6,7,7,6,7,7,3,8,6,5,6,5,5,6,6,6,6,5,5,6,5,5,5,6,4,5,8,8,6,5,5,6,5,6,6,6,6,5,5,5,6,6,6,5,5,5,5,5,5,5,5,5,5,6,5,5,5,8,8,6,5,6,5,6,5,6,5,5,5,6,5,5,5,6,5,5,5,5,5,5,5,6,4,5,5
1195,3,2,2,158,48,4,2,7,12,1,5,6,6,5,9,1,7,2,4,1,6,3,3,2,1,3,4,1,1,1,2,1,1,1,4,1,2,2,1,1,2,2,1,2,8,3,2,10,2,2,8,9,7,2,2,8,1,6,8,7,5,5,7,3,6,3,6,4,2,3,5,5,5,4,5,3,2,5,2,6,4,2,1,4,5,3,5,6,3,5,3,6,7,7,1,7,7,2,7,6,6,7,7,2,1,7,5,2,3,3,8,3,6,5,4,3,2,4,2,1,1,2,2,6,2,5,7,5,6,6,4,6,6,4,6,7,5
1196,3,2,3,158,158,3,1,7,11,0,3,9,10,4,7,1,6,1,2,1,2,5,6,4,1,6,2,1,1,1,1,2,1,1,2,2,1,1,1,1,2,2,1,5,5,6,6,5,5,3,5,5,4,5,5,7,7,7,6,5,7,5,7,1,6,6,2,4,6,6,6,7,7,6,7,7,6,2,1,9,6,3,6,6,6,3,2,5,6,6,6,4,3,5,1,6,6,3,3,4,5,3,6,1,5,7,4,3,3,9,2,1,4,1,1,5,6,6,1,6,5,1,3,4,1,1,3,5,4,6,6,6,7,6,2,1,5
1197,3,1,4,158,158,2,1,8,12,0,2,6,4,5,3,8,8,2,4,1,1,2,1,3,1,6,4,1,2,1,1,1,1,1,4,1,1,1,2,1,2,2,1,3,2,9,9,4,10,3,1,1,1,6,1,10,10,10,10,1,5,5,7,2,6,7,1,3,2,6,7,7,6,6,5,6,5,4,1,3,6,7,5,3,3,5,6,6,6,5,5,1,6,6,1,7,6,7,7,6,1,5,1,1,1,7,3,1,7,1,10,1,1,1,1,4,7,6,7,2,5,6,7,1,1,1,5,6,2,3,6,6,7,7,2,6,5
1198,3,2,5,23,23,3,6,8,2,0,3,6,7,6,5,3,5,2,2,4,1,4,4,4,4,6,4,1,2,1,2,2,2,1,2,1,2,1,2,2,2,2,2,5,8,3,4,5,5,5,5,5,4,5,5,9,9,9,6,5,5,5,7,2,6,6,6,4,4,7,7,7,4,6,4,4,4,2,5,5,6,6,5,4,4,4,6,7,7,7,7,4,6,6,3,5,6,6,4,5,4,4,6,1,1,6,5,1,1,5,2,1,1,1,1,4,7,4,1,7,7,7,7,1,1,1,4,5,4,6,7,5,6,6,6,6,5
1199,3,2,2,185,158,2,1,6,2,0,3,8,8,8,7,6,8,2,2,4,6,5,6,6,7,5,4,1,1,1,1,2,1,1,4,1,1,1,1,2,1,1,1,7,7,4,3,8,7,7,8,8,8,8,9,9,8,9,3,6,9,5,4,4,5,5,3,5,4,6,4,6,4,5,4,4,5,5,8,7,5,4,5,5,4,6,5,5,6,5,4,6,6,6,5,5,5,4,6,5,7,5,7,4,1,7,4,1,1,7,8,5,6,5,4,4,4,4,6,6,5,5,5,5,6,2,6,4,5,5,5,6,6,5,5,7,5
1200,3,1,5,102,158,3,2,9,1,3,6,8,2,8,2,2,10,2,2,1,2,5,2,6,2,6,4,2,2,2,2,1,2,2,4,2,2,2,2,1,2,2,2,2,3,8,8,5,9,3,3,10,8,7,7,8,6,8,1,2,7,5,5,2,4,2,3,4,4,3,5,5,5,4,4,4,4,1,9,8,3,4,2,2,3,3,4,3,4,3,4,4,5,4,1,4,5,2,1,1,4,3,4,1,1,5,4,4,5,5,2,1,3,1,1,3,4,3,4,2,3,5,5,4,1,2,6,5,2,6,6,7,2,5,4,6,5
1201,3,1,2,158,158,2,1,9,12,1,6,8,7,5,6,7,7,2,2,5,4,6,4,5,5,4,5,2,2,2,1,2,1,1,2,2,2,2,2,1,1,1,2,7,7,4,4,6,8,6,6,8,6,6,6,7,7,6,4,7,6,5,5,4,5,5,4,5,4,5,5,4,5,5,4,4,5,6,8,7,4,4,5,4,5,4,4,5,5,5,4,6,4,5,5,5,4,6,4,4,5,5,4,6,4,4,5,4,5,7,7,5,4,4,5,4,5,5,5,5,4,2,5,5,4,5,4,4,5,5,5,4,4,5,4,5,5
1202,3,1,3,158,158,3,1,7,2,1,4,8,7,4,7,1,5,2,2,3,2,2,5,3,1,4,2,1,2,1,1,2,1,1,2,1,1,1,2,2,1,1,2,7,5,6,5,6,6,7,8,6,6,7,3,7,7,4,5,8,4,5,2,4,3,3,4,3,2,3,2,4,4,2,5,4,2,3,4,3,4,4,5,5,2,4,3,2,4,5,4,4,2,3,4,4,5,3,4,4,5,4,4,5,5,6,5,1,5,6,6,3,5,3,2,5,3,3,5,4,4,4,3,3,2,4,3,5,4,6,7,6,3,4,5,2,5
1203,3,1,2,158,158,2,1,6,12,4,2,7,5,2,5,1,7,2,2,1,3,4,6,2,3,6,3,1,2,1,2,1,1,1,4,2,2,2,2,2,2,2,2,6,5,6,1,10,8,7,2,9,5,4,7,8,10,8,6,4,5,5,5,4,5,6,4,3,4,6,3,5,5,4,6,4,6,2,2,4,6,5,5,6,5,3,2,6,7,5,6,6,6,7,6,7,6,5,6,5,7,6,7,1,1,7,3,1,3,4,1,1,6,1,1,4,6,4,1,6,4,6,6,1,1,1,4,4,7,5,4,7,6,4,5,6,5
1204,3,1,1,158,158,1,4,8,12,3,2,6,7,3,1,1,7,1,2,2,3,5,3,5,3,5,2,2,2,1,1,1,1,1,2,2,2,2,2,2,1,1,2,2,6,5,4,3,4,4,1,7,7,3,1,7,3,8,3,5,3,5,6,3,5,5,4,2,4,5,2,7,3,3,2,1,5,1,2,4,2,1,2,2,2,6,6,7,7,6,7,7,6,7,3,7,7,7,6,6,6,6,7,3,1,7,2,2,2,4,7,1,4,1,1,6,7,6,1,5,7,4,3,6,1,3,6,5,3,6,7,6,7,5,5,4,5
1205,3,1,2,158,158,3,1,7,12,0,3,6,1,5,8,1,8,1,2,1,1,3,1,1,1,3,1,1,2,2,1,2,1,1,2,1,1,1,2,2,1,1,1,8,8,3,3,8,4,1,1,1,0,6,1,4,4,1,5,1,5,5,7,7,6,4,4,5,2,5,6,5,4,5,3,1,1,1,1,1,2,6,2,2,2,6,6,6,6,4,6,6,6,6,2,6,6,6,2,6,7,5,7,1,1,6,4,6,1,2,4,1,1,7,1,4,7,6,1,5,6,4,4,4,1,1,7,7,4,6,7,7,7,5,5,2,5
1206,3,1,2,29,158,1,3,8,12,0,2,8,8,4,7,2,6,2,2,2,2,5,6,4,5,4,6,1,1,2,1,1,2,1,4,2,2,2,1,2,2,2,1,6,3,8,4,6,6,7,5,6,5,6,7,6,6,7,4,7,6,5,6,5,6,5,7,5,5,5,5,6,7,5,5,5,5,5,6,6,5,6,5,6,4,5,4,4,6,5,4,1,2,6,1,6,6,6,6,6,1,1,7,1,1,7,4,1,7,6,6,4,4,4,5,4,4,5,4,4,4,1,1,4,1,5,6,5,6,6,5,6,5,6,5,5,5
1207,3,2,5,158,158,1,3,6,11,-3,4,5,4,2,6,2,8,2,2,4,2,3,2,5,1,4,5,1,1,1,1,1,1,1,2,1,1,1,1,2,1,2,2,4,8,3,4,7,5,3,3,4,7,7,3,3,2,3,4,2,5,5,6,2,6,3,6,1,1,2,2,3,1,1,2,1,1,1,4,8,2,6,2,3,1,6,6,4,5,2,5,5,6,7,4,6,7,5,5,7,5,7,7,1,1,7,5,2,1,2,9,1,1,1,1,2,5,6,1,2,3,1,5,4,1,2,6,6,4,6,6,6,6,6,5,3,5
1208,3,1,4,158,158,3,1,8,12,4,7,3,3,2,3,2,10,1,4,2,2,5,2,6,1,3,3,1,1,1,1,1,1,1,4,1,1,2,1,2,1,2,2,9,3,8,2,8,9,4,4,9,7,7,4,4,4,4,3,2,7,5,7,2,6,6,2,1,1,2,2,7,2,4,3,2,5,2,3,3,2,5,2,2,2,6,6,6,6,7,5,7,5,7,3,7,7,6,5,7,7,6,7,3,1,7,4,1,1,2,9,1,6,5,1,1,1,1,1,1,1,1,1,1,1,1,5,7,6,6,7,7,5,7,6,2,5
1209,3,1,3,158,158,3,1,8,1,2,4,6,6,7,6,5,6,4,3,6,6,5,5,6,6,6,7,2,1,1,1,1,2,1,2,1,2,1,1,1,1,2,1,5,6,5,5,6,6,5,6,5,5,6,5,6,7,7,4,7,6,5,5,6,5,6,5,6,5,6,5,5,5,5,6,6,6,5,5,6,6,5,5,6,6,5,6,6,5,6,6,6,5,6,5,6,6,6,5,5,6,6,6,5,6,5,6,6,5,5,7,6,4,5,5,6,6,6,5,5,6,5,5,4,6,6,6,5,6,6,6,5,6,5,5,6,5
1210,3,1,1,158,158,1,1,9,12,0,5,5,7,2,4,2,8,2,1,4,2,3,6,7,1,2,3,1,2,2,2,2,2,1,2,1,1,2,2,2,1,2,2,4,5,6,4,4,10,8,4,5,10,2,3,4,10,10,9,7,8,5,6,2,3,7,2,7,3,6,4,5,6,1,2,3,2,4,4,8,5,4,3,2,2,3,3,3,6,4,3,7,4,7,7,7,7,2,7,7,5,7,7,1,1,7,5,1,5,9,8,2,2,4,2,3,4,2,1,1,7,1,3,7,1,2,7,5,7,7,7,7,7,7,5,6,5
1211,3,1,5,158,158,2,1,5,2,-3,3,9,8,3,8,1,6,2,2,4,4,4,5,2,1,5,4,1,1,2,1,1,1,1,4,1,2,1,1,2,1,2,1,7,7,4,6,5,7,5,2,7,7,9,2,3,3,4,6,8,5,5,7,3,7,4,6,1,3,6,4,7,4,4,6,4,2,1,9,9,4,4,2,2,2,6,3,7,7,5,2,7,7,7,4,7,7,5,4,5,6,6,7,1,2,7,4,3,2,2,1,3,2,1,1,5,2,2,2,5,6,5,2,5,1,2,6,7,7,7,6,7,7,7,7,6,5
1212,3,1,2,1,158,1,1,7,12,0,4,7,7,1,3,4,7,2,4,2,3,5,6,4,1,4,4,2,1,1,1,1,2,1,2,2,1,1,1,1,1,1,1,4,5,6,7,4,5,5,5,7,7,6,8,9,6,7,6,7,6,5,1,1,3,3,6,4,4,1,4,5,4,4,4,3,5,2,1,1,6,5,7,3,3,1,5,6,5,4,4,5,5,5,6,6,6,6,6,6,6,5,7,4,1,7,4,3,4,6,6,2,5,4,4,4,3,4,4,4,1,4,4,4,7,4,7,7,4,5,4,7,2,5,6,7,5
1213,3,1,2,158,158,1,4,9,9,4,5,8,9,9,9,8,9,3,4,6,5,4,5,4,5,5,5,1,1,2,2,2,2,1,4,2,1,1,2,2,1,1,1,9,9,2,3,9,9,8,8,9,9,9,8,8,9,8,2,9,9,5,5,6,6,6,5,5,5,5,5,6,7,7,5,5,5,5,8,8,6,6,6,6,5,5,5,5,5,6,5,5,6,4,6,6,5,6,4,5,4,6,6,5,5,5,6,6,5,8,8,5,6,6,5,5,5,5,6,6,5,5,5,6,6,6,5,5,6,6,6,6,6,6,5,5,5
1214,3,2,3,158,158,2,1,7,12,0,2,7,8,5,6,3,7,1,1,1,2,3,3,4,4,3,3,1,1,1,1,1,1,1,4,1,1,1,1,1,2,2,2,6,5,6,1,7,7,6,4,6,6,7,4,7,7,6,5,7,10,5,7,4,5,5,4,4,4,5,6,6,6,5,5,5,6,4,6,4,6,6,3,4,4,5,5,5,7,7,5,7,7,7,6,7,6,7,7,7,6,6,7,1,1,6,3,2,1,5,7,1,7,1,1,6,7,6,1,7,5,5,3,4,1,2,6,6,5,6,7,6,7,6,5,6,5
1215,3,2,1,212,158,2,4,5,11,0,2,6,10,6,10,6,5,1,1,1,7,7,7,6,7,1,1,1,1,1,1,1,2,1,4,1,1,1,1,1,1,2,1,6,5,6,1,3,10,4,5,10,10,2,10,3,3,2,4,7,5,5,7,3,7,6,7,5,1,4,1,1,2,5,7,7,7,1,10,10,4,3,3,1,1,3,7,7,1,7,7,5,7,7,4,7,7,7,6,7,2,7,7,1,7,7,3,1,6,1,1,1,1,1,6,1,3,4,7,2,1,1,7,1,1,1,7,7,4,7,4,7,4,7,3,5,5
1216,3,2,3,217,158,2,1,7,2,2,5,9,8,1,8,10,5,2,4,5,5,3,5,3,1,3,2,2,1,1,1,1,1,1,4,1,1,1,1,2,2,1,2,6,7,4,1,9,7,6,2,7,7,6,2,6,6,6,4,7,7,5,6,6,6,6,6,4,6,4,1,7,6,5,6,6,5,1,6,6,7,2,6,6,5,3,2,7,6,7,6,6,6,7,5,7,7,5,5,7,6,3,7,5,1,7,6,4,2,7,10,3,6,4,2,4,3,4,7,6,1,5,5,4,4,2,6,6,4,7,6,7,7,6,6,4,5
1217,3,1,1,45,158,1,4,8,12,2,2,3,1,1,1,1,8,2,3,1,4,5,2,4,1,1,4,1,1,2,2,2,2,1,2,2,2,2,1,2,1,2,2,4,6,5,4,9,3,5,2,5,5,6,1,6,5,6,6,5,6,5,6,2,5,4,5,5,5,6,5,4,4,5,5,5,5,4,1,2,4,5,5,4,4,5,4,4,5,4,4,6,6,6,6,6,6,6,6,6,5,7,7,1,1,7,1,1,2,3,1,1,2,5,1,4,4,4,4,4,4,5,6,4,2,4,6,6,5,5,6,6,6,6,6,5,5
1218,3,1,3,4,4,2,3,5,3,-4,5,9,9,6,9,8,3,2,4,4,5,7,7,4,7,3,7,1,1,1,1,1,1,1,2,1,1,1,1,1,1,2,2,9,8,3,3,7,9,9,9,8,9,7,6,8,10,9,3,9,9,5,6,6,5,7,7,5,4,1,4,6,6,6,7,6,7,4,8,8,7,7,1,7,6,7,7,7,6,3,7,7,7,7,7,7,7,7,7,7,5,4,7,2,1,7,2,1,1,9,7,1,1,1,1,1,1,1,5,1,1,1,1,1,1,6,6,7,7,7,6,7,6,7,7,7,5
1219,3,2,3,158,158,3,6,2,3,-3,2,5,5,1,3,1,6,2,2,1,5,5,5,5,3,1,6,1,1,2,2,2,2,1,2,2,2,1,1,2,2,2,2,3,5,6,6,3,3,3,2,6,4,4,4,3,3,4,5,3,3,5,5,3,5,4,5,4,4,3,4,4,5,4,3,3,3,2,8,6,3,5,3,3,2,6,5,6,7,4,5,4,6,7,5,7,7,7,7,7,3,3,7,1,1,7,2,1,1,3,5,1,1,1,1,4,7,5,1,6,6,1,3,5,1,7,6,7,3,7,5,7,6,7,1,6,5
1220,3,1,5,158,158,3,3,7,2,2,3,9,8,2,10,2,7,2,2,4,2,2,3,2,3,3,2,1,1,1,1,2,1,1,2,1,1,1,1,2,1,2,2,6,6,5,5,6,8,5,4,4,4,5,4,7,6,5,7,4,6,5,6,3,5,6,6,4,4,5,6,6,6,6,6,5,5,4,2,2,4,6,3,5,2,6,6,6,6,5,4,6,6,7,3,6,6,6,6,6,7,7,7,2,2,7,4,1,3,2,9,2,2,2,2,6,6,7,1,6,6,4,4,4,3,4,7,7,7,7,7,7,7,7,5,7,5
1221,3,2,4,158,158,1,1,7,1,0,4,5,2,3,3,1,7,1,1,2,2,4,5,2,1,5,5,1,2,2,1,2,1,1,4,2,2,1,2,2,1,2,2,5,4,7,2,7,3,7,2,5,4,3,2,5,2,4,6,5,5,5,6,1,5,5,5,4,4,5,2,5,3,4,3,5,4,2,4,7,2,6,2,2,2,5,6,5,3,2,3,7,7,7,2,7,6,5,6,7,7,7,7,1,1,6,4,2,1,3,3,4,4,4,1,6,5,6,1,4,7,4,6,2,1,2,4,6,5,7,6,7,7,7,3,7,5
1222,3,2,2,158,158,2,1,3,3,-1,3,10,9,4,4,1,5,2,2,5,3,4,5,4,3,3,4,1,1,1,1,1,2,1,4,1,1,1,1,1,1,2,1,5,6,5,4,5,5,3,3,4,2,4,3,4,5,1,8,8,4,5,7,4,7,4,4,5,5,4,1,4,6,6,5,4,6,5,10,1,6,3,4,4,5,4,5,5,6,4,3,7,7,7,4,7,7,7,7,7,7,7,7,1,1,7,4,2,2,1,3,2,2,1,2,1,1,1,1,1,1,2,6,2,1,2,7,7,7,7,7,5,7,7,4,7,5
1223,3,1,2,158,158,3,1,3,12,0,3,6,8,1,5,2,6,1,4,3,2,3,2,1,1,3,3,1,1,1,1,1,1,1,2,1,2,1,1,2,2,2,2,5,6,5,5,10,7,5,5,8,8,5,6,6,3,6,8,5,6,5,5,3,4,4,5,1,4,5,5,2,2,2,4,4,3,2,4,1,2,3,3,3,3,4,5,5,6,5,3,6,4,7,2,7,4,6,6,6,7,4,5,1,1,7,5,2,1,1,7,1,2,2,1,5,6,3,1,5,5,5,5,2,2,2,4,5,5,6,5,6,4,6,3,6,5
1224,3,1,3,141,158,1,1,8,3,0,6,8,10,7,7,7,5,2,1,2,5,3,5,4,5,5,5,1,1,1,1,1,1,1,2,1,1,1,1,1,1,2,2,4,4,7,6,7,5,6,7,5,5,6,5,5,6,5,6,6,6,5,6,5,4,5,5,5,6,6,5,4,5,5,5,4,6,4,7,7,4,4,3,5,5,4,5,4,4,5,3,5,4,6,5,5,5,6,6,5,5,6,6,4,5,5,4,5,5,6,8,6,5,6,5,4,3,5,4,4,5,5,5,4,4,5,3,4,4,5,4,4,4,5,2,5,5
1225,3,1,2,158,158,2,1,8,12,3,3,7,9,7,9,9,6,2,2,4,7,4,2,5,5,2,7,2,2,2,2,1,1,1,2,2,1,2,2,1,2,1,1,7,7,4,2,10,7,6,8,9,7,8,8,7,9,9,4,8,8,5,6,6,6,6,2,4,6,5,5,6,5,7,6,7,6,7,8,10,6,6,4,6,6,5,7,6,4,7,6,6,5,6,5,4,2,4,5,7,3,4,5,6,6,5,4,6,4,9,7,5,6,4,6,2,1,5,4,6,4,4,4,5,3,6,5,7,4,6,5,4,6,6,6,4,5
1226,3,2,3,158,158,2,1,6,12,0,3,8,8,2,7,2,5,2,2,2,2,4,3,3,2,5,2,1,1,1,1,1,1,1,2,1,1,1,1,1,1,1,1,6,7,4,3,10,5,2,3,9,7,8,3,1,2,2,7,5,6,5,6,2,6,4,4,4,4,6,5,5,3,5,5,4,3,2,5,3,6,2,5,5,5,3,5,7,7,6,6,6,6,6,4,6,7,5,6,6,5,6,5,1,2,7,4,1,1,3,9,1,3,2,1,6,7,7,1,7,6,3,3,5,2,2,4,6,5,6,5,6,7,6,2,4,5
1227,3,1,4,158,158,3,1,8,2,0,3,8,9,10,6,3,5,1,2,4,2,3,3,4,1,5,5,1,2,1,2,1,2,1,2,1,2,1,1,1,1,1,2,6,6,5,5,5,6,5,7,5,6,8,5,6,6,5,5,5,7,5,7,6,5,3,2,4,5,5,7,7,5,5,3,3,5,1,7,4,6,4,5,6,2,7,6,6,7,7,6,7,7,7,3,7,5,5,6,7,7,7,7,1,1,2,4,1,1,4,9,4,6,1,1,4,2,4,2,1,4,2,7,4,1,6,6,7,4,7,4,7,7,6,4,1,5
1228,3,1,2,158,158,2,1,7,10,3,4,8,5,2,3,3,7,1,2,2,6,5,3,2,1,6,2,2,2,1,1,2,1,1,2,2,1,1,1,1,1,1,1,3,3,8,4,7,6,2,2,3,4,9,2,7,2,7,7,7,6,5,7,2,6,5,5,3,5,6,6,3,2,6,5,4,2,1,2,3,5,5,5,4,6,6,6,6,7,6,5,7,7,7,3,7,7,3,6,7,7,7,7,2,1,7,5,4,1,4,8,5,4,1,1,4,4,4,4,4,4,1,1,7,5,4,5,6,6,7,4,6,7,6,2,3,5
1229,3,1,1,158,158,1,1,8,12,4,2,2,4,2,2,1,8,2,2,1,3,5,2,1,2,5,3,1,1,1,1,1,1,1,4,2,1,1,2,2,1,1,1,5,3,8,2,6,4,3,2,8,4,3,2,4,2,4,8,2,4,5,2,2,3,5,5,2,2,4,3,5,5,3,3,2,3,1,2,1,3,6,2,2,2,5,3,6,5,2,5,6,6,5,2,6,6,3,3,5,6,6,5,1,1,7,3,4,5,1,3,1,1,1,1,3,5,5,1,2,3,4,6,4,1,1,4,3,3,6,5,6,5,5,6,6,5
1230,3,1,3,158,158,3,1,8,3,0,2,9,9,3,9,2,5,1,4,5,1,4,5,1,3,2,3,1,1,1,1,1,1,1,2,1,1,1,1,1,2,1,1,8,3,8,5,7,9,8,4,9,3,4,3,2,4,4,5,6,5,5,7,3,6,5,5,4,3,2,5,6,5,5,6,5,5,4,5,5,5,4,3,2,3,5,5,3,5,3,2,7,6,6,3,7,7,6,6,7,7,4,7,1,1,7,4,1,1,3,8,1,1,1,1,6,7,7,1,6,7,6,6,3,1,3,6,7,5,6,6,7,7,7,3,5,5
1231,3,2,3,158,158,3,2,8,12,1,3,9,9,1,8,1,8,2,2,2,4,4,5,7,6,7,1,1,1,1,1,1,1,1,4,1,1,1,2,2,1,1,1,6,6,5,6,7,9,3,7,5,3,5,4,10,9,10,1,9,6,5,7,2,7,7,4,2,2,7,6,6,6,7,6,4,6,2,1,1,4,6,2,2,2,6,6,6,7,7,6,7,7,7,3,7,6,6,7,7,7,7,6,1,1,7,6,1,1,1,1,1,6,1,1,7,7,7,1,7,7,6,7,1,1,1,7,7,7,7,7,7,7,7,7,7,5
1232,3,2,2,158,158,1,1,7,1,0,3,7,8,5,6,1,8,1,4,3,4,4,5,3,5,3,4,1,1,1,1,1,1,1,4,1,1,1,2,1,1,1,1,6,8,3,3,7,8,3,3,4,3,3,4,4,5,5,6,6,5,5,5,4,5,4,5,2,2,4,6,5,6,5,5,6,5,4,7,2,3,5,4,4,4,5,3,6,5,5,5,7,7,7,5,6,7,6,6,7,6,6,7,1,1,7,3,1,1,6,7,1,5,5,1,6,6,6,2,6,6,5,5,3,2,3,4,7,6,6,7,7,7,5,5,7,5
1233,3,2,2,158,158,2,1,7,12,-1,3,7,6,6,5,3,7,2,4,3,3,4,4,5,5,4,3,1,1,1,1,1,2,1,4,2,2,1,1,1,2,2,2,3,6,5,6,6,6,8,5,7,6,7,3,5,6,6,6,7,6,5,3,4,5,5,3,4,5,3,3,2,4,4,4,5,5,3,3,3,4,4,5,3,3,4,5,4,4,3,4,4,4,4,5,4,3,3,4,3,3,4,4,2,3,2,2,3,2,6,5,5,4,3,4,4,3,3,3,4,3,2,4,4,3,3,3,4,4,4,3,3,4,4,4,4,5
1234,3,1,4,158,158,3,1,8,2,2,6,8,6,4,6,2,7,2,4,2,1,4,5,3,2,3,5,2,2,1,2,2,1,1,4,2,2,2,1,2,1,2,2,5,6,5,3,5,7,3,6,7,9,7,6,6,6,4,3,3,9,5,6,2,2,5,6,2,2,4,2,5,5,2,2,1,2,1,3,2,2,5,2,2,2,5,6,6,7,5,5,6,6,7,2,6,6,5,7,7,6,6,7,1,1,7,5,1,1,4,6,1,5,1,1,7,7,6,1,6,6,5,5,3,1,2,5,5,6,6,6,7,4,6,5,2,5
1235,3,1,1,158,158,2,1,8,12,1,8,4,7,1,1,1,6,1,2,4,3,4,5,2,1,5,3,1,1,2,1,2,1,1,2,1,2,1,2,1,2,2,1,7,6,5,3,8,7,2,3,4,4,7,3,6,5,3,6,6,5,5,6,6,6,5,5,4,3,3,5,3,4,4,3,2,2,1,1,2,3,5,4,2,3,5,5,5,6,4,3,5,6,6,6,7,6,6,6,5,4,4,5,4,7,6,3,2,2,1,2,1,1,1,1,4,6,5,1,4,5,2,4,6,2,3,5,6,4,6,6,5,5,5,5,2,5
1236,3,2,4,158,158,1,1,7,2,2,2,9,8,3,6,6,7,2,2,4,4,3,5,6,6,5,1,1,1,1,1,1,1,1,2,1,1,1,2,1,2,1,1,8,3,8,7,9,8,3,3,9,6,8,5,10,5,10,6,5,8,5,7,1,6,5,5,5,6,7,6,7,6,5,6,6,6,2,2,4,3,6,3,5,2,5,6,7,7,7,6,6,7,7,2,6,7,6,6,7,6,5,7,1,1,7,4,2,1,5,3,1,4,1,1,7,7,7,1,7,7,1,1,7,7,2,6,7,5,7,4,6,7,6,5,6,5
1237,3,2,4,158,158,2,1,8,12,0,3,9,8,3,7,1,8,2,4,1,3,5,3,4,3,5,5,2,2,2,1,1,2,2,4,1,1,2,1,2,1,1,2,6,7,4,4,6,8,5,4,6,7,5,6,6,6,7,4,7,6,5,7,4,6,6,4,4,4,5,7,5,6,6,4,4,4,2,1,6,6,6,6,7,5,4,6,6,6,4,7,5,5,7,2,7,6,2,7,7,4,6,7,1,7,5,6,1,1,6,8,1,1,1,1,6,6,6,5,6,6,4,4,4,1,3,6,7,6,7,6,6,7,6,6,5,5
1238,3,1,2,158,158,1,1,8,12,1,6,8,3,4,8,2,6,2,4,2,4,6,5,3,1,4,3,1,2,1,1,2,1,1,2,1,1,1,2,1,2,2,2,8,6,5,2,8,8,4,3,10,4,9,7,5,4,4,6,8,7,5,6,2,5,5,4,2,3,5,2,5,6,5,5,2,3,1,1,1,2,5,1,3,1,6,5,6,6,5,2,5,3,7,2,6,6,3,3,6,5,2,7,1,1,7,4,4,3,2,9,1,3,1,1,4,4,4,4,4,4,6,6,4,1,2,4,5,5,6,3,7,6,5,2,2,5
1239,3,1,5,158,158,5,1,7,12,-3,3,7,7,2,3,2,9,2,2,1,1,5,2,2,1,2,5,2,1,2,2,1,1,2,4,2,2,2,1,2,1,2,2,3,8,3,3,2,7,7,2,7,7,6,2,6,2,3,5,5,5,5,7,2,6,2,6,2,4,4,6,5,3,3,2,1,1,1,2,2,2,5,4,2,1,7,7,6,7,6,5,7,7,7,2,7,7,4,7,7,7,7,7,1,1,7,6,2,1,2,3,6,1,1,1,7,7,7,1,7,7,2,2,7,5,4,7,7,6,6,6,7,7,7,4,2,5
1240,3,2,1,14,158,1,1,4,11,0,2,5,7,2,4,1,8,2,2,2,1,7,5,4,1,1,4,1,1,2,2,1,1,1,2,1,1,2,2,1,1,1,1,2,3,8,8,2,2,4,1,7,6,1,6,2,1,4,8,2,5,5,7,2,4,4,4,5,6,4,2,1,5,5,5,5,4,1,6,8,6,3,4,4,3,2,7,6,6,4,6,5,7,7,4,7,6,4,3,3,7,5,7,1,1,6,4,4,4,1,1,1,1,1,1,6,6,6,1,5,2,7,1,2,1,1,7,7,6,5,3,6,7,6,2,3,5
1241,3,2,3,158,158,2,1,8,2,2,4,8,6,6,6,5,9,2,3,4,5,4,6,5,5,4,5,1,2,1,1,2,2,2,2,2,1,1,1,2,2,2,1,8,6,5,4,5,6,9,3,7,7,5,5,5,5,6,5,6,7,5,4,5,5,4,5,5,4,3,4,5,4,5,4,3,5,3,7,8,3,6,5,4,5,5,5,4,5,3,4,6,4,6,4,5,6,4,7,5,5,6,6,3,6,6,4,6,3,7,6,4,3,4,4,5,4,4,4,2,5,1,1,3,1,3,6,4,7,6,5,6,5,4,6,4,5
1242,3,1,3,158,158,3,1,8,2,3,4,8,8,2,7,1,8,2,3,2,1,3,5,7,1,1,6,1,1,1,1,2,1,1,4,2,2,1,1,2,1,2,1,8,6,5,4,5,7,7,7,6,6,6,7,6,6,7,4,6,6,5,3,2,3,3,3,3,5,4,3,2,4,5,3,4,3,4,4,2,6,7,6,6,6,5,4,5,5,3,5,5,2,3,3,2,4,3,3,3,7,7,7,1,7,5,3,1,1,7,7,5,6,5,5,6,5,3,3,4,5,3,6,5,3,5,6,4,6,4,5,4,5,5,5,5,5
1243,3,1,3,158,158,3,1,6,2,1,5,8,6,6,5,4,6,2,2,3,6,2,7,3,2,6,2,1,1,1,1,1,1,1,4,2,2,1,2,1,1,2,1,7,7,4,5,6,7,6,7,5,6,7,7,6,8,7,4,7,8,5,5,5,6,5,6,5,6,5,5,6,5,6,5,6,4,5,8,7,4,5,6,5,5,6,6,5,5,5,5,6,5,5,5,4,5,5,6,6,6,5,4,5,5,5,3,6,6,7,3,5,4,4,4,4,3,3,2,3,3,4,4,4,5,4,5,4,5,5,5,5,5,4,4,4,5
1244,3,1,3,158,158,3,1,7,12,-2,6,7,7,3,6,5,6,2,4,4,4,4,5,2,2,2,5,1,1,1,1,1,1,1,4,1,1,1,1,1,2,2,1,4,3,8,5,4,7,6,6,6,6,6,6,5,5,4,5,7,6,5,5,4,4,3,5,4,4,4,3,5,5,5,4,4,4,1,1,1,5,3,3,3,3,5,5,6,5,4,5,6,6,7,6,6,6,6,6,6,5,5,7,4,2,6,3,2,2,5,3,2,2,2,2,4,4,3,4,4,5,5,5,3,3,3,6,7,5,5,7,7,6,6,5,4,5
1245,3,1,2,158,158,2,3,7,12,2,7,7,7,2,5,1,8,1,2,4,5,6,2,5,2,2,5,2,1,1,1,1,1,1,2,2,2,1,1,2,2,2,2,7,5,6,2,8,8,9,2,8,3,7,2,6,3,3,5,6,8,5,7,2,6,5,6,2,3,5,3,5,5,4,3,2,2,1,2,3,5,5,5,3,3,6,6,6,5,2,6,6,6,7,2,6,6,6,3,7,7,3,7,1,1,5,6,4,5,4,7,2,1,1,1,6,5,3,1,5,3,4,3,4,1,2,5,7,5,6,6,7,6,6,2,4,5
1246,3,2,4,158,158,3,2,7,12,3,4,6,6,4,2,1,6,2,4,4,4,4,5,5,5,3,4,2,2,1,2,1,2,1,4,2,2,1,2,2,1,1,2,6,8,3,2,8,8,4,2,5,4,6,4,6,6,6,5,1,5,5,6,2,6,6,6,3,3,5,4,6,6,5,5,5,5,2,3,5,2,1,4,1,3,1,3,2,3,2,2,4,1,7,1,2,2,3,1,2,7,7,7,1,5,4,5,2,4,10,1,1,7,1,1,2,1,7,1,1,2,1,7,1,1,1,1,5,2,5,5,7,7,7,6,6,5
1247,3,1,4,158,158,2,1,7,3,0,3,7,7,3,5,1,7,2,4,2,4,2,3,4,4,5,4,1,1,1,1,1,1,1,2,1,1,1,2,1,1,2,2,6,6,5,6,5,7,4,6,5,5,5,3,3,4,4,5,5,6,5,7,2,6,4,4,5,4,4,5,5,4,3,5,5,4,3,6,5,5,3,6,5,4,4,3,5,5,5,5,5,6,7,3,7,7,6,6,7,7,5,6,2,1,7,6,1,1,7,5,1,2,1,1,6,7,6,1,6,6,4,4,4,2,3,6,7,6,5,6,5,7,6,6,6,5
1248,3,1,3,158,158,3,1,9,3,1,2,10,9,3,10,2,3,1,4,6,1,4,6,1,3,2,3,1,1,1,1,1,1,1,2,1,1,1,1,1,2,2,1,8,4,7,3,7,10,8,6,7,1,1,1,1,4,2,5,4,6,5,6,2,6,5,5,3,2,3,7,7,5,4,6,4,5,4,5,5,2,5,2,2,3,6,6,5,6,2,2,7,6,6,2,7,7,6,6,6,7,4,7,1,1,7,4,1,1,3,9,1,1,1,1,6,7,7,1,5,7,6,6,3,1,3,6,7,6,6,7,7,7,7,2,6,5
1249,3,1,2,158,158,1,1,7,2,2,3,7,6,5,3,1,9,2,2,3,5,6,4,5,3,2,5,2,2,2,2,2,2,2,2,2,2,2,2,2,2,2,1,1,1,10,10,1,1,1,1,1,0,1,1,1,1,1,10,1,1,5,6,3,6,6,5,6,5,5,6,5,6,6,6,5,6,4,7,7,4,5,5,5,6,5,4,6,5,6,5,6,6,7,4,6,6,7,6,6,6,6,7,3,3,7,4,2,2,8,8,1,4,1,2,5,5,5,1,5,5,4,5,1,1,1,4,7,4,6,7,7,7,6,7,5,5
1250,3,2,3,158,158,1,1,6,12,0,6,7,8,4,5,3,5,1,4,6,6,1,6,2,2,2,5,1,1,2,2,2,2,1,4,1,1,1,1,2,1,2,2,6,3,8,6,7,9,6,6,8,5,6,6,5,3,2,3,7,6,5,6,2,4,4,4,3,3,4,4,4,4,4,4,2,3,2,1,2,4,2,5,5,4,3,3,5,5,5,4,6,6,6,1,6,6,6,6,6,7,7,7,1,6,7,3,1,1,4,5,1,2,1,1,2,2,2,2,2,2,4,4,5,3,2,5,5,4,6,5,6,5,5,4,2,5
1251,3,2,4,158,158,1,6,5,12,2,3,8,8,2,4,2,7,2,2,4,2,1,5,4,1,3,4,1,1,1,2,2,1,1,2,1,1,1,1,2,1,2,2,6,7,4,3,6,8,3,4,4,1,4,5,7,5,4,6,3,6,5,6,2,6,5,5,3,4,6,6,6,6,5,4,3,4,2,3,2,3,6,5,4,3,5,5,5,6,4,3,5,5,6,3,6,6,6,6,6,5,5,6,1,1,5,2,4,1,4,8,1,1,1,1,3,5,4,2,4,5,5,6,1,1,1,6,4,6,6,6,6,6,6,5,6,5
1252,3,1,5,158,158,3,6,8,2,0,2,9,9,4,8,6,7,2,3,4,4,5,6,6,2,6,5,2,2,1,1,2,2,1,2,1,1,1,1,1,1,2,2,6,6,5,3,7,7,7,7,7,7,7,7,6,5,6,4,7,7,5,6,5,5,5,5,5,5,6,6,6,5,6,6,5,5,4,6,5,6,4,5,4,5,6,6,7,7,7,7,7,7,7,6,7,7,7,7,7,7,7,7,4,1,7,1,1,1,7,6,4,4,4,2,4,5,6,5,5,4,5,4,6,3,4,5,5,5,6,6,7,5,6,5,6,5
1253,3,2,5,158,158,3,4,7,12,2,4,8,7,1,9,2,6,2,2,4,2,2,5,2,3,3,2,1,1,1,1,1,1,1,2,2,1,1,2,2,1,2,2,6,4,7,4,5,9,4,4,5,4,6,4,8,6,6,6,4,7,5,6,2,5,6,5,4,4,5,6,6,5,5,6,5,5,4,2,2,4,6,3,5,3,6,6,6,6,6,6,6,6,7,4,6,7,6,6,6,7,7,7,2,3,7,4,1,3,2,10,2,2,2,2,6,6,7,1,6,7,3,4,5,1,4,6,6,7,6,7,7,6,6,6,5,5
1254,3,1,5,158,158,3,1,9,2,-2,4,7,7,1,7,1,8,2,4,1,1,6,5,4,1,2,3,1,1,1,1,1,1,1,4,1,1,2,2,2,1,2,2,6,7,4,2,2,2,2,4,1,7,7,1,1,5,1,4,6,5,5,6,4,6,2,5,2,3,2,4,2,2,4,2,1,1,1,2,2,4,6,4,3,3,6,6,6,6,5,5,7,7,7,1,7,7,7,7,7,7,6,7,1,1,7,3,2,1,2,9,1,6,1,1,7,7,7,1,7,7,6,4,7,1,1,6,6,5,6,7,7,5,7,6,7,5
1255,3,2,5,158,158,3,1,4,1,1,4,5,5,5,5,4,8,1,1,4,4,4,3,4,2,4,4,1,1,1,2,1,2,1,2,1,1,1,2,2,1,2,2,4,6,5,4,6,6,5,6,6,6,6,5,6,6,6,5,5,5,5,4,4,4,4,4,4,4,4,4,4,4,4,4,4,4,4,6,6,3,6,3,4,3,6,6,6,6,4,6,7,7,6,4,4,7,4,5,5,7,7,6,1,2,7,4,2,2,3,7,5,5,5,1,1,1,2,2,2,2,6,5,4,2,2,4,6,6,6,6,6,7,6,3,5,5
1256,3,2,5,158,158,3,6,5,2,0,3,10,5,2,3,1,8,1,2,4,1,4,5,4,1,5,4,1,1,1,1,1,1,1,4,1,1,1,1,2,1,2,2,5,3,8,4,7,2,5,3,2,7,7,2,7,5,7,9,10,5,5,6,2,6,5,5,4,4,6,1,6,5,6,4,4,5,1,2,2,4,4,2,2,2,6,6,6,5,6,5,6,6,6,1,6,6,6,5,6,7,7,7,1,1,7,4,2,1,4,1,1,1,1,1,1,1,1,4,4,1,1,4,4,1,4,7,7,6,7,7,6,7,6,5,1,5
1257,3,2,5,158,158,4,2,7,11,-3,4,9,8,2,7,2,8,2,2,3,1,5,3,3,1,5,2,1,1,1,1,1,1,1,2,2,1,1,1,1,2,2,2,6,8,3,2,2,4,4,3,8,7,7,3,6,4,7,5,6,6,5,6,1,5,5,5,2,2,4,2,3,5,5,5,5,3,1,5,7,3,5,2,6,2,6,6,6,6,5,5,6,6,6,2,6,6,6,6,6,6,6,5,1,1,7,3,2,2,2,8,4,6,6,1,6,6,6,1,6,6,4,4,6,1,4,6,6,5,6,6,6,5,5,6,4,5
1258,3,2,5,158,158,4,1,8,12,0,3,3,7,4,3,3,5,2,2,4,4,4,4,4,4,4,4,1,2,2,2,2,2,1,4,1,2,2,2,2,2,1,1,5,5,6,6,5,5,4,6,5,4,5,6,5,5,6,5,4,5,5,4,4,4,4,4,4,4,4,4,4,4,4,4,4,4,4,5,5,4,4,4,4,4,4,4,4,4,4,4,4,4,4,4,4,4,4,4,4,2,2,2,2,2,2,2,2,2,4,4,2,2,2,2,4,4,4,4,4,4,4,4,4,4,4,4,4,4,4,4,4,4,4,4,4,4
1259,3,1,3,158,158,1,6,5,12,-4,3,6,4,4,5,1,7,2,2,4,3,2,5,4,1,4,5,2,2,1,1,1,1,1,4,1,2,2,1,2,1,1,2,5,6,5,3,6,6,6,3,2,3,5,5,4,2,5,5,5,7,5,7,1,6,5,4,3,6,4,5,6,3,5,4,4,4,1,1,1,4,5,2,3,3,5,6,6,6,3,6,6,5,7,3,6,6,4,6,6,7,3,7,1,1,7,4,1,1,4,5,1,1,1,1,6,6,7,2,6,6,7,7,1,1,1,7,7,6,6,6,7,6,7,6,6,4
1260,3,1,5,158,158,3,1,7,12,4,3,5,3,2,1,1,7,1,2,2,4,4,4,5,5,5,1,2,1,2,1,2,1,1,2,2,2,1,2,1,2,1,1,4,3,8,4,9,4,4,3,8,1,8,2,10,7,10,10,1,5,5,7,1,7,5,3,2,4,7,7,6,7,6,6,6,6,4,1,1,7,4,6,4,6,4,4,4,6,5,5,4,5,5,6,5,5,4,5,5,3,2,4,1,1,6,4,1,1,7,1,1,1,1,1,1,1,1,1,1,1,4,7,5,1,2,5,7,3,4,6,5,6,4,3,4,4
1261,3,1,5,158,158,4,1,7,12,3,2,10,10,1,10,1,3,1,1,5,6,2,7,1,1,7,1,1,1,1,1,1,1,1,2,1,1,1,1,2,1,2,2,10,7,4,4,10,10,9,2,3,8,10,3,10,7,9,10,8,10,5,7,1,7,6,3,3,3,7,4,7,6,5,5,1,6,1,1,8,7,1,7,7,6,2,3,7,7,7,7,7,7,7,7,7,7,7,7,7,7,7,7,1,1,7,1,1,1,3,8,1,1,1,1,7,7,7,2,7,6,7,7,1,1,1,7,7,6,7,7,6,7,7,7,4,4
1262,3,1,4,158,158,3,1,7,1,-3,3,4,7,4,5,1,10,2,2,1,3,3,3,6,7,1,6,2,2,2,2,2,1,1,2,1,2,2,2,1,1,2,1,3,6,5,4,3,7,5,3,7,7,5,4,4,5,3,4,4,7,5,7,2,3,4,5,1,1,4,1,3,5,6,6,4,6,2,10,8,5,6,2,3,4,6,5,5,5,4,5,6,6,6,2,5,7,5,5,5,5,3,7,1,3,7,4,1,1,2,3,4,1,4,1,6,6,6,1,5,4,4,6,3,1,1,6,6,7,7,7,7,6,4,5,6,4
1263,3,1,6,158,158,1,3,6,1,-3,2,6,6,6,6,6,6,2,2,4,4,4,4,4,4,4,4,1,1,2,1,1,2,1,4,1,1,2,1,1,1,1,1,6,7,4,4,7,7,6,7,6,7,6,7,7,5,5,4,6,7,5,4,4,4,4,4,4,4,4,4,4,4,4,4,4,4,4,6,5,5,6,4,5,5,4,4,5,6,6,6,4,4,4,4,3,4,4,4,4,6,6,7,1,3,7,4,1,1,6,8,3,4,3,1,4,4,4,4,4,4,4,4,4,4,4,4,4,4,4,4,4,4,4,4,4,4
1264,3,2,5,158,158,3,1,9,2,3,3,8,7,5,5,2,9,1,1,4,1,4,4,1,1,7,1,1,2,2,1,2,1,1,4,2,2,1,2,2,1,2,2,7,5,6,3,8,5,1,1,7,2,7,2,10,10,10,10,5,5,5,6,1,6,4,4,2,4,6,7,5,4,6,4,1,4,1,1,1,6,6,6,6,5,3,4,5,6,7,4,5,6,7,1,5,7,7,7,7,7,6,7,1,2,7,4,1,1,5,5,1,5,1,1,5,6,4,1,5,5,5,6,4,1,1,6,7,7,7,7,7,7,6,4,4,4
1265,3,2,3,158,158,2,1,7,2,-1,3,9,8,1,7,2,5,2,3,3,4,2,6,4,1,2,5,1,1,1,1,1,2,1,2,1,1,1,1,2,1,2,2,6,6,5,3,7,7,6,4,6,6,6,5,4,2,2,4,6,5,5,6,3,4,4,5,4,4,4,3,5,3,3,4,1,1,1,5,6,4,5,4,4,3,4,5,6,6,5,5,6,7,7,5,7,7,6,7,6,7,7,7,1,1,7,2,1,1,5,9,3,4,4,4,6,7,6,1,7,7,1,1,6,1,4,5,5,4,6,6,7,6,6,3,1,4
1266,3,1,5,158,158,3,1,8,12,-1,4,8,7,3,7,5,7,2,3,2,2,1,3,3,2,5,3,2,1,1,1,2,2,1,2,1,1,1,1,2,2,2,2,5,6,5,5,6,9,5,6,8,5,7,7,8,8,7,6,5,7,5,6,1,5,6,4,4,2,6,4,5,5,6,3,4,5,2,3,5,5,3,4,4,3,3,5,6,6,4,5,6,6,6,3,6,6,6,6,6,7,6,7,1,1,7,2,6,2,3,7,1,4,1,1,5,5,6,1,5,5,5,6,5,2,2,6,6,5,6,5,6,6,6,3,5,4
1267,3,2,7,158,158,5,5,5,12,-4,3,8,5,1,4,1,8,2,4,1,1,1,1,1,1,1,5,1,2,1,1,1,1,1,4,1,1,2,1,2,1,2,2,6,4,7,3,5,8,5,5,8,7,8,2,3,2,2,3,2,8,5,5,1,4,4,3,1,1,4,1,2,2,1,2,1,1,1,1,1,2,4,2,3,2,5,5,2,4,1,4,7,7,7,1,7,7,7,7,7,7,7,7,1,7,7,4,7,7,1,7,1,1,1,1,7,7,7,1,7,6,4,4,6,1,4,4,6,6,4,7,6,5,5,5,2,4
1268,3,2,3,158,161,1,6,2,2,-3,1,8,9,2,7,2,8,2,2,1,1,1,3,1,1,6,4,1,1,1,1,1,1,1,4,1,1,1,2,2,1,2,2,8,4,7,4,10,10,9,4,8,9,7,8,9,7,7,9,2,4,5,6,1,5,6,6,2,2,5,6,6,5,6,6,4,4,1,8,6,5,2,2,2,6,6,6,7,6,4,6,2,5,7,1,7,7,6,5,6,1,4,7,1,7,7,7,4,1,8,8,1,1,1,1,5,7,7,1,5,6,1,1,6,1,1,7,6,6,7,6,6,6,6,3,6,4
1269,3,1,3,158,158,2,6,6,2,3,3,10,10,1,9,4,4,2,2,4,1,2,6,3,1,7,2,2,2,2,2,2,2,2,2,2,2,1,1,2,2,2,2,9,4,7,7,7,8,7,8,9,8,9,4,10,9,10,8,8,8,5,7,1,7,4,5,4,4,7,5,6,6,6,2,5,6,4,5,6,5,6,4,3,4,2,3,6,7,7,4,7,7,7,1,7,7,3,7,7,7,5,7,1,1,7,5,1,1,1,10,1,4,1,1,7,7,1,1,7,7,4,4,6,3,4,7,6,4,6,6,7,7,7,2,4,4
1270,3,2,2,158,158,1,1,7,10,0,1,7,7,4,4,8,7,2,2,2,5,5,3,2,1,4,7,2,2,2,1,1,2,1,2,1,2,1,2,1,2,1,2,8,4,7,3,3,7,3,6,3,5,9,8,8,8,7,7,4,3,5,3,3,5,3,2,4,5,3,5,3,5,2,6,4,2,2,7,4,3,1,2,6,2,2,5,3,4,3,6,1,4,6,4,5,3,3,2,3,6,6,2,3,4,3,1,4,2,8,4,4,4,5,2,1,2,5,4,7,6,4,6,4,3,3,2,5,6,5,4,3,5,4,2,1,4
1271,3,2,3,158,158,3,1,7,2,1,3,8,10,6,6,1,7,2,2,1,1,4,5,4,1,4,4,1,2,1,1,1,2,1,4,2,1,2,2,1,1,2,2,6,6,5,5,5,7,7,8,10,6,6,5,6,6,8,6,6,6,5,4,5,4,4,4,4,4,4,4,4,4,4,4,3,4,4,2,3,3,4,2,1,2,5,5,6,6,4,5,6,7,7,4,7,7,7,7,6,7,6,3,1,1,5,4,1,1,6,6,4,4,4,4,4,4,4,5,3,4,4,4,3,2,4,4,5,6,4,4,5,4,4,4,4,4
1272,3,2,4,158,158,3,6,4,1,3,3,9,8,1,8,1,4,2,2,1,2,4,6,4,1,1,5,1,1,1,1,1,2,1,2,1,1,1,1,2,1,2,2,8,2,9,6,9,2,3,2,2,6,4,1,2,2,2,4,3,6,5,5,2,4,3,6,2,4,2,2,4,2,1,2,1,1,1,5,6,2,5,2,5,2,6,5,6,7,2,6,4,5,7,1,7,7,7,7,7,2,4,7,1,1,7,2,1,1,2,7,1,1,1,1,6,7,6,1,7,6,3,4,5,1,4,4,4,4,6,6,6,2,4,2,4,4
1273,3,1,2,158,158,2,1,5,12,0,4,5,6,5,5,6,7,2,2,4,4,4,4,4,4,4,4,1,1,2,2,1,1,2,2,2,1,2,1,1,2,2,1,6,6,5,4,8,8,6,6,6,6,6,7,7,6,6,4,6,6,5,4,4,4,4,4,4,4,5,5,5,4,4,4,4,5,4,6,6,4,4,4,4,4,4,4,4,4,4,4,4,4,4,4,4,4,4,4,4,5,4,4,4,4,4,4,4,4,6,6,5,5,5,5,4,4,4,4,4,4,4,4,3,4,3,4,4,3,4,3,4,4,3,3,3,4
1274,3,1,2,158,158,1,1,7,12,-2,6,6,6,2,3,1,7,2,4,3,5,5,5,4,1,3,5,2,1,1,2,1,1,1,4,2,2,2,1,2,2,1,2,7,3,8,7,6,10,8,4,8,8,6,6,1,5,6,5,6,6,5,6,3,3,3,5,3,3,2,2,1,6,6,3,1,2,1,1,1,4,5,1,1,1,6,5,2,3,3,1,4,6,7,1,7,4,3,5,5,2,1,7,1,1,6,4,1,1,1,5,1,1,1,1,4,5,5,5,1,3,4,5,4,1,1,4,6,4,6,7,6,5,5,1,1,4
1275,3,1,4,158,158,2,1,7,12,1,4,6,6,6,5,6,5,2,2,4,3,4,5,3,4,5,5,1,2,2,2,1,1,2,4,1,1,1,2,1,1,1,2,7,6,5,4,5,6,7,6,7,6,6,7,6,6,5,5,7,7,5,5,5,4,5,5,3,5,4,5,3,4,4,4,5,4,5,6,6,5,4,5,5,4,4,5,5,4,5,5,4,4,4,5,5,5,5,4,5,6,4,4,4,5,4,5,5,5,6,6,4,4,5,4,5,4,3,4,4,5,5,5,5,4,5,5,5,4,5,3,4,5,4,4,5,4
1276,3,1,5,158,158,2,1,8,2,5,8,10,10,5,7,1,8,2,4,3,1,4,3,4,3,2,5,1,1,1,1,2,2,1,2,1,2,1,1,2,2,1,2,9,9,2,2,8,8,6,4,4,4,4,4,4,4,5,7,4,4,5,5,3,5,4,5,4,4,5,4,6,3,3,3,3,3,1,4,4,4,5,4,4,2,6,6,6,6,4,5,6,6,7,4,7,7,6,7,6,7,4,7,1,1,7,5,1,1,6,10,1,1,1,1,4,6,7,4,6,7,6,2,1,1,2,5,6,6,5,4,6,6,5,4,4,4
1277,3,2,4,158,158,1,1,7,2,2,7,10,7,2,6,1,7,2,2,5,6,2,5,4,1,1,6,1,1,2,1,1,1,1,2,1,1,1,1,2,1,2,2,6,8,3,2,6,9,7,3,3,4,2,2,3,2,3,3,3,4,5,7,3,6,3,4,1,2,2,3,3,5,4,2,1,2,1,2,8,3,5,1,5,2,6,6,7,7,3,6,7,7,7,1,7,7,3,7,7,7,7,7,1,1,7,4,1,1,2,10,4,5,4,4,5,7,7,1,7,6,1,7,4,1,1,6,7,4,5,7,7,7,7,6,5,4
1278,3,1,2,158,158,1,1,4,10,0,3,7,8,9,7,7,3,2,4,4,5,4,4,4,4,4,4,2,2,2,2,2,2,2,2,2,2,2,2,2,2,1,2,6,5,6,6,5,8,6,8,5,5,6,7,5,5,6,5,6,6,5,7,1,1,4,4,4,4,4,4,4,4,4,4,4,4,4,5,5,7,7,7,4,7,1,1,7,1,7,4,4,4,7,7,6,7,4,7,7,4,4,7,7,1,7,4,1,1,10,1,1,4,1,1,4,4,4,4,4,7,4,4,4,4,4,4,4,4,4,4,4,4,4,4,4,4
1279,3,2,3,158,158,1,1,6,12,0,3,7,2,1,3,1,7,2,2,4,5,5,5,4,1,4,4,2,2,1,1,2,1,1,2,1,1,1,1,2,1,2,2,5,4,7,4,4,7,4,4,5,4,6,4,6,5,4,5,4,4,5,5,4,5,4,3,3,3,3,4,5,4,4,3,4,4,2,4,4,2,4,2,2,3,5,5,7,7,6,6,5,6,7,2,6,6,6,6,6,3,5,7,1,1,7,4,1,2,3,5,1,2,2,1,7,7,7,1,7,7,3,4,5,1,2,5,6,5,6,6,6,5,5,4,4,4
1280,3,2,2,158,158,2,1,9,12,0,4,6,3,3,2,1,9,1,4,1,1,4,2,4,1,2,5,1,2,2,1,2,2,1,4,1,1,2,2,2,1,2,2,6,4,7,4,5,7,1,1,7,5,3,1,4,2,3,6,5,2,5,6,4,3,4,5,4,4,2,1,4,4,4,5,4,2,1,1,1,2,4,1,4,1,6,6,7,7,1,4,6,6,7,1,7,7,7,4,6,5,5,7,1,1,7,3,4,2,1,5,1,5,1,1,4,6,7,1,3,7,2,3,4,1,4,6,4,7,7,7,7,5,4,4,4,4
1281,3,2,4,158,158,1,6,3,12,-3,3,3,3,7,4,5,6,2,2,1,2,2,2,2,1,2,4,2,1,1,2,1,1,1,4,1,2,1,1,2,1,2,1,4,4,7,7,4,4,3,3,3,4,4,5,4,5,4,7,3,5,5,7,1,7,3,2,2,2,6,7,7,4,6,6,4,5,1,1,1,4,4,4,4,4,4,3,4,4,5,4,5,5,5,4,5,5,4,6,6,6,5,5,1,3,6,3,2,1,6,1,1,1,1,1,5,5,5,1,5,5,4,2,4,1,2,3,5,4,4,5,5,7,5,4,1,4
1282,3,1,2,158,158,2,1,6,12,2,4,2,4,3,5,1,8,2,3,2,2,6,3,2,2,2,4,1,1,1,1,2,1,1,2,2,2,2,2,2,1,1,2,3,5,6,6,7,5,2,3,3,3,3,3,3,4,4,6,3,5,5,4,3,2,4,3,3,4,3,3,4,5,4,5,3,3,4,2,4,2,4,5,4,5,5,5,6,4,5,6,2,6,5,3,6,6,5,4,6,4,5,5,1,2,7,5,2,2,2,6,1,1,1,1,3,2,4,2,2,4,3,4,5,2,4,5,5,5,4,4,6,5,5,3,2,4
1283,3,2,5,158,158,3,1,8,1,-2,3,6,6,2,3,1,4,2,2,2,6,2,5,4,1,6,4,1,2,1,1,2,1,1,4,2,2,2,2,2,2,2,2,4,8,3,3,2,7,4,2,7,7,2,6,7,5,5,8,2,4,5,6,5,5,3,3,5,3,5,5,5,5,3,5,5,5,1,8,9,3,5,1,4,2,6,5,7,4,4,4,7,7,7,2,7,7,7,7,7,7,6,7,1,1,7,3,2,1,1,10,1,5,1,2,7,6,7,1,6,6,6,7,2,1,4,6,6,6,7,6,7,5,7,5,6,4
1284,3,1,1,158,3,1,2,6,2,-1,3,5,5,7,4,4,7,1,3,4,5,5,6,5,5,1,4,1,1,1,2,1,1,1,2,1,2,2,2,2,2,1,1,5,7,4,4,6,6,5,5,5,4,5,5,5,5,5,6,5,5,5,5,4,4,4,4,4,4,5,4,5,4,4,4,4,4,4,4,1,4,4,4,4,4,4,4,4,4,4,4,4,5,5,3,5,5,3,5,4,4,4,4,3,1,4,4,2,4,5,2,1,5,1,4,4,4,3,5,1,5,5,5,1,1,3,4,7,4,5,6,6,4,7,7,6,4
1285,3,2,3,158,158,1,1,6,12,0,3,7,7,4,7,1,6,2,2,4,4,4,4,4,1,3,4,1,2,1,1,2,1,1,2,1,1,1,1,2,1,2,2,7,7,4,3,8,8,5,5,5,5,5,5,5,6,5,6,5,5,5,4,4,4,4,4,4,4,4,4,4,4,4,4,4,4,4,1,1,4,4,4,4,4,4,4,4,4,4,4,6,6,6,2,6,7,6,6,6,5,4,6,1,1,7,4,1,1,5,5,1,1,1,1,4,4,4,4,4,4,4,4,4,1,4,4,4,4,4,4,4,4,4,4,4,4
1286,3,1,4,158,158,1,1,3,12,-3,2,8,8,2,7,1,7,3,4,1,2,5,3,5,5,4,3,2,1,1,1,1,1,1,4,1,1,2,1,2,2,1,2,8,3,8,3,8,2,9,9,10,8,5,9,7,6,8,9,6,5,5,6,3,5,4,5,4,3,5,6,4,2,4,5,6,2,1,1,3,1,6,2,3,1,7,6,5,7,6,3,6,7,7,2,7,7,6,7,7,3,4,3,1,1,7,6,1,1,2,2,1,1,1,1,1,1,2,1,2,2,3,5,4,1,3,6,6,6,6,6,7,7,6,4,6,4
1287,3,2,5,158,158,4,1,4,2,0,3,7,7,3,6,1,5,2,4,4,4,2,6,3,1,3,2,1,1,2,1,1,1,1,4,1,2,2,1,2,1,2,2,4,3,8,6,5,4,4,4,7,5,4,4,8,3,6,9,6,4,5,6,5,6,5,4,2,4,5,4,6,5,5,3,3,3,2,2,3,5,6,3,3,3,3,3,6,6,5,6,5,6,7,3,6,7,5,5,6,7,3,7,1,1,7,3,4,1,2,7,1,1,1,1,6,6,6,1,5,7,2,5,4,1,3,6,5,5,5,6,7,7,6,5,5,4
1288,3,1,3,158,158,3,1,8,12,3,7,4,5,5,5,4,3,2,3,3,4,3,3,4,4,3,3,2,2,1,2,1,1,1,2,1,2,1,1,1,2,2,1,3,3,8,7,3,7,5,8,4,3,5,5,5,7,8,3,5,3,5,3,5,2,2,2,4,4,5,5,5,5,5,5,5,4,4,7,3,7,7,7,7,7,3,7,7,3,7,7,7,7,7,7,7,7,7,7,7,7,7,7,7,7,7,7,7,7,2,2,7,7,5,7,1,7,7,7,7,7,7,7,7,7,7,5,4,4,2,7,6,6,6,5,3,4
1289,3,2,3,158,158,1,6,3,12,0,3,1,6,1,1,1,5,2,2,1,1,1,4,4,1,4,4,1,1,2,1,2,1,1,2,1,1,1,2,2,2,2,2,10,6,5,5,10,8,1,1,6,6,10,1,6,2,6,1,6,10,5,7,4,6,6,3,2,1,6,4,5,7,7,7,1,7,1,1,1,1,7,1,7,4,1,4,4,1,1,1,1,6,7,1,4,6,3,3,3,4,4,7,1,4,6,4,1,1,1,1,1,7,1,1,4,4,7,1,4,7,1,1,7,1,1,7,7,4,7,7,4,4,4,1,1,4
1290,3,2,5,158,158,3,6,6,2,3,3,7,5,1,7,1,8,2,2,1,1,1,3,1,3,3,7,2,1,1,2,1,1,2,2,1,2,2,1,2,1,2,2,5,5,6,6,1,1,6,1,7,3,3,1,7,5,7,7,1,4,5,1,1,5,2,2,4,5,2,4,5,1,2,4,2,2,1,2,1,2,5,1,1,1,7,6,5,7,5,1,4,7,2,1,7,7,6,4,4,2,1,3,1,1,7,6,3,1,1,4,1,1,1,1,7,7,7,1,6,7,3,1,1,1,1,6,7,7,6,6,7,6,7,5,7,4
1291,3,2,4,23,23,3,2,3,2,3,4,9,9,1,9,7,5,2,2,2,2,2,6,4,1,5,4,1,1,1,1,1,1,1,2,1,1,1,1,1,2,2,1,5,6,5,4,6,9,6,7,8,5,6,4,7,4,8,5,9,5,5,6,2,7,6,4,2,5,6,6,6,4,6,5,5,6,4,2,7,3,6,3,5,4,5,3,7,7,7,6,7,7,7,7,7,7,7,7,7,7,7,7,7,1,7,1,1,1,2,9,1,1,1,1,7,7,6,2,7,7,4,7,4,4,4,6,7,7,6,7,7,7,7,6,4,4
1292,3,1,3,158,158,3,1,7,2,0,6,6,5,6,5,6,6,2,2,4,4,4,4,4,4,4,4,2,2,2,2,2,2,2,2,2,1,1,1,1,2,2,2,5,6,5,5,6,6,6,6,6,6,6,6,6,6,6,5,6,6,5,4,4,4,4,4,4,4,4,4,4,4,4,4,4,4,4,6,6,4,4,4,4,4,4,4,4,4,4,4,4,4,4,4,4,4,4,4,4,4,4,4,4,4,4,4,4,4,6,6,4,4,4,4,4,4,4,4,4,4,4,4,4,4,4,4,4,4,4,4,4,4,4,4,4,4
1293,3,1,3,158,158,1,6,7,2,2,3,9,6,3,7,4,7,1,2,4,6,4,5,5,2,6,1,1,1,1,1,2,1,1,2,2,2,1,1,2,1,2,2,7,8,3,3,7,8,7,5,8,7,8,5,10,9,10,10,6,8,5,6,1,7,6,3,4,5,7,7,7,5,5,5,4,5,1,5,5,5,5,7,7,7,4,6,7,7,7,7,7,7,7,6,7,7,7,6,7,5,7,7,3,1,7,4,2,1,4,3,1,1,1,1,7,7,4,1,7,5,5,5,4,1,1,7,7,6,6,7,7,7,6,5,4,4
1294,3,2,5,158,158,4,5,7,2,-1,4,5,7,1,7,1,7,2,4,4,4,2,4,4,4,2,5,2,2,2,1,1,1,1,2,1,2,2,1,2,2,2,2,5,4,7,3,8,7,5,4,8,7,5,5,7,5,7,3,3,7,5,7,4,4,5,4,1,4,5,2,4,5,5,4,5,4,1,3,8,5,3,4,5,5,5,3,5,5,4,5,7,7,7,7,7,7,7,7,7,7,7,7,1,1,7,2,1,1,1,1,1,7,1,1,6,6,7,1,5,6,4,7,3,1,2,5,5,4,6,7,7,6,7,4,6,4
1295,3,2,3,158,158,1,2,6,2,0,3,8,7,3,7,3,7,2,2,3,6,2,3,6,1,3,2,2,2,2,1,2,1,1,2,1,1,2,1,2,1,2,2,6,3,8,6,7,8,3,3,3,3,5,3,8,6,6,5,3,5,5,6,1,4,6,4,1,4,6,6,7,4,4,6,4,4,1,6,8,4,6,6,6,4,4,2,6,6,6,7,4,6,6,2,6,6,6,6,6,4,6,7,1,1,7,4,1,1,4,3,1,1,1,1,5,7,7,1,4,6,6,6,1,2,3,7,6,4,6,6,7,7,6,7,3,4
1296,3,2,3,158,158,2,3,7,12,2,3,7,5,4,5,6,8,2,2,3,4,4,3,3,1,4,4,2,2,2,2,1,1,2,4,2,2,2,2,2,1,2,2,5,7,4,2,7,7,7,6,6,6,7,6,6,6,5,4,6,6,5,6,3,5,3,4,4,4,4,4,5,4,4,5,3,4,2,2,2,4,6,3,4,3,5,4,5,5,4,5,6,6,5,3,6,6,6,6,6,4,4,4,1,1,7,5,2,2,4,7,1,1,1,1,5,5,5,2,2,5,2,2,3,2,3,4,5,4,6,5,6,6,5,4,4,4
1297,3,2,4,158,158,5,6,5,2,0,3,5,4,3,3,1,8,1,2,2,4,2,4,4,5,5,2,2,2,2,1,2,2,1,2,2,2,2,2,2,1,2,2,6,4,7,7,5,6,4,4,8,3,3,5,6,6,6,8,3,4,5,6,2,6,5,4,3,4,6,5,5,5,5,4,4,4,1,6,7,5,3,4,3,4,4,4,6,5,5,6,7,6,7,3,7,7,6,7,7,6,6,7,1,1,7,4,2,1,2,1,1,4,1,1,5,5,5,5,5,5,2,2,4,1,3,5,6,5,5,6,6,6,6,5,6,4
1298,3,2,4,158,158,2,2,5,12,-2,6,9,4,2,7,1,7,1,2,2,2,2,6,4,1,2,5,1,1,1,1,1,1,1,2,1,1,1,1,2,2,2,2,6,6,5,4,5,9,4,2,5,8,7,3,4,2,2,4,6,10,5,5,1,2,2,4,1,4,4,2,3,1,5,1,1,2,1,2,8,2,3,1,2,7,6,4,4,4,1,4,7,7,6,3,7,6,7,7,7,7,4,4,1,1,6,5,1,1,1,5,1,1,2,2,1,1,1,1,1,1,4,4,4,1,3,5,6,4,6,4,7,7,6,1,1,4
1299,3,1,2,158,158,1,1,10,12,5,6,7,8,8,7,6,7,3,2,4,5,5,5,5,5,5,4,1,1,2,1,1,2,2,4,1,2,2,2,2,1,1,1,8,7,4,4,8,7,4,8,6,8,6,7,5,6,5,4,7,7,5,5,5,5,5,3,3,4,5,6,5,6,5,7,5,4,5,6,7,4,5,6,5,5,5,5,6,5,5,3,6,5,5,4,4,6,5,4,5,5,5,5,5,6,5,4,5,5,7,6,5,6,6,6,6,5,6,5,5,6,6,5,5,5,6,5,5,6,5,4,5,5,6,6,5,4
1300,3,1,2,158,16,2,2,7,1,0,4,8,8,7,6,7,6,3,2,4,5,4,6,4,5,6,5,1,2,1,2,2,1,2,4,2,2,1,2,2,2,2,2,6,6,5,3,9,7,7,7,7,6,7,6,7,8,8,3,8,7,5,5,6,4,4,5,5,6,5,6,5,6,5,5,5,4,4,8,7,4,4,5,5,5,6,5,5,4,6,5,4,6,6,5,5,4,5,5,5,5,5,4,6,5,4,5,6,5,7,9,6,5,5,4,4,6,6,4,5,5,5,6,5,4,6,4,5,6,6,5,4,5,6,5,5,4
1301,3,1,3,158,158,3,1,7,2,2,6,7,5,6,6,3,7,2,2,2,2,4,3,2,2,4,4,1,1,1,1,2,1,1,2,1,1,1,1,2,2,2,1,7,6,5,5,7,7,6,7,7,6,6,6,7,6,7,4,6,6,5,5,4,4,5,4,4,5,5,4,4,5,5,5,4,5,4,7,7,4,5,5,4,4,5,5,5,4,5,4,4,4,5,5,4,4,5,4,4,3,4,6,2,2,6,5,3,2,7,7,4,4,4,5,2,3,2,4,2,4,5,4,5,4,4,4,4,5,5,5,5,5,5,5,4,4
1302,3,2,2,97,97,1,1,2,2,0,5,1,1,7,1,1,8,2,2,1,4,7,4,4,7,4,4,2,2,2,2,2,2,1,2,2,2,2,2,1,1,1,1,1,10,1,1,8,10,1,1,1,0,1,1,1,1,1,10,1,1,5,4,4,4,4,4,4,4,4,4,4,4,4,4,4,4,4,7,10,4,4,4,4,4,4,4,4,4,4,4,4,4,4,4,4,4,4,4,4,4,4,4,4,4,4,4,4,4,1,1,1,1,1,1,4,6,5,4,4,4,4,4,4,4,3,4,4,4,4,4,4,4,4,4,4,4
1303,3,2,2,158,158,1,1,8,12,3,6,10,8,3,7,1,5,2,4,7,4,1,6,4,1,5,2,1,1,1,1,1,1,1,2,1,1,1,2,2,1,2,1,4,2,9,9,5,10,8,1,7,1,2,1,9,10,5,4,9,7,5,6,6,3,6,6,5,7,5,6,6,6,4,6,6,6,5,2,1,6,6,5,5,4,7,6,5,7,6,6,3,6,6,2,6,7,2,6,6,4,5,6,1,1,6,4,5,5,1,8,5,6,6,7,6,6,5,1,7,7,5,7,6,6,5,5,5,7,6,6,5,5,5,5,6,4
1304,3,2,4,158,158,4,1,7,11,-3,4,8,7,1,7,1,5,2,2,2,4,3,4,3,1,1,4,2,2,2,2,1,1,1,2,1,1,2,1,2,2,2,2,8,6,5,5,6,5,6,1,6,5,4,4,4,2,4,5,7,5,5,6,2,4,4,4,1,4,4,3,4,5,4,3,3,3,1,4,8,5,3,5,5,4,4,3,5,4,3,5,5,6,6,3,6,7,6,4,6,5,5,6,1,1,7,5,4,1,3,5,1,5,1,1,4,4,3,1,4,3,1,4,4,4,1,6,5,2,5,5,7,7,6,1,1,4
1305,3,1,5,158,158,3,1,6,2,0,4,8,8,1,6,2,6,2,1,2,3,4,5,3,1,5,5,1,1,1,2,1,2,1,2,2,1,1,2,2,1,2,2,6,7,4,4,2,9,3,2,7,3,5,2,2,4,5,5,3,3,5,6,2,5,3,4,2,2,2,5,5,5,3,2,3,4,1,7,5,3,3,2,5,2,6,5,5,6,4,5,5,6,6,2,6,7,5,5,7,5,1,6,1,1,7,4,1,1,1,8,1,1,1,1,4,6,6,1,4,5,4,4,2,1,3,5,7,5,7,5,7,6,6,3,5,4
1306,3,1,2,158,158,3,1,6,12,1,5,7,8,5,3,1,7,1,4,1,4,3,5,1,1,3,4,1,1,1,1,1,2,1,4,1,1,2,2,2,1,1,2,6,8,3,4,6,6,2,4,6,8,8,4,1,1,9,7,2,4,5,6,2,5,4,6,6,2,1,4,1,5,5,4,3,2,2,1,4,5,5,3,4,3,6,5,7,3,1,7,4,7,7,4,7,7,7,6,7,6,7,6,2,7,7,3,2,3,2,1,5,4,3,3,5,7,5,1,5,7,3,6,5,2,5,4,5,3,7,7,4,5,6,7,7,4
1307,3,1,5,158,158,3,2,6,1,1,4,4,5,6,6,5,7,3,3,5,5,5,5,5,5,5,5,1,2,1,1,2,2,2,4,2,2,2,2,2,1,2,2,8,6,5,5,5,6,7,5,6,7,6,6,7,6,7,4,6,7,5,5,5,5,5,5,5,5,5,5,5,4,5,4,4,4,4,6,8,5,5,5,5,5,4,5,5,4,4,6,4,5,5,4,5,5,5,5,5,5,5,5,5,5,5,5,5,5,6,5,5,5,5,5,5,4,5,5,5,5,4,5,4,4,4,5,5,4,5,5,5,4,5,5,5,4
1308,3,2,4,158,158,2,1,8,12,0,3,8,4,1,4,1,6,2,2,1,1,4,2,4,6,1,4,1,1,1,1,1,1,1,2,1,1,2,1,2,1,1,2,6,6,5,5,7,7,5,5,6,7,4,5,5,4,3,5,6,5,5,6,3,6,4,1,1,1,4,2,2,6,6,6,4,6,6,3,3,1,6,1,4,1,6,6,7,7,6,7,7,6,7,1,7,7,7,2,7,7,7,1,1,1,7,5,1,7,3,8,4,5,5,2,1,1,1,1,1,1,1,6,6,1,6,6,6,5,6,6,6,6,6,3,4,4
1309,3,2,3,158,158,2,1,7,12,-4,2,10,10,1,4,1,9,2,2,1,6,6,3,7,5,4,4,1,1,2,1,1,1,1,2,2,2,2,1,2,2,1,2,2,9,2,2,9,3,1,2,4,4,6,7,2,5,4,8,6,7,5,5,1,5,6,6,1,1,4,4,5,7,5,4,4,5,1,2,2,1,4,1,1,1,7,4,7,7,7,5,7,7,7,7,5,7,7,7,7,7,7,7,2,1,7,2,1,1,1,1,1,1,1,1,3,6,6,1,2,5,1,7,4,1,1,5,7,7,7,7,7,7,7,3,5,4
1310,3,2,5,158,158,2,6,7,12,2,3,8,8,2,6,1,7,2,2,1,2,2,5,5,5,4,1,2,2,1,1,2,1,1,4,1,1,1,2,2,2,2,2,2,7,4,9,4,8,2,2,3,5,2,2,7,3,7,5,2,6,5,7,3,5,5,5,1,3,5,5,5,4,5,4,4,5,1,2,6,2,3,2,3,2,6,6,5,7,2,5,7,6,7,4,7,7,7,5,7,7,4,7,1,1,7,4,1,1,1,10,1,4,1,1,7,7,1,1,6,6,2,4,6,1,1,6,6,7,5,7,7,7,7,6,4,4
1311,3,1,5,158,158,3,6,7,1,0,3,8,9,2,6,5,7,2,2,4,3,1,5,1,1,4,4,1,1,1,2,2,2,1,2,1,1,1,1,2,1,2,2,7,9,2,2,9,10,5,7,8,5,7,6,7,5,6,5,5,7,5,7,4,5,6,4,4,5,5,4,4,5,7,4,4,6,1,8,7,7,1,6,5,6,4,4,6,7,6,6,7,7,7,5,7,6,7,7,7,6,6,7,1,1,7,1,1,1,1,8,1,1,1,1,6,6,4,6,4,6,3,6,1,1,6,4,6,7,6,6,6,7,7,5,6,4
1312,3,2,4,158,158,3,1,8,1,1,3,6,6,3,2,2,7,2,4,1,4,4,4,4,1,1,1,2,2,1,2,2,2,1,4,2,2,1,1,2,2,2,2,8,8,3,3,7,7,8,6,7,8,6,7,6,2,7,5,6,6,5,4,4,4,3,4,4,4,4,4,4,3,4,4,3,2,3,6,6,2,1,1,1,7,7,4,1,3,1,1,7,7,7,7,7,7,7,7,7,7,7,7,1,1,7,4,1,6,5,6,4,1,1,1,4,4,4,4,4,4,1,1,1,4,4,4,3,4,4,4,4,4,4,4,4,4
1313,3,1,1,158,158,1,1,6,1,1,4,4,3,5,3,2,6,2,4,2,5,3,4,4,5,6,1,1,2,1,2,2,1,1,4,2,2,2,2,1,1,2,2,5,4,7,5,5,6,6,3,7,6,6,7,8,7,7,6,4,7,5,6,4,5,4,4,4,4,6,6,6,6,6,6,4,5,1,9,7,7,2,4,3,4,3,4,5,5,3,5,5,5,6,5,6,6,6,6,6,6,6,5,3,5,7,4,3,4,6,3,2,3,3,3,5,6,5,5,4,5,3,4,4,2,2,6,6,6,5,5,6,6,6,4,6,4
1314,3,1,4,158,158,1,6,7,2,0,4,8,7,1,7,1,6,1,4,4,1,2,5,4,4,4,1,1,1,1,1,1,1,1,2,1,1,1,2,1,1,1,1,5,7,4,3,8,9,6,6,6,6,4,5,6,4,5,6,6,5,5,6,4,4,4,4,2,2,6,4,4,6,6,5,5,6,1,8,7,5,6,4,5,4,4,4,6,5,5,5,5,6,6,4,6,6,6,6,6,7,5,7,1,3,6,4,1,1,5,1,1,1,1,1,4,5,4,2,3,4,4,4,5,4,2,5,6,6,6,6,6,6,6,4,4,4
1315,3,1,2,158,158,1,1,6,2,1,3,7,6,7,6,4,6,2,2,4,3,5,5,4,2,2,3,2,2,2,2,2,2,1,4,2,2,2,2,2,2,1,1,4,4,7,4,5,6,7,6,6,6,6,6,9,8,7,5,6,6,5,7,1,7,4,4,4,5,5,5,4,6,6,5,6,6,4,7,7,7,2,3,5,4,5,3,2,2,3,2,5,6,7,4,7,6,7,3,4,7,7,7,1,7,7,2,1,1,8,1,4,2,1,3,4,3,3,2,2,1,3,3,4,1,1,6,7,4,5,1,7,5,7,5,7,4
1316,3,1,4,158,158,3,1,8,12,0,5,8,8,1,6,1,7,2,4,1,1,4,5,4,1,1,1,1,1,1,1,1,1,1,4,1,1,2,1,2,1,2,2,7,7,4,4,5,7,5,3,6,1,5,1,6,5,1,6,7,5,5,6,2,4,2,4,2,2,2,2,2,4,4,2,1,1,1,1,1,2,5,4,5,2,4,6,6,6,4,4,6,6,6,4,6,6,6,6,6,6,6,6,1,1,7,4,1,1,1,8,4,4,4,1,6,6,6,1,6,6,5,7,6,1,4,4,6,6,6,6,6,5,4,6,1,4
1317,3,1,3,76,76,3,1,7,3,0,5,5,6,5,6,6,4,3,3,4,4,4,4,4,4,1,4,2,2,2,2,2,2,2,4,1,2,1,1,1,2,1,2,5,6,5,5,6,5,5,6,5,5,5,5,5,6,5,6,5,5,5,4,4,4,4,4,4,4,4,4,4,4,4,4,4,4,4,6,6,4,4,4,4,4,4,4,4,4,4,4,4,4,4,4,4,4,4,4,4,7,4,4,4,4,4,4,4,4,5,5,1,1,4,1,4,4,4,4,4,4,4,4,4,4,4,4,4,4,4,4,4,4,4,4,4,4
1318,3,1,2,158,158,3,1,9,12,1,6,7,7,8,3,1,9,2,4,1,2,6,4,5,1,2,5,2,2,2,2,1,2,1,4,1,2,1,2,1,2,1,2,5,2,9,8,2,8,4,4,8,4,3,4,4,3,3,8,3,4,5,5,6,4,6,5,5,4,3,5,6,4,5,6,4,5,3,2,1,5,6,5,5,6,5,6,5,5,5,6,5,5,5,6,5,5,3,5,6,5,6,5,6,4,6,6,5,5,6,7,6,7,5,6,6,5,7,6,5,5,3,5,3,2,3,4,3,4,4,5,6,2,4,3,5,4
1319,3,1,3,158,158,3,1,8,1,-2,4,9,7,2,8,1,8,2,4,2,5,1,6,5,2,2,3,1,1,1,1,1,1,1,2,1,2,2,1,1,1,2,2,6,2,9,3,7,8,8,6,8,7,7,8,7,5,6,5,6,7,5,6,5,5,2,3,2,3,5,3,6,5,5,3,5,5,1,8,4,3,5,2,3,2,6,6,7,7,3,3,7,6,7,5,5,7,5,7,7,7,4,7,1,1,7,5,1,1,1,9,4,6,4,5,6,7,6,6,7,6,3,5,6,1,6,6,6,5,6,6,7,7,6,3,6,4
1320,3,1,2,158,158,3,1,7,3,-2,5,6,6,6,6,4,8,1,1,5,4,4,4,5,5,2,4,1,2,2,2,1,1,1,2,2,1,1,1,1,2,1,2,6,5,6,5,6,4,6,6,5,4,5,5,5,3,6,6,8,6,5,5,3,4,2,5,5,4,4,3,4,4,4,3,3,4,5,5,5,2,3,4,4,4,4,4,3,3,5,4,4,4,3,2,4,4,4,4,6,3,4,3,5,2,4,4,5,4,6,4,4,4,3,3,4,4,3,3,4,2,3,3,4,4,4,3,3,3,3,4,3,4,4,4,4,4
1321,3,2,2,39,39,2,1,7,12,-3,5,7,6,4,5,3,6,2,3,7,6,6,7,5,2,2,6,1,2,2,1,1,1,1,4,2,1,1,2,1,1,1,2,4,4,7,4,7,10,8,3,10,9,8,7,6,5,3,4,7,8,5,6,3,4,4,5,5,3,2,5,2,5,6,5,4,5,1,2,6,7,2,5,5,3,5,5,5,4,3,5,6,6,7,6,7,6,6,6,6,6,6,7,3,7,6,3,1,2,2,1,6,3,1,1,4,4,4,4,2,5,2,5,2,1,2,6,6,5,5,4,7,5,5,4,4,4
1322,3,1,4,158,158,1,3,4,1,3,4,8,9,3,3,1,8,2,2,4,6,1,5,4,4,6,1,1,1,1,1,2,1,1,2,2,2,1,2,2,1,2,2,7,7,4,3,6,9,2,1,9,1,10,3,9,7,8,9,9,8,5,4,5,5,5,3,1,4,6,6,7,5,4,4,1,3,1,3,3,1,7,3,4,1,5,7,4,6,1,5,5,5,7,3,7,6,5,7,6,3,4,7,1,7,6,4,1,1,7,3,1,1,1,1,5,3,5,1,4,5,5,7,1,1,2,5,6,7,6,6,6,1,7,5,5,4
1323,3,1,1,158,158,1,3,7,3,-2,3,8,7,2,7,3,2,1,3,4,6,1,7,5,4,2,6,1,1,2,2,1,1,1,2,1,1,1,1,1,2,2,1,8,4,7,5,10,8,8,9,5,7,8,6,5,1,2,3,8,6,5,5,4,5,5,3,5,5,3,5,5,6,4,6,5,7,4,7,6,5,2,5,3,6,6,1,7,3,1,3,5,5,6,3,6,6,6,6,6,5,5,7,1,1,6,2,1,2,7,1,2,4,4,5,3,2,4,4,2,4,1,1,2,2,2,5,3,5,6,5,6,5,6,4,7,4
1324,3,2,5,158,158,3,6,6,12,0,3,5,6,4,1,3,10,2,2,1,1,3,4,2,1,4,4,2,2,1,2,1,1,1,4,1,1,2,1,2,2,1,1,5,6,5,6,6,6,5,5,5,5,5,5,5,6,5,6,5,5,5,4,4,4,5,5,4,4,4,4,7,5,4,6,4,4,4,1,1,4,5,4,3,3,5,6,7,4,4,6,6,6,7,1,5,5,6,4,4,7,5,7,1,1,7,3,4,3,5,5,1,4,4,1,4,5,4,4,4,4,4,5,6,1,1,4,4,5,6,7,4,6,4,6,4,4
1325,3,1,3,158,158,1,1,7,10,-3,6,6,3,1,3,1,6,2,2,1,1,1,2,1,1,1,6,2,1,2,1,1,2,1,4,1,2,2,1,2,2,2,2,7,3,8,2,4,4,8,1,7,9,4,7,1,1,1,4,3,10,5,6,2,2,2,6,1,4,1,1,2,6,2,2,1,5,1,1,1,1,7,1,1,1,7,7,6,7,1,6,7,6,7,1,7,7,2,7,7,7,1,7,1,1,7,5,1,1,1,3,1,1,1,1,7,7,7,1,1,5,4,6,2,2,4,6,7,5,7,7,7,2,6,2,1,4
1326,3,1,2,158,158,1,1,8,2,0,3,7,3,2,2,2,7,1,4,2,5,3,5,4,2,4,4,1,2,2,2,2,2,1,2,2,2,2,2,2,1,2,2,6,5,6,6,4,7,3,3,5,5,4,4,4,3,4,6,6,6,5,5,3,4,4,4,3,4,4,6,5,4,4,4,4,3,3,3,3,4,3,3,3,3,5,2,5,5,4,5,6,5,5,2,6,6,3,4,6,7,5,4,1,6,6,5,1,3,4,2,1,2,1,1,5,6,6,1,6,6,2,1,5,1,3,4,6,5,5,5,7,7,6,5,4,4
1327,3,1,4,158,158,2,1,8,12,0,6,4,5,4,3,3,7,2,3,2,4,3,4,4,4,4,4,1,2,2,1,2,2,1,2,1,1,2,2,1,1,2,2,6,4,7,5,6,6,6,6,6,6,5,6,5,6,6,5,5,6,5,4,4,4,5,5,4,3,4,4,4,2,4,2,2,2,2,2,2,2,6,2,2,2,6,6,6,2,2,5,4,4,5,4,6,6,6,5,5,5,5,5,1,1,5,2,2,1,9,8,1,2,2,1,4,4,4,4,4,4,4,4,4,2,4,3,6,4,4,4,4,4,4,2,4,4
1328,3,1,5,158,158,4,1,8,12,1,5,7,7,1,5,1,7,2,4,1,1,3,2,5,1,2,5,1,1,2,2,1,1,1,4,1,1,2,2,2,1,2,2,5,7,4,2,4,6,5,2,2,7,2,8,6,2,2,4,2,2,5,6,2,5,2,6,2,2,4,2,2,2,2,2,2,2,1,1,1,2,6,2,2,1,6,6,5,6,2,5,5,5,6,2,6,6,2,6,6,5,5,6,1,1,6,6,1,1,2,9,1,1,1,1,4,4,4,4,4,6,1,1,1,1,1,5,7,6,6,7,7,7,7,5,5,4
1329,3,2,3,158,158,3,1,8,3,3,4,8,8,2,9,2,7,2,2,6,1,3,6,1,1,6,3,1,1,1,1,1,1,1,4,1,1,1,1,1,1,1,1,5,5,6,6,6,8,7,7,7,7,7,7,7,7,7,4,7,7,5,7,6,7,6,6,6,4,6,6,7,5,6,5,6,6,2,8,7,5,2,2,6,2,4,5,6,6,3,6,7,7,7,5,7,7,7,6,7,4,6,6,1,1,7,2,1,1,6,9,2,5,4,1,4,1,1,4,1,1,4,7,5,5,5,5,7,5,7,6,7,7,6,7,6,4
1330,3,1,3,158,158,4,2,4,2,0,2,7,7,6,5,7,6,2,2,5,3,2,3,3,5,3,3,2,1,1,2,1,2,2,4,1,2,2,2,2,1,1,2,7,9,2,6,6,6,6,6,5,5,6,6,5,6,6,4,6,7,5,4,3,5,5,3,3,5,3,7,3,3,3,4,3,4,4,6,6,5,4,2,5,3,4,4,3,3,4,4,4,4,5,4,5,4,6,3,3,4,4,4,5,6,2,4,4,4,6,10,2,3,4,3,3,4,4,4,4,3,3,1,4,3,2,5,4,4,5,4,3,3,3,4,5,4
1331,3,1,3,158,158,1,1,3,12,3,3,10,2,9,2,1,6,2,2,4,2,2,5,2,1,6,1,2,1,2,2,1,1,1,4,2,2,1,1,1,2,1,1,2,10,1,1,1,8,8,7,9,8,6,5,9,8,6,6,8,8,5,6,3,3,7,6,2,4,6,3,3,6,7,3,6,7,4,1,3,2,3,3,5,5,3,3,2,2,2,2,5,6,6,1,5,4,2,2,3,6,5,4,1,2,7,5,4,4,10,1,1,1,2,1,2,5,3,1,4,3,4,6,1,1,1,5,6,7,2,7,7,7,7,5,4,4
1332,3,1,4,158,158,2,1,7,12,2,3,8,5,2,9,2,5,2,2,1,2,4,3,1,1,5,2,2,1,2,1,1,2,1,4,2,2,1,1,2,2,2,2,3,9,2,1,5,5,3,2,5,2,3,2,8,5,2,9,2,5,5,6,2,4,5,3,2,4,7,5,4,4,4,6,2,4,1,5,3,5,2,5,4,4,5,5,6,7,6,6,5,7,7,3,6,7,6,6,6,5,6,7,1,1,7,2,1,6,1,5,1,1,1,1,6,7,5,1,7,7,7,7,4,1,4,6,6,6,6,7,6,6,6,3,4,4
1333,3,2,3,158,107,3,3,2,12,3,5,9,6,9,9,9,8,3,4,3,2,2,3,3,3,2,2,1,2,2,1,1,2,1,4,1,2,1,1,2,2,2,2,8,9,2,2,9,9,9,8,8,8,8,9,9,9,8,3,9,9,5,6,5,5,5,5,3,3,3,3,2,2,1,5,5,4,4,9,8,2,3,2,2,2,3,3,2,3,2,2,2,2,2,2,3,2,2,3,3,6,3,5,4,4,3,4,3,3,8,9,4,3,4,4,4,4,3,4,3,2,4,1,5,3,4,1,2,1,1,3,1,3,4,3,3,4
1334,3,2,1,158,158,1,1,8,12,2,4,8,7,3,5,1,7,2,4,2,5,4,4,2,5,5,4,1,1,1,1,2,1,1,2,1,1,1,1,2,1,2,1,6,4,7,6,4,4,5,4,3,6,7,4,5,4,6,6,5,7,5,3,5,4,5,4,5,4,4,4,5,5,3,3,5,4,4,1,1,4,5,4,3,4,4,4,5,4,5,4,5,3,5,5,5,4,4,4,5,7,6,7,1,1,6,3,1,3,6,4,5,5,4,6,5,5,6,5,4,6,6,5,5,5,6,6,5,6,5,7,6,5,5,5,1,4
1335,3,1,5,158,158,3,1,7,2,0,2,6,5,2,3,2,8,2,2,1,4,4,4,2,2,3,2,2,2,2,1,1,1,1,4,1,2,2,1,2,1,2,2,5,7,4,3,5,5,5,3,7,4,6,5,7,4,5,6,4,5,5,6,2,6,6,4,2,4,5,5,3,5,5,2,4,4,2,5,3,3,5,4,4,3,5,5,6,5,2,4,5,6,7,2,7,6,6,6,5,4,4,4,1,2,6,4,1,1,2,7,1,1,1,1,5,6,6,1,4,5,4,6,1,1,1,6,7,4,6,6,6,7,7,4,4,4
1336,3,2,3,158,158,4,3,3,12,-3,4,7,6,2,5,1,3,2,2,1,1,5,5,4,1,2,6,2,1,2,1,1,1,1,2,1,1,2,1,2,1,2,2,4,7,4,4,8,4,4,2,6,7,3,3,3,3,3,8,7,5,5,6,2,6,5,5,3,2,3,2,4,5,5,3,4,5,1,1,4,3,5,1,2,3,6,6,6,4,3,4,5,5,7,1,7,7,6,6,7,5,5,6,1,1,6,6,1,1,3,2,4,1,1,1,2,1,3,1,1,2,2,6,2,1,2,5,6,5,6,4,7,6,6,3,3,4
1337,3,2,3,158,158,1,6,5,2,0,3,7,5,2,6,3,9,2,4,1,7,2,6,4,1,4,4,1,1,1,1,2,1,1,2,1,1,1,1,2,1,2,2,3,3,8,6,10,6,6,5,5,5,6,4,10,10,10,9,10,6,5,7,1,4,4,1,4,1,7,7,7,7,7,1,4,7,1,1,6,7,1,7,7,7,1,1,7,7,6,7,7,7,7,1,7,7,7,7,7,5,5,7,1,1,7,4,1,1,5,1,1,4,1,1,4,7,1,1,7,7,5,5,3,1,1,4,7,4,7,7,7,7,7,5,2,4
1338,3,1,2,158,158,2,1,4,12,-2,3,8,9,3,8,1,7,2,2,3,1,4,5,1,3,1,6,1,1,1,1,1,1,2,2,1,2,1,2,2,2,2,2,8,4,7,3,10,6,6,4,7,8,8,1,5,3,2,4,5,5,5,6,2,7,6,5,6,4,3,5,5,6,4,2,2,5,7,1,4,6,2,4,5,6,3,5,6,7,4,5,7,7,7,2,6,7,6,7,6,7,7,7,1,1,6,6,1,1,7,1,1,5,3,1,6,6,7,1,7,7,2,4,6,1,2,6,7,4,6,5,7,6,6,5,2,4
1339,3,2,4,158,158,3,1,7,12,1,4,8,8,1,8,1,6,1,4,3,3,4,5,4,1,3,5,1,2,1,1,1,2,1,4,1,1,1,1,2,1,2,2,7,6,5,4,5,7,6,2,8,6,6,3,7,5,4,5,4,7,5,6,2,5,5,5,2,2,5,4,5,4,5,3,3,2,1,3,4,5,3,4,5,3,5,6,5,6,2,3,6,7,6,3,7,7,5,7,6,6,5,6,1,1,7,5,1,1,6,7,4,4,4,1,6,7,7,1,6,6,4,5,4,2,3,5,6,3,6,6,7,7,6,2,2,4
1340,3,2,4,23,158,1,2,4,12,3,4,7,3,2,3,2,6,1,2,5,6,2,6,6,1,7,1,1,2,2,1,2,1,1,2,2,2,1,2,2,1,2,2,6,4,7,2,6,9,4,4,7,5,8,5,9,8,8,9,3,10,5,7,2,6,6,4,4,4,7,6,7,6,6,2,4,3,1,1,4,5,5,3,4,4,3,6,5,6,6,5,7,6,7,3,7,7,6,6,7,6,5,7,1,1,6,4,1,1,3,3,1,2,2,1,6,5,6,1,5,6,4,5,3,1,2,6,6,6,7,7,7,6,6,1,3,4
1341,3,1,2,14,158,2,4,4,2,-1,4,6,7,2,3,2,6,2,2,1,3,7,3,5,1,2,5,2,1,1,1,1,2,1,4,1,1,2,2,2,1,2,2,6,6,5,3,7,7,4,1,5,8,2,2,3,3,4,6,4,2,5,3,3,5,2,5,2,3,4,2,3,6,2,2,3,2,1,4,3,2,5,2,2,2,6,6,6,7,5,5,3,7,7,2,6,7,6,6,6,4,7,7,1,7,7,2,2,1,4,8,1,1,1,1,5,6,5,6,6,6,6,6,2,1,2,6,5,6,6,6,5,4,5,1,2,4
1342,3,2,4,158,158,1,1,7,2,0,3,7,7,1,6,1,7,2,2,2,3,3,3,3,1,4,4,2,2,2,2,2,2,2,2,2,2,2,2,1,2,1,2,5,5,6,6,5,5,5,5,5,5,5,5,5,5,5,6,5,5,5,4,4,4,4,4,4,4,4,4,4,4,4,4,4,4,4,5,5,4,4,4,4,4,4,4,4,4,4,4,4,4,4,4,4,4,4,4,4,7,7,7,1,1,7,2,1,1,5,5,1,1,1,1,1,1,1,1,1,1,1,1,1,1,1,4,4,4,4,4,4,4,4,4,4,4
1343,3,1,4,158,158,3,1,5,2,0,3,10,9,1,7,1,7,1,1,3,4,2,5,3,1,4,3,2,1,1,1,1,2,1,4,1,1,1,1,1,2,2,2,6,6,5,4,8,9,8,4,9,9,7,8,8,7,8,3,6,5,5,6,1,6,5,3,4,4,6,5,5,5,5,5,5,5,4,4,6,6,2,6,7,6,5,2,7,7,4,6,7,6,7,5,7,7,7,6,7,5,5,7,1,1,7,4,2,1,2,9,4,7,6,4,7,7,7,1,7,7,1,7,6,1,5,6,7,7,6,7,7,7,7,6,4,4
1344,3,2,2,158,158,2,3,3,12,0,4,5,8,2,2,1,5,2,2,1,4,5,5,6,2,1,5,1,2,2,1,2,1,2,2,1,1,1,1,2,1,2,2,3,5,6,1,5,5,1,1,10,6,4,1,1,1,1,3,7,5,5,7,1,3,4,5,2,1,1,4,3,6,1,1,1,2,1,3,3,1,7,1,1,1,6,7,1,3,1,1,6,7,7,3,4,3,7,2,6,5,1,7,1,2,5,2,2,2,1,1,1,1,1,1,2,2,7,1,2,1,7,7,1,1,1,1,7,4,5,2,6,1,5,1,5,4
1345,3,2,5,158,158,3,3,4,2,-3,4,10,10,1,9,1,6,1,2,6,6,1,7,3,1,7,1,1,1,1,1,1,1,1,4,1,1,1,1,2,1,2,2,10,10,1,1,9,10,10,7,10,10,10,8,10,10,10,10,8,10,5,7,2,6,5,5,3,2,7,7,5,7,5,5,6,6,1,7,7,4,5,6,6,4,5,5,6,5,5,5,7,6,5,5,6,7,3,6,7,7,4,6,1,1,7,5,1,1,1,7,1,1,1,1,5,7,2,1,2,7,6,6,2,1,1,6,7,5,6,7,7,7,6,4,7,4
1346,3,1,4,158,158,1,6,4,12,0,3,8,6,1,6,1,6,1,2,1,5,5,5,1,5,5,5,2,1,1,1,1,1,1,4,2,2,1,1,2,1,2,1,6,6,5,6,6,8,7,6,6,3,6,6,6,5,5,1,6,5,5,3,3,5,5,5,5,5,6,5,6,6,5,5,6,5,4,1,8,5,7,4,5,5,5,5,6,4,2,5,4,5,6,4,6,6,5,6,6,5,7,5,2,1,7,3,1,1,8,7,1,1,1,1,2,2,3,3,1,3,3,4,5,2,3,6,6,4,5,7,5,6,5,5,6,4
1347,3,2,4,158,158,2,1,7,12,-3,4,7,7,1,7,1,9,2,4,1,4,3,3,2,1,2,6,1,1,1,1,1,1,1,4,1,2,1,1,2,1,2,2,6,7,4,4,6,6,2,1,1,7,6,2,2,2,2,4,1,5,5,6,2,6,5,5,4,4,4,3,2,2,3,3,2,2,1,1,3,4,3,2,5,1,6,6,7,7,6,5,6,7,7,3,7,7,5,6,7,6,7,7,1,1,6,4,1,7,2,8,1,4,1,1,7,7,7,1,6,6,6,7,3,1,1,6,6,6,6,6,6,4,7,2,2,4
1348,3,1,6,158,158,3,1,8,12,0,5,7,5,3,5,2,9,2,2,2,5,6,2,3,1,2,6,2,2,1,2,2,2,1,4,1,2,1,2,2,1,2,2,6,8,3,3,7,9,3,3,5,1,4,2,2,2,2,4,3,6,5,6,4,5,3,2,2,4,3,3,5,3,4,4,2,1,1,1,2,2,6,2,3,6,6,5,6,6,5,5,5,6,7,3,7,6,7,7,6,5,4,7,1,1,6,2,1,1,3,9,4,3,1,1,2,1,1,4,2,1,2,2,4,2,4,5,6,6,6,6,5,6,6,3,2,4
1349,3,2,3,158,158,1,1,8,12,-3,4,5,7,4,3,2,9,2,2,2,2,5,2,5,1,2,2,2,2,2,2,1,2,1,2,2,2,2,1,2,2,2,2,5,8,3,2,5,5,5,4,9,5,9,5,7,3,5,6,6,5,5,6,1,4,5,3,3,4,5,2,4,6,6,6,2,6,1,2,2,5,3,2,3,4,5,6,6,6,4,6,6,6,6,3,6,6,6,6,6,7,6,5,1,1,6,4,1,1,3,3,4,4,1,1,6,5,6,1,5,5,5,7,4,1,1,6,6,6,6,7,7,7,6,6,2,4
1350,3,1,2,158,158,1,2,5,12,0,3,6,6,3,4,2,6,2,2,1,5,5,3,2,1,3,3,1,1,1,1,1,2,1,4,2,1,1,1,1,2,1,1,5,4,7,2,8,2,6,4,4,7,6,4,6,4,5,4,8,5,5,6,3,5,4,5,1,5,4,5,5,5,5,3,4,2,1,3,1,2,6,2,4,2,4,5,6,6,2,2,5,4,6,1,6,6,5,2,6,7,4,7,1,1,6,5,5,4,3,9,1,1,1,1,3,5,4,2,4,1,4,2,6,2,4,1,6,4,5,6,6,6,6,3,1,4
1351,3,2,1,158,158,1,4,4,12,1,4,9,10,1,7,1,3,2,2,6,5,4,6,5,1,2,6,1,2,1,1,2,2,1,2,1,2,1,1,1,1,2,2,7,2,9,4,5,9,6,5,7,6,6,4,5,4,5,4,6,5,5,7,2,5,4,6,4,4,3,2,3,3,4,5,4,5,1,2,8,4,6,4,5,4,4,3,5,4,5,5,5,6,7,6,7,6,5,5,4,4,5,5,4,3,5,7,5,5,5,3,3,3,1,4,4,5,4,1,6,6,6,5,2,3,1,6,5,6,6,7,7,7,5,4,6,4
1352,3,1,5,158,158,1,6,8,12,1,4,9,9,1,5,1,10,2,1,1,1,2,3,1,1,6,1,2,2,2,2,2,2,1,2,1,2,2,2,2,1,2,2,5,3,8,3,9,5,8,5,9,8,6,8,10,9,9,9,8,6,5,7,5,7,4,5,2,4,6,7,7,5,4,6,5,6,1,1,2,3,7,7,7,4,6,7,7,7,7,6,7,7,7,6,7,7,7,5,7,6,7,7,1,1,7,5,4,1,1,10,1,5,1,1,4,4,1,4,4,2,6,7,7,1,4,6,7,7,7,7,7,7,6,4,4,4
1353,3,2,4,74,74,3,1,7,2,0,5,8,6,4,8,5,7,2,2,2,3,7,6,5,2,4,5,1,2,1,2,1,1,1,2,1,1,2,2,1,2,2,1,4,10,1,1,4,6,6,6,4,5,6,6,5,5,4,5,4,5,5,6,4,6,4,6,3,3,4,4,4,3,4,3,4,5,4,7,7,4,4,3,6,3,5,5,6,3,3,6,6,5,6,5,4,6,6,4,5,7,6,7,4,3,6,3,2,3,1,1,2,4,3,4,3,2,3,2,2,3,2,3,4,2,3,6,6,5,6,6,7,6,5,4,6,4
1354,3,1,4,158,158,2,1,8,12,3,3,8,5,2,3,1,8,1,3,1,1,4,2,1,1,3,4,1,1,1,1,1,1,1,4,1,2,1,2,2,2,2,2,8,7,4,2,10,9,4,2,7,4,7,4,5,3,4,4,3,7,5,6,1,5,2,4,2,2,4,3,4,2,3,2,1,3,1,1,1,1,6,1,1,1,6,6,4,7,4,2,6,4,7,1,7,7,2,7,7,6,4,4,1,1,7,4,1,1,3,9,1,1,1,1,7,7,7,1,4,5,2,4,5,1,2,6,7,6,7,7,7,4,7,5,3,4
1355,3,2,5,158,158,3,5,7,12,2,6,9,7,2,7,1,10,2,2,1,1,4,3,1,1,2,1,1,1,1,1,1,1,1,4,1,1,1,1,2,1,2,1,4,5,6,4,7,1,6,2,1,6,2,2,2,1,3,9,5,4,5,7,1,6,3,3,1,3,5,2,5,5,4,1,2,1,1,2,1,4,3,4,4,3,5,5,7,5,4,5,7,7,7,4,7,7,5,7,7,7,6,6,1,1,7,4,1,1,1,1,1,1,1,1,5,6,6,4,3,5,3,6,3,1,1,6,7,4,7,7,7,5,7,4,7,4
1356,3,1,2,23,158,1,2,9,10,0,4,2,3,6,1,1,5,1,4,3,1,2,3,4,5,6,3,1,2,1,2,2,1,1,2,2,2,1,2,2,1,1,2,5,6,5,5,7,8,2,3,8,1,1,3,10,6,8,8,10,2,5,6,2,5,6,6,6,5,5,4,7,6,5,1,1,4,1,1,1,5,5,4,3,3,3,4,6,7,5,6,2,4,7,1,7,7,6,4,4,2,4,7,1,1,7,3,2,3,2,8,5,5,5,3,6,7,7,1,7,6,6,3,5,3,4,4,7,6,7,4,7,7,6,4,6,4
1357,3,1,2,158,16,3,2,6,10,2,6,9,4,6,9,4,8,3,3,4,5,5,4,5,6,6,3,1,1,2,1,1,1,2,2,1,2,2,1,1,1,1,1,5,6,5,8,4,7,5,6,8,5,7,6,7,7,8,4,6,8,5,4,5,3,3,3,3,5,3,4,4,4,4,3,4,4,5,7,5,4,4,5,4,3,5,3,4,3,6,3,3,5,4,3,5,4,3,4,4,4,4,5,5,6,6,5,6,5,5,7,4,3,5,4,6,7,5,5,5,4,4,6,5,5,4,5,3,5,4,5,4,6,5,4,4,4
1358,3,1,5,158,158,3,1,8,12,1,5,9,9,2,8,2,10,1,2,4,3,5,5,1,1,1,6,1,1,1,1,1,1,1,4,1,1,1,1,2,1,2,2,6,7,4,4,8,7,8,2,8,8,8,8,7,7,5,5,7,7,5,7,7,7,5,6,6,5,4,2,6,7,6,5,6,6,1,2,2,5,7,5,6,6,7,6,6,4,3,4,7,7,7,4,7,7,7,7,7,7,7,7,1,2,7,4,1,1,1,10,5,6,6,1,6,3,3,1,5,3,2,5,4,1,1,6,6,7,7,7,7,7,7,7,1,4
1359,3,2,2,158,158,1,1,5,1,3,4,6,5,1,4,2,8,2,1,2,2,4,5,5,7,5,1,1,2,1,1,2,2,1,2,1,1,1,1,2,2,2,2,5,4,7,5,9,4,2,4,7,1,3,2,10,10,10,9,6,6,5,7,1,7,6,4,2,4,7,3,7,6,6,5,5,4,1,8,1,5,2,4,1,5,2,2,5,7,6,5,5,6,7,3,7,4,5,4,7,4,5,7,1,2,5,3,3,4,2,4,1,3,2,3,4,2,2,4,2,2,1,2,4,1,3,4,6,6,7,7,7,2,6,7,7,4
1360,3,2,4,158,158,4,1,8,12,0,3,5,5,5,5,5,5,2,2,4,4,4,4,4,4,4,4,2,1,1,2,2,2,2,2,2,2,2,1,1,1,2,1,5,5,6,6,5,5,5,5,5,4,5,5,5,5,5,6,5,5,5,4,4,4,4,4,4,4,4,4,4,4,4,4,4,4,4,5,5,4,4,4,4,4,4,4,4,4,4,4,4,4,4,4,4,4,4,4,4,7,7,1,7,7,7,7,1,1,8,8,1,1,1,1,4,4,4,4,4,4,4,4,4,4,4,4,4,4,4,4,4,4,4,4,4,4
1361,3,1,3,158,158,3,3,8,12,3,4,8,7,7,6,8,8,3,3,3,4,5,4,5,4,4,5,2,1,2,1,2,2,1,2,1,1,2,1,2,1,1,1,8,7,4,2,6,8,9,8,7,6,9,7,6,9,6,2,7,9,5,5,5,3,5,6,4,5,4,5,5,3,4,5,5,5,4,8,6,5,5,6,4,6,4,5,6,4,6,5,5,6,5,3,5,4,4,5,6,5,6,6,5,4,5,4,4,5,8,6,4,5,6,5,5,4,6,4,5,4,5,3,4,5,6,5,5,5,6,5,6,4,5,4,6,4
1362,3,2,3,158,158,3,1,7,12,-2,3,8,7,2,7,1,8,2,2,1,1,2,4,6,1,6,2,1,1,2,1,1,1,1,4,2,1,2,1,2,1,2,2,7,5,6,4,5,6,6,8,5,5,5,3,10,10,2,9,5,8,5,7,1,6,3,2,1,2,5,5,6,5,5,4,2,3,1,1,1,5,2,5,2,2,6,4,7,7,7,6,7,7,7,2,3,6,5,7,7,7,7,7,1,1,7,2,1,1,2,5,1,4,1,1,7,7,7,1,7,7,1,2,7,4,4,4,7,7,7,7,7,7,7,5,6,4
1363,3,2,4,158,158,3,6,7,1,-2,3,8,6,2,5,2,5,1,1,4,2,2,5,4,1,2,5,1,1,1,1,1,2,1,4,1,2,2,1,2,1,1,2,5,6,5,4,7,7,7,4,4,6,5,7,4,4,3,4,5,7,5,6,2,6,5,4,2,3,3,2,4,3,5,3,4,5,1,3,7,2,5,2,3,2,6,6,5,5,5,4,6,6,6,3,6,6,5,6,6,7,7,7,1,2,6,4,1,2,3,4,1,4,1,1,6,6,6,1,5,6,6,6,1,1,1,6,7,6,7,6,7,7,6,5,3,4
1364,3,2,4,158,158,3,1,7,12,-1,3,10,5,1,3,1,7,2,2,4,2,4,4,4,1,4,6,2,2,1,1,1,1,1,4,1,2,2,1,2,1,2,1,4,7,4,4,5,8,8,6,9,6,6,7,8,3,3,3,1,6,5,7,1,5,6,1,4,4,5,4,5,4,6,7,5,6,1,1,4,3,4,1,3,3,5,6,7,7,5,5,7,7,7,2,7,7,7,7,7,7,7,7,1,1,7,5,1,1,6,1,1,1,1,1,7,7,7,1,7,7,4,4,5,3,1,4,7,4,7,7,7,7,6,4,1,4
1365,3,2,3,158,158,2,1,7,12,-1,6,8,8,2,5,1,6,2,4,2,1,4,5,2,1,2,4,2,2,1,1,1,2,1,4,1,1,2,2,2,1,2,2,8,4,7,4,7,5,4,2,5,3,6,2,3,2,3,5,3,5,5,6,5,5,6,5,5,3,3,2,3,3,2,3,1,2,1,3,6,2,3,2,6,2,5,6,2,5,2,2,7,7,6,2,6,7,5,3,5,7,7,4,1,2,7,5,2,2,2,3,2,2,2,1,6,5,2,1,4,6,4,6,4,1,1,5,6,4,7,6,6,6,5,3,3,4
1366,3,2,4,158,158,2,1,4,12,-3,3,8,7,2,5,1,6,2,2,6,4,2,5,2,1,2,6,1,1,1,1,1,1,1,4,1,1,1,2,1,1,2,2,6,7,4,3,8,9,8,5,5,7,6,4,4,3,4,5,4,7,5,7,2,5,5,3,5,4,2,5,4,6,5,5,2,4,4,4,9,5,6,4,5,2,5,6,6,7,6,4,7,7,7,2,7,7,5,7,7,7,7,7,1,1,7,4,1,1,5,6,1,7,5,1,5,5,5,6,5,5,4,4,2,1,6,7,7,7,5,7,7,7,7,2,5,4
1367,3,2,5,158,158,3,1,7,12,2,6,5,5,1,3,1,7,1,3,3,1,2,3,4,1,4,3,2,2,1,1,2,2,1,4,2,2,1,1,2,1,2,2,4,4,7,5,8,7,1,1,3,3,5,1,5,2,3,9,1,3,5,5,1,5,5,3,3,2,5,4,5,2,2,1,1,3,1,3,7,1,4,1,1,1,5,3,7,7,4,4,7,7,7,1,7,7,5,7,7,7,7,7,1,1,7,5,1,1,1,7,4,5,4,1,7,7,1,1,5,7,3,4,3,2,4,5,5,6,7,7,7,7,7,2,3,4
1368,3,2,6,102,158,4,2,3,12,-4,5,8,8,1,8,1,8,2,4,6,1,4,5,2,1,2,4,2,1,1,1,1,1,1,2,1,1,1,2,2,1,2,2,4,4,7,3,6,1,5,1,8,0,8,1,7,2,6,5,1,7,5,7,2,6,4,2,1,4,2,1,4,6,6,2,2,2,1,2,1,4,6,1,2,1,6,6,4,7,1,4,4,4,7,1,7,7,7,7,7,1,1,7,1,1,7,4,1,1,1,5,1,1,1,1,1,7,7,1,1,7,7,7,4,1,1,4,7,1,4,4,6,2,4,4,4,4
1369,3,1,4,158,158,3,1,8,1,1,3,7,8,2,4,1,10,2,4,1,1,5,4,5,1,7,1,1,1,2,1,2,1,1,4,2,2,1,1,1,2,1,1,6,6,5,5,7,8,3,5,8,1,9,8,6,10,10,10,10,7,5,7,2,7,7,1,2,2,7,7,7,7,7,6,6,7,1,9,9,1,6,1,2,2,6,6,7,6,2,6,6,6,6,2,6,7,6,6,6,7,7,7,1,1,7,2,2,2,1,4,1,1,1,1,7,7,7,1,7,6,6,7,1,1,1,6,7,7,7,7,7,6,7,7,7,4
1370,3,2,3,141,158,1,1,5,3,-5,4,5,5,5,5,1,5,2,2,4,4,4,4,4,4,5,4,2,2,1,1,1,1,1,4,1,1,2,2,2,2,2,2,5,5,6,6,5,5,5,5,5,5,5,5,5,5,5,5,5,4,5,4,4,4,4,4,4,4,4,4,4,4,4,4,4,4,4,6,5,4,4,4,4,4,4,4,4,4,4,4,4,4,5,3,5,5,4,5,5,4,5,7,5,5,5,5,3,5,6,6,1,1,1,1,4,4,4,4,3,4,5,6,3,1,3,4,4,4,4,4,4,4,5,5,4,4
1371,3,1,1,158,106,1,3,8,5,1,3,7,5,6,8,5,5,2,3,5,5,5,5,4,4,5,6,2,1,2,2,2,1,2,2,1,2,1,2,1,1,1,2,6,5,6,5,6,9,5,7,6,7,7,6,6,7,7,5,7,6,5,4,5,6,5,6,5,7,4,2,3,6,5,6,5,6,6,6,6,2,4,4,4,5,5,5,3,6,5,6,5,4,4,5,6,3,5,5,6,6,5,2,5,3,4,3,5,5,7,4,6,4,4,5,6,4,5,4,3,5,3,5,4,5,4,4,5,4,4,5,5,3,6,5,4,4
1372,3,2,1,158,158,1,3,3,12,-3,5,10,5,1,7,1,2,1,1,3,5,6,6,4,1,1,1,1,1,1,1,2,2,1,2,1,1,1,2,1,2,1,1,2,4,7,3,10,5,8,4,5,4,1,4,2,6,2,6,6,5,5,7,2,6,4,5,6,4,5,3,1,2,5,4,5,6,4,1,5,2,6,1,2,3,5,4,5,6,5,4,6,5,7,4,7,6,6,4,7,6,5,7,1,7,7,3,2,1,5,2,4,4,3,5,4,7,4,1,5,6,1,2,7,1,1,4,7,4,7,4,7,6,4,1,7,4
1373,3,1,4,158,158,1,1,7,12,0,3,8,8,3,6,3,7,2,2,2,2,4,5,4,2,4,4,1,1,1,1,1,1,1,4,2,1,2,1,2,1,2,2,5,5,6,2,8,5,7,4,6,8,7,6,6,5,5,6,3,7,5,6,3,5,4,5,4,4,5,4,5,5,4,3,2,4,1,1,1,3,5,2,4,2,5,6,4,6,2,5,6,6,6,4,6,6,6,5,6,5,4,7,1,1,6,4,1,1,1,1,1,4,1,1,7,7,7,1,7,6,6,6,4,1,3,6,7,4,5,6,7,6,6,5,4,4
1374,3,1,5,158,158,3,1,6,12,0,3,6,8,2,3,1,8,2,2,1,2,2,2,2,1,2,4,1,2,1,1,1,1,1,2,1,2,1,1,2,1,2,2,5,8,3,1,2,5,2,2,3,1,8,2,2,1,2,6,1,6,5,6,2,6,3,4,1,2,2,6,6,2,2,2,1,2,1,2,1,3,5,2,3,1,6,7,7,7,2,7,7,7,7,3,7,7,6,6,7,7,7,7,1,1,7,4,2,1,1,10,1,1,1,1,6,7,6,1,4,7,4,4,4,1,2,6,7,6,6,6,7,6,7,5,4,4
1375,3,2,5,158,158,4,6,3,1,0,3,7,8,2,6,1,5,2,3,1,1,5,2,4,1,1,4,2,1,2,2,2,1,2,2,1,1,1,1,2,1,2,2,2,8,3,8,6,7,4,2,2,6,5,2,4,3,3,6,3,2,5,7,2,5,5,4,4,4,5,3,1,2,5,5,3,2,1,10,9,4,4,1,2,2,6,7,3,6,6,4,7,7,7,1,7,7,2,3,3,7,7,7,1,1,7,5,4,5,2,3,4,5,1,1,6,4,4,4,4,6,1,7,4,1,4,7,7,7,7,6,7,7,7,7,4,4
1376,3,2,3,98,98,3,1,6,12,-1,6,10,10,1,8,6,1,2,3,4,4,4,5,4,2,2,5,1,1,1,1,1,1,1,2,1,1,1,1,2,2,2,2,7,7,4,4,7,8,6,6,6,6,6,6,6,6,6,5,6,6,5,5,4,4,5,5,5,5,5,4,4,4,4,4,4,5,3,2,4,7,7,7,7,7,1,1,7,7,4,7,7,7,7,7,7,5,7,7,7,6,7,7,7,6,6,2,2,6,2,3,3,4,3,3,4,4,4,4,5,4,4,4,4,3,4,4,5,4,4,5,5,4,4,4,5,4
1377,3,1,2,158,158,1,1,7,12,4,4,3,1,3,1,1,8,2,2,2,1,7,1,4,1,3,2,1,2,2,1,2,2,1,2,1,2,1,1,1,2,1,2,5,5,6,1,4,3,3,1,3,5,2,1,4,5,6,7,3,3,5,6,6,4,4,5,2,3,4,6,5,4,2,5,2,4,1,1,3,2,4,1,2,1,5,6,5,5,4,5,2,2,7,2,6,3,2,5,5,4,1,7,1,1,4,5,4,3,3,3,1,1,1,1,5,5,5,1,4,4,1,6,1,1,1,4,5,4,6,6,6,7,5,1,3,4
1378,3,2,2,158,158,2,1,7,12,4,4,8,6,1,7,1,9,1,4,1,3,3,5,1,1,3,1,2,1,1,2,1,1,1,4,1,1,2,2,2,2,2,2,2,3,8,7,4,8,4,2,7,3,3,3,9,7,8,7,8,7,5,5,2,6,6,3,2,3,4,6,7,1,5,6,2,4,2,1,1,4,4,2,4,2,5,6,6,6,4,6,5,5,6,2,6,6,2,6,5,3,5,6,1,2,7,4,4,3,3,2,1,1,1,1,4,4,4,4,4,4,3,3,4,2,2,5,5,6,7,5,4,7,5,3,3,4
1379,3,1,3,158,158,1,1,7,4,1,4,9,9,3,6,3,5,2,2,1,3,6,2,5,4,2,6,2,2,2,1,1,1,1,2,2,2,2,2,1,2,1,1,5,6,5,5,5,5,7,3,7,4,6,6,5,4,5,5,5,5,5,7,1,6,6,4,2,2,4,2,5,7,6,7,7,5,6,7,7,2,6,2,6,4,6,6,6,6,6,2,6,6,7,5,7,7,6,6,7,5,6,7,2,1,7,3,1,2,7,1,5,5,4,1,6,7,6,1,7,7,6,2,6,4,1,6,7,7,6,7,7,7,7,7,4,4
1380,3,1,5,193,193,3,1,7,12,3,5,8,3,7,2,1,7,2,1,6,2,2,6,6,3,6,2,1,2,2,1,2,1,1,4,2,2,1,2,2,2,1,2,3,5,6,1,4,9,1,1,3,1,3,1,4,4,7,6,1,6,5,7,3,6,5,4,4,6,7,4,5,7,6,3,5,5,2,2,4,4,5,4,4,4,6,5,4,6,6,5,6,6,7,4,6,6,6,6,7,7,5,7,1,1,6,6,1,1,2,9,1,1,1,1,1,1,3,2,1,2,6,6,6,1,2,6,6,6,7,7,7,6,6,6,5,4
1381,3,2,4,158,158,3,1,7,1,1,3,9,7,2,6,2,6,2,2,1,1,3,5,5,1,2,3,2,2,2,1,1,1,1,2,1,1,2,2,2,1,2,2,7,7,4,3,6,7,8,4,8,6,8,3,6,8,3,7,4,4,5,6,2,5,2,3,2,2,4,2,4,2,5,5,2,2,1,8,1,2,3,2,2,2,6,6,6,6,6,6,6,6,6,2,6,6,2,5,6,6,3,5,1,1,6,5,1,1,5,2,1,1,1,1,6,3,6,5,6,6,4,4,4,1,3,6,7,5,6,6,6,6,6,3,6,4
1382,3,2,2,158,158,1,1,3,12,-1,6,4,2,2,3,1,8,2,4,5,5,6,6,4,1,2,2,2,2,1,1,2,1,1,2,2,2,2,2,2,2,2,2,6,3,8,5,10,10,3,2,2,1,4,1,1,2,2,2,7,10,5,5,3,3,5,3,5,5,3,3,4,3,2,3,1,1,1,2,7,5,5,1,2,1,5,3,5,3,1,6,7,7,7,2,7,7,2,5,7,7,6,7,1,1,6,4,4,7,1,9,1,1,1,1,5,6,6,1,1,2,1,7,1,1,1,4,5,3,7,4,7,3,6,1,1,4
1383,3,1,5,158,158,3,1,8,1,0,2,8,7,2,7,6,7,2,2,3,4,3,4,4,2,3,4,1,1,1,1,2,1,1,2,1,1,2,2,2,1,2,2,6,7,4,4,7,7,5,4,7,4,4,4,4,4,4,6,7,5,5,5,3,4,4,5,4,3,4,5,6,4,2,4,4,4,2,5,5,2,4,2,4,2,5,6,4,6,6,5,6,6,7,4,6,7,6,7,6,6,7,7,4,1,7,4,1,2,4,7,4,5,3,1,4,4,4,4,4,4,4,4,4,4,4,6,6,6,6,3,6,7,5,4,6,4
1384,3,1,2,138,158,1,1,5,2,1,4,6,5,4,2,1,6,1,1,2,4,4,5,4,4,4,6,1,1,2,1,1,2,1,2,1,2,2,2,2,2,2,2,5,4,7,4,3,7,4,5,8,7,8,7,3,4,3,4,2,6,5,5,3,6,6,4,3,4,4,4,4,6,6,4,4,7,4,3,3,4,5,2,4,3,5,5,5,4,2,4,5,5,6,2,6,6,4,4,4,5,4,6,1,2,6,5,4,4,5,1,1,1,1,2,4,4,4,4,4,4,5,5,4,2,2,5,7,4,4,4,6,1,4,3,4,4
1385,3,1,3,158,158,3,1,8,12,3,3,7,3,6,2,4,9,1,1,1,1,4,2,4,1,6,1,2,2,2,2,1,1,1,4,2,2,2,2,1,2,2,1,1,5,6,3,6,3,2,2,6,4,7,2,7,6,8,8,6,5,5,7,1,7,6,4,4,4,7,7,7,6,7,5,6,6,3,1,1,2,4,1,2,3,4,5,4,6,4,3,3,1,1,1,7,7,4,3,4,4,1,1,1,7,6,4,4,5,7,1,1,1,1,1,3,7,6,1,3,4,5,5,4,1,3,5,4,4,5,5,7,4,2,2,3,4
1386,3,1,4,158,158,1,1,6,12,3,3,6,5,2,4,3,8,2,2,4,4,2,3,5,4,5,4,1,1,1,2,2,2,1,4,2,2,1,1,2,2,2,2,5,5,6,6,4,7,3,4,5,3,4,4,8,8,8,8,9,7,5,5,4,4,6,4,3,4,6,5,6,4,7,5,4,5,1,1,1,4,5,4,5,4,5,5,7,7,6,6,6,6,7,3,6,7,7,7,6,5,6,7,1,3,6,3,1,1,1,7,1,1,1,1,7,7,7,1,7,7,7,7,1,1,1,5,6,6,7,6,6,6,6,2,6,4
1387,3,1,3,158,158,3,1,8,2,1,3,6,8,1,5,1,6,2,4,1,1,2,2,1,1,3,3,1,1,1,1,1,1,1,4,1,1,1,1,1,1,2,2,5,8,3,3,5,8,5,7,5,6,6,2,6,7,5,6,6,6,5,7,1,7,2,2,1,1,4,4,4,2,5,2,5,4,1,9,5,2,4,2,2,2,6,6,6,6,6,5,7,6,6,1,7,7,6,6,6,7,7,7,1,2,6,4,2,2,4,5,1,5,4,1,4,4,4,4,4,4,5,5,3,2,4,6,7,6,6,7,7,7,6,4,4,4
1388,3,2,1,158,158,1,3,5,2,0,2,10,4,10,6,8,6,2,2,3,2,3,3,3,1,5,1,1,2,2,1,1,2,1,4,2,1,1,2,2,2,1,2,6,5,6,4,5,6,8,8,4,3,7,6,7,6,5,3,3,4,5,4,1,3,3,5,5,4,4,3,1,4,4,6,3,7,2,3,4,2,3,3,3,4,3,1,2,4,4,4,5,7,6,6,5,6,6,5,1,5,6,4,1,2,7,6,4,6,6,6,4,5,5,5,5,6,4,5,3,1,3,1,1,1,1,5,5,5,6,4,5,5,5,5,4,4
1389,3,2,4,158,158,4,1,7,2,2,4,9,5,2,7,1,6,2,3,1,5,4,4,3,1,4,4,1,1,1,1,1,1,1,4,1,1,1,1,2,1,2,2,6,5,6,4,6,6,7,3,7,5,5,4,5,3,5,4,8,7,5,5,4,3,3,4,3,3,4,4,5,4,3,4,2,2,1,2,2,2,6,2,2,2,6,6,6,7,4,5,6,6,6,2,6,6,6,6,6,7,6,7,1,7,7,6,7,7,2,9,1,1,1,1,1,1,1,1,1,1,1,2,5,1,1,5,6,5,6,6,6,5,6,6,4,4
1390,3,1,2,221,221,1,4,4,10,0,5,10,10,1,7,2,8,2,2,6,5,3,7,2,1,2,3,1,1,1,1,1,1,1,4,1,2,1,2,2,2,1,2,4,9,2,10,8,7,2,5,10,9,1,3,4,5,5,6,5,3,5,7,4,7,2,5,5,2,1,1,1,4,5,5,4,3,1,1,1,3,6,4,5,1,6,3,6,7,4,7,4,7,7,5,4,5,7,6,4,6,3,7,6,3,7,3,1,3,2,6,3,3,3,3,1,1,1,3,1,3,1,1,1,1,1,4,4,4,4,4,4,4,4,4,4,4
1391,3,2,3,158,158,3,1,7,11,-4,4,9,7,1,6,1,6,2,2,1,1,1,7,1,1,4,3,1,2,1,1,2,1,1,2,1,2,2,1,2,2,2,2,6,6,5,4,9,10,6,4,6,5,5,3,5,5,4,4,6,9,5,5,3,2,3,5,1,2,2,2,3,3,3,2,1,2,1,1,3,1,5,1,2,1,5,6,2,2,2,2,7,7,7,2,7,7,3,7,7,7,6,7,1,1,7,5,2,1,5,2,1,5,3,1,5,2,6,1,1,2,2,4,5,1,2,5,5,3,1,4,5,7,5,1,1,4
1392,3,2,2,64,64,3,4,2,3,3,6,5,5,5,6,6,8,2,2,4,4,4,4,4,4,4,4,1,1,1,1,2,1,1,4,2,2,1,2,2,2,1,2,5,6,5,6,5,5,5,6,5,5,5,5,5,5,5,6,5,5,5,4,4,4,4,4,4,4,4,4,4,4,4,4,4,4,4,8,8,4,4,4,4,4,4,4,4,4,4,4,4,4,4,4,4,4,4,4,4,4,4,4,4,4,4,4,4,4,5,5,4,4,4,4,4,4,4,4,4,4,4,4,4,4,4,4,4,4,4,4,4,4,4,4,4,4
1393,3,1,2,158,158,2,1,8,1,-2,4,8,8,1,7,1,6,2,4,2,1,4,3,1,1,2,5,1,1,1,1,1,1,1,4,1,1,1,1,2,1,2,2,6,5,6,3,10,9,5,1,6,10,7,7,3,1,2,3,1,10,5,7,1,6,5,4,1,1,5,1,5,5,4,5,5,4,1,3,1,1,5,1,1,1,7,7,6,7,3,1,7,7,7,2,7,7,6,7,7,6,7,7,1,1,7,2,1,1,1,10,1,5,1,1,7,7,7,1,6,6,6,6,3,1,3,5,7,5,7,7,7,5,5,1,1,4
1394,3,1,3,158,158,1,3,6,12,0,3,6,6,1,6,1,7,2,4,1,5,1,6,7,3,3,1,1,1,1,1,1,1,1,4,1,1,1,1,2,1,2,2,5,8,3,4,6,8,6,6,7,8,8,6,9,6,6,5,7,7,5,7,1,3,5,5,1,5,5,7,5,1,5,7,1,1,1,1,1,5,7,5,5,5,3,6,6,7,5,5,7,7,7,7,7,7,7,7,7,7,7,7,1,1,7,4,1,1,1,10,1,7,1,1,4,4,4,4,4,4,7,7,1,1,1,4,7,7,7,7,7,7,7,5,5,4
1395,3,2,3,158,158,1,1,8,12,0,3,5,9,4,5,3,8,2,2,4,4,3,4,4,4,4,4,1,1,1,1,2,2,2,4,1,1,1,1,2,2,2,2,5,7,4,4,7,7,6,6,6,6,6,6,6,7,6,4,7,6,5,4,4,4,4,4,4,4,4,6,6,5,4,5,5,6,6,7,8,4,4,5,4,4,4,5,5,4,4,6,5,5,4,4,5,4,4,5,4,6,5,4,1,6,5,4,1,4,7,7,4,4,4,4,4,4,4,4,4,4,4,4,4,4,4,4,4,5,4,4,4,4,4,4,4,4
1396,3,1,2,158,158,1,1,3,12,-2,2,7,6,4,4,2,6,1,1,4,2,6,3,4,3,4,5,1,2,1,1,2,1,1,4,1,1,1,1,2,1,2,2,7,6,5,4,6,6,6,4,7,7,7,6,6,5,6,6,6,7,5,6,3,6,5,5,4,4,4,4,5,5,5,5,3,4,2,3,3,5,5,3,3,3,4,5,4,4,4,5,5,6,6,3,5,6,3,3,4,5,5,6,1,1,6,4,4,1,4,3,1,1,1,1,3,4,3,1,3,4,1,1,1,1,1,6,5,4,6,5,6,7,5,5,3,4
1397,3,1,2,158,158,3,1,2,12,4,3,7,4,1,2,1,5,1,2,5,6,3,5,4,4,7,1,1,2,1,1,2,1,1,2,2,1,1,1,1,2,2,1,5,4,7,7,5,10,8,8,3,2,5,5,10,10,10,10,3,8,5,7,1,7,7,1,4,5,7,7,5,7,7,6,6,5,1,1,1,5,1,7,7,7,2,2,5,6,6,5,6,6,6,6,6,6,6,6,6,6,6,7,4,3,6,4,2,2,1,1,1,1,1,1,5,5,2,1,5,5,6,3,4,4,3,4,7,4,7,7,7,7,6,1,4,4
1398,3,2,5,158,158,1,3,8,2,5,1,6,5,7,3,2,8,2,2,4,4,4,5,1,1,7,5,1,1,2,1,1,2,1,2,2,2,2,2,2,1,1,2,1,6,5,4,6,8,6,5,1,7,8,5,10,10,10,5,5,6,5,7,4,7,4,4,6,4,7,7,7,5,6,5,6,5,4,6,5,7,2,6,5,6,4,5,6,6,5,6,7,6,7,6,7,6,7,6,6,7,5,7,4,1,7,2,3,1,1,1,1,6,1,1,4,6,6,4,4,5,5,7,3,1,1,4,6,5,5,6,6,7,6,5,6,4
1399,3,2,4,158,158,3,6,5,12,-1,2,8,6,3,7,2,8,2,2,1,2,4,4,4,5,3,5,1,2,1,1,1,1,1,2,1,1,2,2,2,1,2,1,6,6,5,5,7,6,4,5,9,5,6,4,6,5,5,4,4,6,5,6,3,5,5,4,3,3,4,5,5,5,4,5,3,4,1,5,2,2,5,1,4,1,4,5,6,5,4,6,7,7,7,1,4,7,2,7,7,7,7,7,1,4,7,5,1,1,1,9,1,4,1,1,6,7,7,1,6,7,6,6,2,1,4,7,6,5,7,6,7,6,6,4,3,4
1400,3,2,3,158,158,1,6,3,12,0,3,3,7,3,2,1,1,2,2,7,1,2,7,4,1,4,4,1,2,1,1,2,2,2,2,1,1,2,1,1,2,2,2,1,4,7,8,1,10,2,4,5,4,1,1,4,6,4,7,7,3,5,4,4,4,4,4,4,4,4,4,4,4,4,4,4,4,4,1,1,4,3,2,3,4,4,4,4,4,4,4,6,1,6,1,4,6,4,4,6,2,1,7,1,1,6,3,4,4,5,5,1,1,1,1,6,7,6,1,5,1,4,1,1,1,1,4,4,4,4,4,4,4,4,4,4,4
1401,3,2,2,158,158,2,1,7,12,-2,3,8,6,2,8,1,8,1,2,5,3,3,4,4,1,2,4,2,1,2,1,1,1,1,2,1,1,1,1,2,1,2,2,7,4,7,5,5,5,3,3,3,3,4,2,3,4,5,7,8,5,5,6,3,5,4,5,4,2,4,2,4,4,1,3,1,1,1,1,7,3,6,2,4,3,5,3,4,3,3,3,6,5,6,2,7,6,6,6,6,5,5,2,1,1,7,4,1,1,1,1,1,1,1,1,2,2,3,7,2,6,6,5,1,1,1,4,4,4,4,4,5,5,5,5,4,4
1402,3,1,4,158,158,3,1,7,2,0,3,6,6,6,6,6,6,2,2,4,4,4,4,4,4,4,4,1,1,2,2,2,2,2,2,1,2,2,2,2,2,2,1,5,5,6,6,5,5,5,5,5,5,5,5,5,5,5,6,5,5,5,4,4,4,4,4,4,4,4,4,4,4,4,4,4,4,4,6,6,4,4,4,4,4,4,4,4,4,4,4,4,4,4,4,4,4,4,4,4,4,4,4,1,4,7,4,4,4,6,6,4,4,4,4,4,4,4,4,4,4,4,4,4,4,4,4,4,4,4,4,4,4,4,4,4,4
1403,3,2,4,158,158,1,3,4,12,0,2,6,7,5,7,1,5,2,2,1,1,2,5,4,4,5,4,2,1,1,1,1,1,1,2,1,1,1,1,2,1,2,2,7,4,7,4,7,5,7,4,5,6,4,2,8,4,7,8,3,7,5,5,2,5,5,4,4,4,6,6,4,3,4,4,1,2,1,1,1,2,3,4,5,2,4,6,6,7,7,6,4,4,7,4,7,7,6,6,7,1,1,7,1,1,6,3,3,1,1,3,1,1,1,1,7,7,7,1,7,7,4,3,2,1,6,3,6,6,6,7,7,6,6,1,2,4
1404,3,1,4,220,158,4,3,4,2,0,3,10,7,1,6,1,5,2,1,4,4,4,6,4,6,4,4,1,1,1,1,1,1,1,2,1,1,1,1,1,2,1,1,5,7,4,3,6,6,4,5,4,4,5,1,6,10,7,7,8,5,5,7,1,7,7,4,5,4,7,7,6,4,7,7,6,7,4,6,6,6,4,7,4,4,4,5,7,6,7,5,7,7,7,1,7,7,7,7,7,7,7,7,1,1,7,4,1,1,2,2,1,1,1,1,4,1,7,4,1,1,1,1,1,1,1,7,7,4,7,7,7,7,7,7,7,4
1405,3,1,5,220,158,2,1,7,4,-3,2,9,7,1,9,1,6,2,4,1,2,5,2,1,1,2,5,2,1,1,1,1,1,2,4,1,1,2,1,1,2,2,1,5,3,8,3,8,9,3,3,7,4,2,3,4,3,2,6,3,5,5,6,3,6,4,5,3,4,3,5,6,1,6,4,4,6,1,8,8,7,2,6,5,4,4,5,7,6,1,7,7,7,7,7,7,7,7,7,7,7,7,7,7,1,7,5,1,1,2,7,1,1,1,1,4,5,4,4,5,1,6,6,6,1,4,6,6,6,6,6,6,7,6,5,7,4
1406,3,2,3,185,185,3,1,8,2,0,3,6,1,9,5,1,10,2,2,4,1,6,5,5,5,1,4,2,2,2,2,2,1,1,2,2,2,2,2,2,2,2,1,1,4,7,7,1,1,1,1,1,0,1,1,1,1,2,10,1,1,5,7,1,7,5,4,5,4,4,4,5,5,6,5,5,5,4,8,8,4,4,5,4,4,5,5,6,5,5,6,7,7,7,7,7,7,7,7,7,7,7,7,7,6,7,7,1,1,6,1,4,7,1,6,4,4,4,5,4,4,3,4,4,2,2,5,4,5,4,4,5,4,4,4,5,4
1407,3,1,1,158,158,1,1,8,12,0,3,9,8,4,8,2,7,2,2,2,7,4,5,7,1,7,1,1,1,1,1,1,1,1,4,1,1,1,1,2,1,2,1,8,9,2,1,10,10,10,9,10,5,3,4,10,9,10,9,7,7,5,7,1,7,6,1,4,4,7,7,7,7,7,7,7,6,1,2,2,4,1,5,6,5,3,2,6,7,3,3,7,7,7,6,7,7,7,5,6,7,6,7,1,1,7,4,3,1,3,2,1,4,1,1,1,7,6,1,7,7,1,1,7,1,4,7,6,5,7,7,7,2,5,2,6,4
1408,3,2,5,158,158,4,5,3,12,-3,5,6,5,1,3,1,7,2,2,4,6,4,3,2,1,2,4,2,1,1,2,1,1,1,4,1,2,2,1,2,2,1,2,4,7,4,3,6,3,5,3,2,6,6,3,4,3,3,4,4,5,5,6,2,7,6,3,4,4,4,2,4,4,5,4,4,4,1,1,8,2,4,2,4,2,5,4,7,5,5,5,6,7,7,4,5,7,5,4,5,6,7,7,1,2,7,6,5,1,1,5,1,1,1,1,4,5,5,1,4,5,1,7,2,1,1,6,7,4,6,5,6,6,7,4,4,4
1409,3,2,3,158,158,2,1,7,12,5,3,7,7,1,2,1,7,1,1,1,6,1,2,5,1,7,2,1,1,1,2,2,1,1,2,1,1,2,2,1,2,1,1,6,2,9,4,9,10,7,6,3,7,8,4,10,10,10,8,6,7,5,6,1,4,7,2,4,4,6,7,7,7,7,5,2,6,1,1,7,2,6,1,3,2,4,5,7,7,7,6,4,7,7,2,7,7,5,6,7,3,6,6,1,3,7,3,3,1,1,1,1,1,1,1,7,7,7,1,7,7,7,7,2,2,1,6,6,4,2,5,6,7,7,1,4,4
1410,3,1,5,158,158,4,6,7,12,-3,2,9,7,2,5,3,7,1,2,1,1,2,5,4,1,1,7,2,1,2,1,1,1,1,2,1,1,2,1,1,2,2,1,7,8,3,4,7,9,8,6,8,6,7,8,2,2,3,3,6,7,5,6,2,7,4,4,4,4,2,2,5,6,5,6,5,6,2,3,7,6,1,5,5,4,4,2,3,7,1,5,6,7,6,3,6,7,6,3,6,6,5,4,1,4,7,5,4,3,7,3,1,6,1,1,6,7,7,1,7,6,2,2,5,1,1,7,7,5,5,7,7,7,7,4,5,4
1411,3,1,1,1,15,1,1,7,9,1,5,3,3,3,3,7,4,1,3,3,3,3,3,3,3,3,3,1,2,1,2,2,1,2,2,2,2,1,2,1,2,2,1,5,5,6,6,5,5,6,4,4,2,4,5,5,1,5,10,4,5,5,4,4,4,4,4,3,5,5,4,3,5,5,5,5,5,5,5,7,4,4,4,4,4,4,4,4,4,4,4,5,5,3,5,5,6,4,4,4,4,4,4,4,4,4,4,4,4,5,5,4,4,4,4,3,4,4,5,4,4,5,4,5,2,3,4,4,4,4,3,2,4,4,4,5,4
1412,3,1,2,244,244,3,1,6,1,2,5,7,7,6,5,3,3,2,4,5,4,4,5,5,4,3,6,1,2,2,2,1,2,1,4,2,2,1,2,2,1,2,2,6,5,6,6,8,8,4,4,5,5,8,4,8,7,6,4,7,7,5,6,5,3,3,2,3,3,2,5,5,6,3,4,5,3,3,7,5,2,2,5,6,3,5,5,4,5,4,6,4,4,4,2,4,6,6,3,5,4,3,6,1,1,7,4,4,3,2,7,4,4,3,5,2,6,6,5,4,5,5,6,5,5,6,6,6,5,4,5,4,5,7,4,5,4
1413,3,1,2,158,158,1,1,10,2,0,7,8,8,6,8,8,10,2,2,4,4,4,4,4,4,4,5,1,2,2,1,1,2,2,4,1,2,2,2,1,2,2,1,8,8,3,3,8,8,10,10,10,10,10,10,10,10,10,1,10,10,5,5,5,4,5,5,5,5,4,5,4,4,4,4,7,4,4,8,8,4,6,4,6,4,4,5,4,4,6,4,7,7,7,7,7,7,7,7,7,7,7,7,7,7,7,7,7,7,8,8,4,4,4,4,4,4,4,4,4,4,7,1,1,1,1,4,4,4,4,4,4,4,4,4,4,4
1414,3,1,2,158,158,3,1,8,12,0,3,7,7,7,8,6,6,2,2,5,5,3,5,6,2,4,4,1,2,2,2,2,2,2,4,2,2,2,2,2,2,2,2,7,7,4,3,7,7,6,8,6,7,7,7,7,7,7,3,7,6,5,4,3,4,4,5,4,5,5,3,4,4,5,5,4,4,3,1,2,4,5,3,5,3,5,4,5,5,5,3,5,6,5,4,2,4,5,3,4,5,5,4,3,6,4,5,3,5,7,7,6,5,4,4,5,4,5,5,4,4,2,4,4,4,3,4,5,4,4,5,3,4,5,5,5,4
1415,3,1,4,158,158,1,2,5,10,-1,2,7,8,1,4,1,8,2,2,1,1,2,6,5,1,7,1,2,1,2,1,1,1,1,4,2,2,1,2,2,2,2,2,6,3,8,4,4,5,3,3,5,2,5,6,10,9,10,9,2,8,5,7,6,7,6,3,1,4,7,7,7,7,7,6,5,4,1,1,3,6,1,2,2,1,5,3,7,7,7,3,3,5,5,2,7,6,6,5,6,3,1,4,1,1,7,4,1,1,2,1,1,1,1,1,6,7,6,1,7,7,2,1,6,4,7,2,5,2,5,7,7,7,7,5,2,4
1416,3,1,3,83,158,3,1,9,2,0,6,8,7,4,7,7,10,2,2,1,1,5,5,5,1,1,5,2,2,1,1,2,1,2,2,2,1,1,1,1,2,2,2,4,6,5,5,5,7,6,5,5,6,5,6,5,6,6,6,6,6,5,6,6,6,2,4,4,4,4,4,4,4,4,4,4,4,4,3,6,4,3,3,3,3,3,4,4,4,4,4,1,1,1,1,1,1,1,1,1,5,4,5,6,4,5,6,6,6,6,3,6,5,1,6,4,4,4,4,4,4,4,6,1,5,4,3,3,5,4,3,3,4,4,3,3,4
1417,3,1,5,158,158,3,5,8,2,-3,3,6,6,5,4,5,7,2,4,1,4,4,5,4,1,2,4,2,2,2,2,1,1,1,2,2,2,2,2,2,1,2,2,6,6,5,3,3,6,3,6,6,6,8,5,5,4,4,5,3,9,5,5,4,4,4,4,4,4,4,4,4,4,4,4,4,4,4,5,2,2,6,1,2,2,5,6,7,7,4,6,5,4,6,3,5,7,4,6,6,5,5,7,1,2,7,4,2,1,1,8,1,4,1,1,7,7,7,1,7,7,6,7,2,1,7,6,6,4,6,7,6,5,6,4,4,4
1418,3,1,3,62,62,3,1,8,11,0,4,7,4,8,5,3,7,2,2,4,3,5,3,3,1,5,2,2,2,2,2,1,2,2,2,2,2,2,2,2,1,1,2,3,2,9,7,4,3,3,4,4,2,4,3,5,5,4,7,4,4,5,4,3,4,4,3,3,3,3,3,3,5,5,5,4,4,4,2,8,3,3,3,3,4,3,5,3,4,3,3,3,5,5,3,4,5,5,3,4,3,3,3,3,3,3,3,3,3,4,4,5,4,4,4,3,3,4,3,4,4,4,4,5,4,4,3,3,3,4,3,3,3,3,4,3,4
1419,3,2,4,172,172,3,2,4,6,0,6,7,5,3,3,7,7,2,2,5,5,2,7,3,3,4,5,2,2,2,2,2,1,1,4,2,2,2,2,1,1,2,2,5,8,3,8,10,10,6,6,7,7,7,6,6,3,7,3,7,8,5,6,6,6,6,4,4,2,5,2,6,6,6,6,2,4,3,2,3,6,3,2,3,3,6,5,7,6,6,6,7,6,7,5,7,6,3,6,7,7,7,7,4,1,7,4,1,1,2,2,1,3,1,1,6,7,6,6,7,6,6,3,4,4,1,6,6,6,6,6,6,7,7,7,6,4
1420,3,2,4,158,158,1,6,3,2,-2,3,8,9,3,4,1,7,1,2,4,5,2,5,1,4,3,2,2,1,2,1,1,1,1,2,1,1,1,1,2,2,2,1,6,3,8,4,5,4,2,3,8,6,8,2,10,3,7,5,7,7,5,5,1,4,4,4,4,1,7,4,3,5,5,2,1,2,1,6,8,4,5,2,6,4,5,5,6,3,7,7,6,7,6,2,6,6,6,6,6,7,6,6,1,1,7,4,1,1,4,7,1,5,1,1,4,5,3,1,2,6,2,2,4,1,1,7,7,4,7,6,7,5,6,5,6,4
1421,3,2,3,158,158,3,1,7,2,3,4,6,5,8,4,2,8,2,2,4,2,4,5,5,4,6,1,1,2,1,1,2,1,1,2,2,2,1,2,1,2,1,1,6,9,2,2,8,6,4,5,8,4,8,6,8,7,8,9,7,7,5,6,3,6,6,6,4,4,6,6,6,6,7,6,6,6,4,1,7,6,4,4,4,6,2,3,4,4,4,6,6,6,4,2,6,6,2,2,6,5,4,4,1,1,5,5,4,4,7,1,1,5,1,1,4,4,4,1,4,4,1,1,1,1,1,3,6,4,1,5,5,7,6,3,4,4
1422,3,1,3,158,158,1,1,6,11,0,3,5,5,5,5,5,5,2,2,3,3,2,3,4,4,3,4,2,2,2,1,2,1,1,4,1,1,1,1,1,2,2,2,5,5,6,6,5,6,6,5,5,4,5,6,4,4,6,5,4,4,5,4,4,4,4,4,4,4,4,4,4,4,4,4,4,4,4,8,8,4,4,4,4,4,4,4,4,4,4,4,7,4,7,4,4,7,4,7,7,7,4,7,1,1,7,5,4,7,5,5,1,1,1,1,4,4,4,4,4,1,4,4,4,4,4,3,4,4,4,4,4,4,4,4,4,4
1423,3,2,3,158,158,2,1,7,11,-1,6,7,7,1,7,3,6,2,2,2,1,3,3,4,1,2,2,1,1,1,2,1,1,1,4,1,1,1,2,1,1,2,1,7,6,5,5,7,6,8,5,7,7,5,5,8,3,5,6,3,8,5,5,3,3,3,4,2,1,3,2,3,2,5,5,4,4,2,1,7,2,2,2,3,2,6,3,6,7,4,5,6,6,7,2,7,7,3,6,7,5,5,7,1,1,7,4,3,1,6,2,1,1,1,1,7,7,7,1,6,7,7,4,2,1,1,2,6,4,5,6,7,7,6,2,3,4
1424,3,2,3,158,158,1,4,6,12,-4,4,4,2,5,2,5,6,2,2,4,4,4,3,4,1,2,2,2,2,1,2,1,1,1,4,2,2,2,2,2,1,2,2,1,6,5,6,8,6,1,1,2,5,1,3,2,2,1,9,1,3,5,5,2,5,5,4,4,4,4,4,4,4,4,4,4,4,4,1,3,4,4,4,4,4,4,4,4,4,4,4,4,4,5,1,4,4,4,4,4,5,2,3,1,1,5,4,2,1,4,1,1,1,1,1,4,4,4,4,4,4,4,6,2,1,1,4,4,4,3,4,4,7,4,1,1,4
1425,3,2,4,158,158,3,6,8,12,0,3,7,7,2,4,1,8,1,3,4,4,4,5,4,4,5,2,1,2,2,1,1,1,1,4,2,2,2,2,2,1,2,2,6,5,6,4,5,7,6,6,7,5,7,6,7,3,6,9,4,6,5,5,2,5,4,4,4,3,6,6,6,6,4,4,3,4,2,1,1,4,5,4,5,3,5,6,7,6,6,7,6,6,6,3,6,6,6,6,6,5,6,6,1,1,7,3,1,1,2,1,1,4,1,1,6,7,6,1,5,6,1,1,6,1,4,4,6,5,7,7,6,5,5,4,4,4
1426,3,1,2,158,158,2,1,6,12,-1,3,9,10,3,7,2,4,2,3,3,3,1,6,3,2,3,3,1,2,1,1,1,1,1,4,1,1,2,1,2,1,2,2,7,4,7,3,8,10,8,4,5,9,7,9,7,5,6,6,7,8,5,6,2,5,3,4,2,4,5,3,6,4,5,5,3,3,1,3,3,6,2,6,6,5,3,3,4,6,3,3,7,6,7,5,5,7,5,5,5,7,4,7,1,6,6,4,3,3,6,3,1,4,5,1,6,6,7,1,5,4,4,5,4,1,3,4,7,5,4,6,6,3,6,3,2,4
1427,3,1,2,192,192,2,4,6,11,2,5,8,9,1,5,5,4,1,1,5,4,3,5,4,5,4,4,1,1,1,1,1,1,1,2,1,1,1,1,1,2,2,1,6,3,8,8,8,7,4,6,6,6,5,4,6,3,5,4,5,5,5,6,2,6,6,3,4,4,4,3,5,7,7,6,6,7,5,6,8,7,6,7,6,7,3,2,6,4,7,7,6,6,7,7,6,6,7,6,6,5,5,7,6,3,6,2,2,2,5,8,1,4,1,4,4,2,6,2,5,6,5,2,4,5,5,5,4,4,5,5,6,6,5,5,6,4
1428,3,2,3,158,158,3,1,8,12,-1,3,6,7,2,4,2,8,2,2,1,2,3,5,1,3,6,4,1,2,2,2,2,1,1,4,2,2,2,2,2,1,1,2,7,7,4,2,7,8,7,7,7,7,5,3,7,7,8,3,6,6,5,6,5,5,5,6,3,2,4,5,5,5,6,5,6,5,6,1,1,5,6,4,5,3,5,4,4,5,6,6,4,6,6,3,6,6,6,6,6,5,4,7,1,1,7,4,2,1,2,9,1,1,1,1,6,7,6,1,7,7,6,6,4,1,3,5,6,7,5,6,6,4,6,4,6,4
1429,3,2,3,158,158,2,3,5,12,1,4,8,8,2,7,1,6,2,4,2,2,3,3,5,2,4,4,2,2,1,1,2,1,1,4,1,1,1,1,2,2,2,1,5,8,3,3,4,7,5,4,7,7,4,4,6,7,7,5,6,6,5,6,3,5,4,4,3,3,4,6,6,3,5,3,3,2,2,2,2,4,5,2,3,2,6,6,6,6,2,6,7,7,7,7,7,7,7,7,6,6,6,7,1,1,7,2,1,1,2,8,1,1,1,1,7,7,6,1,7,6,4,2,4,1,1,7,6,6,6,6,7,7,6,6,6,4
1430,3,1,3,158,158,1,3,6,2,3,4,8,7,8,7,8,7,1,1,5,3,6,2,7,2,2,3,1,2,1,1,1,1,1,4,1,2,1,1,2,2,2,1,8,8,3,4,8,8,8,8,8,8,8,8,8,8,8,3,8,7,5,5,3,2,3,3,3,3,2,5,2,3,4,3,1,5,2,8,8,3,3,3,4,3,2,4,5,3,4,6,5,3,3,4,3,4,4,5,3,4,4,5,1,4,3,4,4,3,8,9,3,3,4,3,3,3,3,4,5,4,1,4,2,2,3,4,4,3,1,3,3,2,3,4,2,4
1431,3,2,3,158,158,3,1,7,10,-2,6,9,8,4,7,3,9,2,3,5,2,4,4,2,2,2,2,1,1,2,1,1,1,2,4,1,1,1,1,2,1,1,2,6,7,4,5,7,6,8,7,6,6,7,7,8,8,6,5,7,7,5,5,5,4,5,4,5,5,5,5,4,4,5,6,6,5,4,2,2,5,5,4,5,4,4,3,5,5,5,5,5,6,6,2,6,6,5,5,6,4,5,5,1,1,6,4,3,2,6,6,4,4,5,5,5,4,4,5,4,5,5,4,4,4,5,5,5,4,5,5,5,4,4,5,4,4
1432,3,1,4,158,158,3,1,7,1,3,4,8,7,3,6,6,6,1,1,4,2,4,5,4,4,4,4,1,1,1,1,1,1,1,2,1,1,1,2,2,1,2,2,8,6,5,5,6,6,7,6,5,6,6,5,6,5,7,5,7,6,5,5,5,4,2,2,2,2,4,4,4,4,4,4,4,4,4,3,3,2,5,5,3,4,4,6,4,6,6,6,7,7,7,5,7,7,6,6,7,7,5,6,1,2,6,2,2,2,1,5,1,6,4,1,7,7,6,1,7,7,3,2,5,1,3,6,6,6,7,7,7,7,6,4,4,4
1433,3,1,5,158,158,3,1,8,12,-2,4,8,5,1,2,3,8,2,2,2,2,4,4,4,2,4,2,1,2,1,2,2,1,1,2,2,2,1,2,2,1,2,2,5,5,6,6,5,5,4,4,5,5,4,5,5,5,5,7,5,5,5,4,4,4,4,4,4,4,4,4,4,4,5,4,4,5,4,1,1,4,4,4,3,4,4,6,6,7,4,4,6,6,6,3,6,6,4,6,6,7,6,7,1,1,7,4,1,1,1,5,5,5,5,5,2,1,2,2,2,5,4,4,4,4,4,5,6,4,4,4,4,6,4,4,4,4
1434,3,1,5,158,158,1,1,7,12,-3,3,8,5,1,3,1,6,2,2,1,2,4,3,2,2,1,5,1,1,1,1,1,1,1,4,1,2,2,1,2,1,2,2,4,8,3,3,6,6,7,2,3,7,6,3,3,2,3,4,4,6,5,6,2,5,4,4,3,4,4,4,5,4,3,3,3,2,1,2,4,4,4,4,4,3,5,5,6,5,4,3,6,6,6,4,6,6,6,6,6,6,5,7,1,1,7,3,2,1,2,7,1,1,1,1,6,6,6,1,6,5,4,5,5,3,5,6,6,4,6,6,6,6,6,5,4,4
1435,3,1,3,158,158,3,1,6,1,3,2,8,5,1,7,1,7,2,2,2,4,4,5,4,5,5,4,1,1,1,1,2,1,1,2,1,1,1,1,1,1,1,2,5,9,2,2,2,4,3,3,2,2,2,2,6,3,6,9,5,3,5,6,2,6,4,4,4,4,3,3,6,3,4,5,4,4,2,6,4,2,6,2,3,2,6,6,6,6,4,5,4,6,6,2,6,6,6,6,6,5,5,4,1,1,6,3,1,1,3,7,1,3,1,1,4,4,4,4,4,4,4,5,4,1,2,6,6,6,6,4,6,6,6,3,4,4
1436,3,1,2,158,158,1,2,5,10,2,4,7,8,2,5,1,9,2,1,1,1,7,3,3,1,5,2,1,1,1,2,2,2,1,2,1,2,2,2,2,2,2,2,5,6,5,5,5,6,3,6,6,6,9,5,9,8,6,7,7,6,5,5,2,6,5,4,2,4,5,5,5,6,5,6,3,6,5,6,5,2,6,2,2,6,6,6,3,3,4,4,6,6,7,3,6,6,3,4,6,5,6,7,1,1,5,5,4,4,3,6,4,4,1,3,4,3,2,2,3,4,7,7,5,1,4,6,6,4,4,2,6,3,3,6,2,4
1437,3,1,5,158,158,3,6,7,1,1,3,7,6,1,3,1,8,2,2,4,1,1,2,6,1,7,1,2,2,2,1,1,1,1,2,2,2,2,2,1,2,2,1,7,7,4,1,6,10,1,3,10,6,7,1,10,10,10,10,3,8,5,7,1,7,7,1,1,4,7,7,7,7,7,7,6,6,1,7,7,3,7,5,5,5,4,4,5,6,6,5,7,7,7,1,7,7,7,7,7,7,5,7,1,1,7,5,3,2,3,8,1,5,1,1,4,4,4,4,4,4,5,7,5,1,7,6,7,5,6,7,6,7,6,6,6,4
1438,3,2,5,158,158,3,5,7,2,0,4,10,8,1,8,1,4,2,2,4,6,1,6,5,2,5,1,1,1,1,1,1,1,1,4,1,1,2,1,2,1,2,2,6,7,4,4,8,8,7,7,8,8,6,7,8,7,8,5,7,6,5,6,1,6,5,3,2,2,6,5,6,5,6,5,5,5,1,5,7,5,5,5,5,5,4,5,5,7,6,5,7,7,7,4,7,7,7,7,7,7,7,7,1,2,7,1,1,1,1,6,1,6,1,1,7,7,7,1,7,7,4,4,5,4,4,6,6,4,6,7,7,7,6,5,3,4
1439,3,2,5,158,158,2,1,8,12,-3,5,9,3,8,3,1,9,1,1,7,1,4,3,4,1,1,6,1,1,2,2,1,2,1,2,2,1,2,1,1,2,1,1,5,8,3,3,5,7,6,5,5,7,7,4,5,4,4,4,8,6,5,7,2,6,6,4,3,2,3,3,5,4,6,6,4,5,1,1,5,2,5,2,1,4,3,3,2,3,4,3,1,4,7,1,3,5,3,3,3,2,1,7,1,2,7,5,2,1,7,1,1,3,1,4,1,1,2,1,1,3,1,6,2,1,1,5,7,3,3,7,7,7,7,2,2,4
1440,3,2,3,158,158,3,1,7,1,0,3,10,7,1,5,1,8,2,3,4,4,7,5,5,4,1,5,2,1,1,1,1,1,1,4,1,1,1,1,2,1,2,2,5,7,4,5,7,8,7,2,5,7,8,5,1,1,1,6,4,5,5,7,1,7,4,7,4,3,1,1,2,1,2,3,1,1,1,8,8,1,7,1,1,1,7,7,4,4,5,1,7,7,7,2,7,7,6,3,7,6,7,7,1,1,7,4,1,1,1,10,5,4,1,1,4,4,4,4,4,4,4,4,5,1,4,7,7,4,7,7,7,7,7,4,4,4
1441,3,2,1,158,158,1,4,7,12,-4,2,6,7,2,3,1,9,2,2,5,5,6,5,2,5,3,5,1,1,1,1,2,2,1,2,1,1,2,1,1,2,1,1,7,6,5,4,7,4,8,6,8,7,7,5,7,4,6,5,9,7,5,5,4,5,3,5,4,5,6,5,6,6,5,5,5,5,5,1,1,5,6,6,5,6,6,5,5,5,6,5,5,5,5,1,7,7,7,6,6,5,5,6,1,6,7,7,7,7,8,8,1,1,1,1,4,4,4,4,4,4,7,7,5,1,3,5,4,4,5,5,5,5,5,5,5,4
1442,3,2,3,55,158,2,1,8,2,0,6,6,8,1,4,1,6,2,2,1,2,5,2,4,1,1,4,1,2,2,1,1,2,1,4,1,2,1,2,2,1,2,2,5,7,4,1,10,6,1,2,7,5,7,3,1,1,1,3,4,8,5,7,1,4,4,5,1,1,1,1,4,5,5,1,4,4,1,9,9,7,1,5,7,4,4,6,7,7,4,6,7,7,7,7,7,7,7,7,7,7,7,7,4,1,7,2,1,1,1,8,1,5,1,6,5,4,5,1,4,5,7,7,1,1,7,7,7,7,6,7,7,7,6,1,7,4
1443,3,2,4,158,158,1,1,8,12,0,3,3,4,1,2,1,5,2,4,3,2,2,5,4,2,3,6,1,1,1,1,1,1,1,2,1,1,1,1,1,1,2,1,5,4,7,7,8,9,4,3,4,3,4,5,5,4,4,6,4,5,5,6,3,6,5,4,4,4,4,4,5,3,5,5,4,4,4,1,6,5,3,3,3,3,5,5,5,7,4,5,7,6,7,1,7,6,6,6,7,7,3,7,1,7,7,3,7,1,3,4,4,4,4,2,4,4,4,4,4,4,2,2,6,1,2,5,5,4,6,5,6,6,5,5,6,4
1444,3,2,3,158,158,1,3,7,11,5,3,6,6,7,5,1,7,2,2,7,1,4,6,7,1,7,2,2,2,2,1,1,1,1,2,2,2,1,2,1,1,1,1,5,5,6,6,7,9,2,6,9,6,6,3,9,2,8,9,3,3,5,7,7,7,7,1,2,6,7,7,7,4,7,5,4,6,1,6,9,4,6,2,3,2,1,6,5,6,4,5,4,7,7,1,7,7,3,2,7,4,5,7,1,2,6,6,4,1,1,5,1,7,4,1,4,4,4,1,4,4,3,3,6,1,1,5,7,2,7,6,4,7,7,1,1,4
1445,3,2,2,220,158,2,1,9,12,1,3,8,8,2,4,8,8,2,4,3,2,6,3,3,2,2,2,1,1,1,1,1,1,1,4,1,1,1,1,2,2,2,1,6,7,4,4,8,7,6,8,6,5,6,6,6,7,8,4,6,8,5,6,4,6,5,6,6,6,2,6,4,5,4,6,6,4,3,1,3,3,6,4,4,3,6,7,7,6,5,6,3,6,6,4,6,6,6,6,6,3,6,6,4,1,6,4,6,2,1,6,1,4,2,1,4,5,5,2,5,3,3,3,4,2,4,4,5,4,6,4,5,5,3,6,3,4
1446,3,2,2,158,158,1,1,5,1,-1,5,9,7,2,7,1,3,2,4,2,6,6,5,2,1,2,5,1,1,1,1,1,1,1,4,1,1,1,1,2,1,2,2,8,6,5,3,4,5,5,4,7,7,5,6,3,3,2,5,4,5,5,7,1,4,5,4,1,1,2,2,3,2,3,3,2,4,1,7,3,5,3,4,2,1,6,5,5,6,4,5,7,6,7,4,7,7,5,6,6,7,6,7,1,1,6,3,1,1,3,3,4,5,1,1,3,5,6,1,2,3,5,5,1,1,1,6,6,4,5,4,6,5,6,4,4,4
1447,3,2,1,158,158,1,1,4,12,-1,4,3,9,9,1,2,9,1,3,5,2,5,6,6,1,3,1,2,2,1,1,1,1,2,4,1,1,2,2,2,2,1,1,9,5,6,4,7,9,9,3,9,8,4,6,9,10,9,7,7,5,5,5,2,4,5,4,3,3,5,6,6,6,5,2,6,5,2,1,3,7,2,4,6,5,3,3,6,3,5,6,2,3,4,1,5,5,4,2,3,4,5,1,1,5,4,6,5,5,3,1,1,1,1,1,4,4,4,2,2,4,1,5,1,1,1,5,5,3,4,4,5,7,7,1,6,4
1448,3,2,5,158,158,3,1,8,2,0,2,8,5,1,5,1,7,2,2,2,4,4,4,4,2,4,4,1,1,1,1,1,1,1,4,1,1,1,2,2,2,2,2,5,8,3,3,5,4,5,3,5,5,5,4,4,4,4,6,5,5,5,6,3,6,4,4,4,4,5,5,5,5,4,5,4,4,3,6,3,3,6,3,4,4,6,5,6,5,5,4,7,6,6,4,7,6,4,5,5,7,7,6,1,1,7,5,1,1,5,5,1,6,1,1,4,4,5,1,5,5,2,3,5,3,3,5,6,5,4,6,6,6,6,6,5,4
1449,3,2,5,158,158,1,6,6,1,-4,3,8,7,3,6,1,4,2,1,4,4,2,5,4,3,4,4,2,1,2,1,1,1,2,4,1,2,2,1,2,1,2,2,3,2,9,5,4,6,8,4,2,6,3,3,7,5,7,5,6,2,5,6,1,5,6,3,2,4,5,7,5,5,5,4,4,5,2,8,2,3,5,5,5,4,5,5,7,7,7,6,7,7,7,1,6,7,6,6,5,5,5,4,1,1,7,4,2,2,5,3,1,1,1,1,6,7,7,7,6,7,4,4,4,2,3,6,6,2,5,7,7,7,7,5,2,4
1450,3,2,3,158,158,1,1,2,2,-3,4,8,10,1,4,1,4,1,1,5,2,3,5,4,4,4,4,1,1,1,1,1,1,1,2,1,1,1,1,2,1,1,1,8,8,3,4,7,7,7,7,7,7,7,7,7,8,7,4,7,7,5,4,4,4,4,4,4,4,4,4,4,4,4,4,4,4,4,6,6,4,4,4,4,4,4,4,4,4,4,4,4,4,4,4,4,4,4,4,4,4,1,1,1,1,3,6,4,1,5,5,1,4,4,1,4,4,4,4,4,4,4,4,4,4,4,4,4,4,4,4,4,4,4,4,4,4
1451,3,2,5,158,158,3,5,8,12,0,2,7,9,1,5,1,8,2,2,1,1,4,5,3,1,3,1,1,1,1,1,2,1,1,2,1,1,1,1,1,1,1,2,5,7,4,4,5,4,3,5,4,5,5,4,6,3,7,9,3,5,5,7,3,4,5,4,4,4,5,6,7,4,5,2,2,1,1,1,1,1,5,1,4,1,6,6,4,6,5,3,7,7,7,2,7,7,6,7,7,7,7,7,1,1,7,4,1,1,1,10,2,4,1,1,7,7,7,1,7,7,4,6,4,1,1,6,7,7,7,7,7,7,7,4,7,4
1452,3,2,4,158,158,2,1,6,12,-3,6,10,10,1,8,1,7,3,3,1,4,4,6,1,6,3,5,1,1,1,1,1,1,2,2,1,1,1,2,2,1,2,2,6,8,3,1,4,8,9,2,8,9,6,9,2,1,5,5,1,7,5,7,1,6,7,5,7,5,2,5,2,5,6,5,2,6,1,1,2,5,1,5,5,1,7,7,7,7,2,5,7,7,7,2,7,7,7,7,7,7,7,7,1,1,7,2,1,1,1,9,1,1,1,1,7,7,7,1,7,7,1,1,7,1,4,6,7,6,7,7,7,7,7,2,6,4
1453,3,2,2,158,158,2,1,7,2,1,4,5,7,4,4,1,6,2,2,2,2,4,3,4,2,4,4,1,2,1,2,2,1,1,2,1,1,1,1,2,1,2,2,5,6,5,5,5,4,5,4,4,1,6,2,5,2,5,5,4,4,5,6,2,5,5,5,3,4,4,6,6,4,5,5,4,5,3,5,7,3,6,3,4,3,6,6,6,5,6,4,5,5,7,5,4,6,6,4,6,6,4,7,1,4,7,4,6,5,3,2,1,1,1,1,6,6,6,1,6,7,4,3,7,2,4,5,6,6,6,6,6,6,6,5,5,4
1454,3,1,2,158,158,2,1,10,3,0,4,10,10,1,8,1,10,2,2,5,4,4,3,4,3,4,4,2,1,2,2,2,1,2,2,1,2,2,1,1,1,1,2,7,8,3,7,10,3,5,8,7,2,7,3,5,6,9,1,5,10,5,4,5,3,4,4,5,5,4,5,5,6,3,2,4,1,6,10,7,5,5,4,4,4,5,4,4,5,5,2,3,4,4,4,4,7,6,7,2,4,6,4,6,5,6,4,4,5,8,9,4,4,5,4,5,1,5,4,5,5,5,7,2,3,3,4,4,4,7,4,2,4,2,4,3,4
1455,3,2,5,158,158,4,6,5,12,0,2,8,7,3,3,1,7,2,4,4,4,4,5,5,1,4,4,2,2,2,2,1,1,2,4,2,2,2,2,2,1,2,2,3,5,6,6,5,7,4,5,7,6,5,5,6,5,3,6,5,5,5,7,1,7,7,1,1,4,7,5,6,7,7,4,6,4,1,6,9,5,2,5,5,4,3,1,4,6,6,6,7,6,7,4,6,7,6,4,6,7,6,7,1,2,7,4,1,2,3,3,1,1,1,1,7,7,7,1,7,7,4,5,4,1,1,7,7,4,4,7,7,7,6,3,4,4
1456,3,2,5,158,158,1,3,7,2,0,2,8,7,4,7,3,7,2,3,1,5,1,6,4,4,5,4,1,1,1,1,1,1,1,4,1,1,1,2,1,2,2,1,6,4,7,6,4,7,5,5,4,4,5,3,7,6,7,7,6,5,5,6,4,6,5,5,4,4,6,6,6,5,5,5,5,5,4,3,8,4,5,4,3,4,5,5,6,6,6,6,7,7,7,5,7,7,7,7,7,6,6,7,1,1,7,2,1,1,4,2,1,1,1,2,6,7,7,1,6,7,4,5,5,3,1,6,6,5,5,7,6,7,6,4,5,4
1457,3,1,5,158,158,3,1,7,12,-3,2,8,7,2,6,3,8,2,2,2,1,4,3,2,2,2,5,1,1,1,1,1,1,1,2,1,1,1,1,2,1,2,1,6,8,3,2,4,4,7,3,6,6,6,2,3,2,3,5,6,6,5,7,3,4,3,4,6,5,3,3,5,7,5,3,5,4,2,2,2,3,5,2,3,2,6,6,7,7,6,2,6,7,7,4,7,7,6,6,6,7,6,7,1,1,6,4,1,2,3,8,5,6,1,1,6,7,7,1,6,6,4,6,4,2,2,7,6,6,6,6,7,6,6,3,6,4
1458,3,2,5,158,158,3,6,6,12,2,2,6,5,1,7,2,9,2,2,4,5,4,5,5,4,5,4,1,1,2,1,2,2,2,2,1,1,1,2,1,1,1,2,5,7,4,4,7,7,7,8,7,7,7,7,8,6,7,4,8,7,5,4,4,4,4,4,4,4,4,4,4,4,4,4,4,4,4,8,8,4,4,4,4,4,4,4,4,4,4,4,6,6,6,4,6,6,6,4,4,7,6,6,3,1,7,3,2,4,6,6,1,1,1,1,4,1,1,1,1,4,1,1,1,1,4,4,4,4,4,4,4,4,4,4,4,4
1459,3,2,5,158,158,3,1,8,12,0,3,8,9,1,6,1,8,2,2,1,1,6,1,1,1,3,1,1,2,1,1,1,1,1,4,1,1,1,2,2,1,2,2,5,5,6,6,7,3,4,2,5,1,3,3,6,3,2,8,3,3,5,6,2,6,4,5,2,1,4,5,5,3,5,1,1,1,1,3,3,5,5,5,5,4,4,3,6,3,3,5,5,7,7,3,7,7,6,6,6,4,7,7,1,1,7,2,1,1,1,1,1,1,1,1,6,7,7,1,7,7,4,3,6,2,6,6,6,5,7,7,7,7,7,1,7,4
1460,3,2,6,158,158,4,3,4,10,-4,4,6,7,1,6,1,3,1,3,1,1,1,3,3,1,1,4,1,1,1,1,1,1,1,2,1,1,1,2,2,1,2,2,7,3,8,8,7,7,5,4,2,4,6,3,1,1,1,6,3,5,5,7,1,6,5,5,2,1,2,2,2,5,5,1,1,5,1,1,1,2,6,2,2,2,6,6,5,7,2,6,7,7,7,2,7,7,7,7,7,7,7,7,1,1,7,2,1,1,1,7,1,1,1,1,7,7,7,1,7,7,2,3,7,3,1,6,7,4,2,7,7,7,6,5,2,4
1461,3,2,5,158,158,4,3,3,2,3,3,8,5,1,5,1,10,2,2,4,7,1,6,4,3,7,1,1,1,1,1,2,1,1,4,2,2,1,2,1,2,2,1,1,3,8,1,10,7,6,3,2,4,5,1,10,10,10,10,1,8,5,7,1,7,5,3,4,4,7,7,7,6,6,6,5,4,1,4,4,1,5,1,2,1,6,6,7,7,6,4,6,6,6,4,6,6,6,5,6,5,6,7,1,1,7,3,2,1,1,10,1,1,1,1,7,7,7,1,7,7,4,7,4,1,1,5,7,6,7,7,6,7,6,5,4,4
1462,3,2,5,158,158,5,6,5,12,0,1,4,3,4,1,4,5,2,2,4,4,4,4,4,4,4,4,2,2,2,2,2,2,2,4,2,2,1,2,2,2,1,1,3,5,6,6,4,4,4,5,4,3,4,5,4,4,4,6,5,4,5,4,4,4,4,4,4,4,4,6,6,4,4,4,4,4,4,2,6,4,4,4,4,4,4,4,4,4,4,4,4,4,4,4,2,4,3,3,4,5,4,4,1,4,4,4,1,3,6,1,1,2,2,1,4,4,4,4,4,4,1,2,1,1,1,4,4,4,4,4,4,6,4,5,4,4
1463,3,1,4,158,158,2,1,7,12,0,4,6,7,8,6,6,6,2,2,3,5,5,4,3,3,5,4,1,1,2,1,2,1,1,4,1,2,1,1,1,2,1,2,6,7,4,5,4,5,5,6,6,6,5,6,6,5,6,6,6,7,5,3,5,4,4,4,6,4,4,4,5,5,5,4,4,6,4,5,6,5,5,5,4,4,4,4,4,5,5,5,4,4,4,4,4,4,4,5,5,4,6,5,5,3,4,3,2,5,6,4,4,5,5,5,5,4,5,4,4,4,5,5,5,5,4,5,4,4,4,4,5,4,3,3,4,3
1464,3,2,1,245,245,1,4,7,12,0,5,8,6,7,4,4,6,2,4,6,5,5,5,3,2,5,3,1,2,1,2,1,1,1,2,1,2,2,1,1,1,2,2,6,6,5,6,7,6,8,7,6,6,7,7,6,6,7,6,6,6,5,5,3,6,5,5,4,3,3,5,5,5,5,4,3,5,5,4,4,3,3,5,3,5,4,4,3,5,5,5,5,3,5,5,5,5,6,5,4,2,5,5,4,3,4,3,3,3,7,6,3,5,5,3,3,3,3,4,5,5,2,5,5,2,5,4,3,3,5,4,5,5,5,5,3,3
1465,3,2,2,158,158,2,1,7,10,-2,3,7,3,4,6,2,8,2,4,2,3,5,3,4,1,5,5,1,2,2,2,1,2,2,2,2,1,1,1,2,2,2,2,2,6,5,2,6,6,6,5,6,5,5,5,4,6,6,4,6,6,5,2,4,5,2,6,4,6,4,6,5,5,4,7,5,3,5,1,2,7,2,4,3,4,2,4,6,4,4,4,7,6,7,4,7,7,5,4,6,4,6,5,2,1,6,5,6,3,6,5,1,3,3,2,2,3,3,3,2,5,1,1,4,1,1,5,6,4,3,3,7,5,3,5,7,3
1466,3,2,1,158,158,2,4,7,12,1,4,7,9,1,8,2,8,2,2,1,5,7,6,4,1,2,4,2,2,1,2,2,2,1,2,1,1,1,2,2,1,2,2,6,7,4,3,4,7,6,6,6,6,6,6,6,6,7,4,6,6,5,3,4,5,5,3,4,5,6,4,1,6,4,3,3,6,4,4,5,4,4,2,5,4,6,6,5,2,6,3,4,5,6,2,4,5,5,5,4,4,7,4,5,5,5,4,4,2,6,5,3,7,6,3,4,5,3,5,4,4,4,3,6,4,5,6,3,3,4,4,3,4,4,3,5,3
1467,3,2,1,158,158,1,4,6,12,-1,2,9,8,1,3,3,5,1,3,4,5,4,3,2,1,2,5,1,1,1,2,1,1,1,2,2,1,2,2,2,2,2,2,7,6,5,5,7,5,8,2,5,7,8,4,3,3,2,5,5,8,5,6,3,3,3,4,3,2,2,3,3,5,4,4,3,3,1,1,3,2,3,2,3,1,5,6,6,7,2,6,6,7,7,5,7,7,6,7,7,5,6,7,1,1,7,4,1,1,2,6,1,4,1,1,6,7,6,1,6,7,5,5,4,1,3,6,6,4,7,6,6,7,5,2,4,3
1468,3,1,4,158,158,2,1,8,1,2,3,4,5,4,6,3,8,2,2,2,3,6,3,3,2,5,2,2,2,1,2,1,1,1,4,1,1,1,2,1,1,1,1,4,7,4,4,5,6,4,4,5,6,6,4,7,6,7,7,4,5,5,6,2,5,5,3,2,3,5,2,4,5,5,5,5,5,2,7,5,3,5,2,2,3,5,5,6,5,3,5,4,5,6,2,5,5,3,5,5,4,5,7,1,2,6,6,2,2,3,9,1,7,1,1,6,6,6,2,6,6,3,3,6,2,3,5,6,6,7,4,6,4,6,4,2,3
1469,3,1,4,158,158,1,1,5,12,2,6,8,9,3,7,4,5,1,1,5,3,2,6,4,1,6,1,1,1,1,1,2,2,1,2,1,1,1,1,2,1,2,2,7,6,5,5,8,9,8,6,8,3,6,3,8,8,8,9,8,9,5,6,2,6,6,2,4,4,6,7,6,5,6,5,4,5,1,1,2,6,2,5,6,6,3,3,5,6,7,5,6,6,6,4,7,6,6,6,6,5,4,6,4,1,6,4,1,1,8,3,1,1,1,1,3,5,5,2,5,3,6,6,2,1,2,5,5,6,3,6,5,2,5,4,2,3
1470,3,1,1,158,158,2,1,8,12,2,3,4,4,4,4,1,7,1,2,5,2,4,5,4,4,5,4,1,2,1,1,1,2,2,4,2,1,1,1,1,2,2,1,6,6,5,6,7,6,6,7,7,7,6,7,8,6,6,4,6,7,5,4,4,5,5,4,5,4,5,4,4,5,5,6,5,5,4,7,8,5,6,5,6,5,6,4,5,4,5,4,4,5,5,5,4,4,5,6,5,4,5,6,5,4,5,5,4,5,6,7,4,5,5,5,6,3,6,5,5,3,5,5,5,4,5,5,5,4,6,4,3,3,5,4,4,3
1471,3,2,3,158,158,2,1,7,12,-3,2,8,7,4,9,1,6,2,2,2,1,2,5,2,1,1,5,1,1,1,1,1,1,1,2,1,1,1,1,2,1,2,2,7,6,5,2,8,10,5,5,7,6,7,2,3,2,3,4,4,8,5,7,2,3,5,6,5,2,2,2,2,5,3,5,2,4,1,1,5,5,6,2,4,2,5,6,5,6,2,3,6,5,7,3,6,7,6,6,6,6,4,7,1,5,6,4,3,1,3,7,1,4,1,1,5,6,6,1,5,5,6,6,2,1,3,5,6,4,6,5,7,6,3,1,2,3
1472,3,1,1,158,158,2,3,7,12,1,3,10,8,1,5,1,9,1,2,3,3,5,5,1,6,4,2,1,1,1,1,1,2,1,2,2,1,1,2,2,2,1,1,2,7,4,6,4,4,1,2,2,9,1,2,1,1,1,10,2,1,5,3,1,4,4,5,3,6,4,7,7,4,3,7,5,3,5,1,8,6,6,1,4,5,7,3,2,7,2,3,7,4,7,4,7,6,4,7,3,7,7,7,4,1,6,2,1,2,2,4,1,1,1,2,1,1,1,1,1,1,6,7,4,2,3,2,5,4,1,2,4,7,5,2,6,3
1473,3,1,3,158,158,1,1,6,12,-4,7,6,6,3,5,2,4,2,4,5,3,5,5,1,1,2,5,2,1,1,1,1,1,1,2,1,1,2,1,2,1,2,2,4,7,4,3,7,7,3,3,8,6,5,7,3,2,2,5,6,7,5,7,2,5,4,6,1,2,4,4,5,4,2,4,2,2,1,1,1,3,5,2,4,2,5,4,5,6,4,4,5,5,7,2,7,5,5,6,6,4,4,6,1,1,7,4,2,2,3,3,1,5,5,1,5,6,6,1,5,5,3,5,5,2,4,6,6,5,2,2,6,6,6,3,4,3
1474,3,1,2,158,158,3,1,7,12,1,3,8,8,2,9,1,7,1,2,2,1,2,5,2,1,5,1,1,1,1,1,2,1,1,4,1,1,1,2,2,1,2,2,6,8,3,3,10,10,2,1,4,5,5,2,10,9,8,9,2,5,5,7,2,1,2,5,1,1,6,1,7,5,5,7,4,2,1,1,1,2,5,3,1,6,6,6,7,7,1,7,7,5,7,1,7,7,7,7,7,4,4,7,1,3,7,4,7,7,1,10,1,6,1,1,7,7,7,1,7,7,4,5,6,1,2,5,3,4,7,7,7,5,3,6,4,3
1475,3,1,2,158,158,2,1,6,10,0,3,6,6,4,4,2,7,2,2,2,2,5,4,5,5,5,2,1,1,1,1,1,1,1,2,1,2,1,2,2,1,2,2,6,6,5,4,6,6,4,6,6,6,6,6,6,5,5,5,6,6,5,5,3,5,5,5,3,3,4,3,5,3,3,5,4,3,3,3,3,3,4,3,4,3,5,5,5,5,3,5,5,5,5,3,5,5,5,5,5,5,5,6,3,5,5,5,5,5,4,6,5,5,5,5,4,5,4,2,4,5,4,5,4,2,4,3,3,5,5,4,5,5,3,5,3,3
1476,3,1,2,158,158,1,1,8,12,0,3,6,6,6,6,8,6,2,2,1,1,3,1,1,2,1,1,2,2,2,2,2,2,2,4,1,2,2,1,1,2,2,1,6,6,5,4,7,7,5,7,6,6,6,6,6,7,7,4,5,6,5,2,2,3,1,3,3,3,4,3,5,4,2,5,1,1,3,6,6,2,2,3,2,4,4,3,3,2,2,3,2,1,2,2,2,2,4,2,3,4,7,7,1,1,3,2,3,2,7,7,2,2,1,2,3,4,3,2,4,1,2,3,3,3,2,4,3,3,2,3,3,3,3,3,3,3
1477,3,2,1,158,158,1,1,8,12,1,4,8,9,2,5,2,6,2,4,6,5,2,6,3,4,5,3,1,1,1,1,2,2,1,4,1,2,1,2,2,1,2,2,7,6,5,5,7,7,6,8,7,7,8,7,7,6,6,4,6,5,5,6,5,5,5,5,6,5,5,6,6,5,5,5,4,5,4,3,4,5,5,5,4,4,4,5,4,4,4,5,4,4,5,4,5,5,4,5,4,4,4,5,1,1,6,4,2,1,5,6,3,4,1,1,4,1,2,3,4,2,4,2,4,1,2,4,5,4,5,4,4,4,6,5,4,3
1478,3,2,3,158,158,2,1,7,2,3,3,8,9,4,6,1,2,2,2,2,2,5,6,6,2,2,2,2,1,1,1,1,1,1,4,1,1,1,1,1,2,1,1,8,2,9,8,7,4,7,3,8,7,9,8,8,5,4,7,7,4,5,6,2,6,6,3,1,2,3,4,3,5,7,7,4,6,1,8,8,5,5,6,6,6,1,7,6,6,6,6,7,6,7,7,5,7,3,6,6,6,6,7,1,1,7,6,1,1,6,2,1,1,1,2,6,7,7,1,7,5,2,6,2,1,1,6,6,6,6,6,7,4,6,3,4,3
1479,3,1,2,158,158,2,1,7,2,3,6,6,6,4,5,6,5,1,2,2,5,2,3,4,3,3,4,1,2,2,2,2,2,1,2,2,1,2,2,2,1,1,2,5,5,6,5,5,5,6,7,7,4,7,6,5,7,5,5,7,4,5,4,4,3,3,5,3,3,3,3,2,3,3,4,4,4,5,5,4,4,3,2,4,3,3,3,3,3,5,3,6,3,5,6,6,6,6,5,6,5,6,5,5,3,3,5,3,3,6,7,4,6,4,6,3,2,5,4,4,4,5,4,5,5,3,3,5,6,3,4,5,5,5,6,2,3
1480,3,2,1,158,158,2,1,1,4,4,3,8,8,2,5,1,8,2,4,2,3,7,3,5,7,1,3,1,2,1,1,1,1,1,2,1,1,1,2,2,1,1,2,6,10,1,1,2,7,8,8,8,8,1,3,7,4,3,9,2,5,5,7,5,6,4,7,4,6,3,1,6,6,7,7,6,1,3,6,2,2,3,1,7,1,7,6,7,3,7,2,7,7,7,2,7,7,5,4,7,5,7,7,5,7,7,4,2,1,7,10,6,5,5,4,1,5,2,1,2,1,4,7,1,1,2,7,1,7,7,7,7,7,7,6,5,3
1481,3,2,4,74,74,3,2,6,2,0,5,10,10,2,9,2,6,2,2,5,5,5,7,5,3,5,5,1,1,1,1,1,1,1,4,1,1,1,1,2,1,1,2,4,6,5,5,2,7,5,4,2,4,5,2,4,3,5,5,5,6,5,5,2,5,5,4,5,3,3,3,5,6,5,2,5,6,2,7,9,5,6,4,6,2,5,3,6,5,4,6,7,7,7,7,7,7,7,7,7,5,7,7,6,1,6,4,1,1,1,9,3,3,3,2,6,5,5,1,6,6,5,5,4,1,4,6,6,6,6,7,7,6,6,6,6,3
1482,3,1,5,158,158,3,6,5,12,0,3,6,4,2,5,1,6,1,2,4,4,2,3,6,2,5,2,1,1,2,1,1,1,1,2,2,1,2,2,1,2,1,1,4,6,5,4,3,7,7,3,6,6,5,6,7,6,7,8,3,7,5,6,3,5,3,3,3,2,5,6,6,3,2,4,4,5,1,2,1,3,4,2,3,2,5,6,7,5,2,3,5,5,6,2,6,7,4,5,5,4,4,4,1,3,7,4,3,4,3,7,1,1,1,1,6,5,6,1,4,6,4,4,5,1,1,5,5,3,6,7,6,6,6,4,2,3
1483,3,1,2,158,158,2,1,7,9,1,6,8,8,8,9,3,4,1,4,5,7,3,6,3,2,3,4,1,1,1,1,1,1,1,4,1,1,1,1,2,1,1,2,8,8,3,2,7,9,9,8,5,6,8,6,6,6,8,3,7,4,5,5,4,6,6,5,5,4,5,4,6,3,5,5,6,6,2,5,6,3,3,3,4,2,7,7,5,5,6,5,5,7,6,5,6,6,5,7,7,5,6,6,5,7,7,2,1,4,7,7,3,4,4,3,5,2,4,4,2,5,1,3,4,3,5,6,6,6,4,3,5,5,6,6,3,3
1484,3,2,3,158,158,3,2,7,11,-3,4,7,5,1,5,1,7,2,3,2,2,5,3,3,1,2,3,1,2,2,1,1,1,1,4,2,2,2,2,2,1,2,2,7,5,6,5,2,6,4,2,7,7,5,7,4,2,4,5,4,5,5,7,1,6,5,5,2,2,2,1,5,2,6,5,1,2,1,4,7,5,6,2,3,2,6,6,5,5,3,3,2,6,3,2,7,7,3,6,6,4,5,4,1,1,6,5,1,2,2,4,1,6,1,1,6,5,7,1,5,6,1,3,5,2,4,5,5,4,6,5,7,6,5,2,4,3
1485,3,2,3,158,158,1,1,7,12,-2,3,6,6,1,4,1,7,2,2,5,3,2,3,3,1,3,4,2,1,2,1,1,1,1,4,1,1,2,1,2,2,2,2,5,7,4,3,4,6,5,2,5,4,5,4,7,3,4,6,3,6,5,6,2,5,5,5,2,2,5,4,5,5,5,2,1,2,1,2,3,4,3,2,5,2,5,3,6,6,6,6,6,6,6,4,6,6,6,6,6,7,7,7,1,1,7,3,1,1,1,5,1,1,1,1,7,7,7,1,7,7,3,5,4,1,4,5,6,6,7,7,7,7,7,4,4,3
1486,3,2,5,158,158,5,6,3,1,0,3,8,7,2,7,1,5,2,2,4,4,1,6,2,5,5,2,1,1,1,1,1,1,1,2,1,1,1,1,1,2,2,1,6,2,9,9,5,6,2,5,3,6,7,1,3,5,3,8,4,2,5,7,2,5,5,5,4,4,4,6,7,5,5,4,5,2,4,6,5,2,3,2,2,2,6,5,6,5,5,3,6,6,7,2,7,7,5,7,7,3,7,7,1,1,7,4,1,1,6,5,1,1,1,1,4,6,6,1,6,6,7,7,1,1,1,5,7,6,7,7,7,7,7,5,7,3
1487,3,2,5,158,158,2,1,7,2,0,3,7,6,3,5,3,9,2,2,4,4,4,5,4,4,4,4,1,1,2,1,2,1,1,2,1,1,1,1,2,1,2,1,4,3,8,8,3,3,4,4,4,4,4,4,4,4,4,7,4,4,5,4,4,4,4,4,4,4,4,4,4,4,4,4,4,4,4,3,3,4,4,4,4,4,4,4,4,4,4,4,4,4,4,4,4,4,4,4,4,5,6,5,1,1,5,4,2,4,4,4,2,3,4,1,4,4,4,4,4,4,3,2,3,1,2,4,3,5,4,5,7,7,5,5,4,3
1488,3,1,4,158,158,3,1,6,2,2,5,9,9,2,10,6,2,3,3,6,4,3,7,1,7,7,2,1,1,1,1,1,1,1,2,1,1,1,1,2,2,1,1,7,4,7,6,8,8,7,7,8,6,8,7,7,7,7,4,8,7,5,7,4,5,6,5,4,4,6,5,6,6,6,6,4,5,1,5,6,6,3,5,3,5,3,4,5,5,4,3,7,7,7,7,6,7,7,7,7,7,1,6,1,6,6,4,1,1,6,1,1,1,1,2,3,2,4,3,1,2,3,2,4,4,4,4,6,5,5,5,4,7,5,3,5,2
1489,3,2,5,158,158,4,1,3,1,0,4,9,7,1,8,1,5,4,2,3,3,2,6,4,1,4,2,1,1,1,1,1,1,1,2,1,1,1,1,2,1,2,2,9,3,8,8,5,7,6,5,5,5,7,4,7,6,6,6,5,6,5,7,1,6,5,4,3,2,4,5,5,5,6,5,4,5,1,2,2,4,6,2,4,2,6,5,6,7,6,4,7,6,7,2,7,7,7,6,6,7,7,7,1,1,7,3,1,1,5,5,1,1,1,1,6,7,7,1,7,6,2,1,7,1,2,7,6,5,6,6,7,6,6,6,4,2
1490,3,2,2,234,234,3,1,8,12,-3,5,8,7,1,4,1,4,2,4,3,2,3,5,1,1,1,6,1,2,2,1,2,2,1,2,1,1,1,1,2,1,2,2,4,3,8,4,3,8,2,1,6,2,2,1,7,3,2,8,3,5,5,7,3,6,4,3,5,5,3,3,5,6,5,2,5,6,1,1,6,3,6,3,3,2,3,5,6,4,5,5,7,7,7,4,6,6,7,6,6,7,7,7,1,1,7,2,2,7,1,6,1,4,1,1,1,4,3,3,4,3,3,7,5,4,4,4,7,4,6,7,7,7,7,2,7,2
1491,3,2,3,158,158,1,2,7,9,-4,6,7,5,2,3,1,8,2,2,3,5,5,5,2,1,2,5,2,2,2,1,2,2,2,2,1,1,2,1,2,1,2,2,6,7,4,4,6,10,7,2,7,9,3,7,2,1,2,3,3,3,5,6,6,2,5,5,3,3,2,1,2,2,3,1,1,2,1,4,7,2,2,2,3,2,6,6,4,5,3,5,6,6,7,2,7,7,5,5,6,6,4,7,1,1,7,5,2,1,7,5,1,4,1,1,5,5,5,2,4,5,3,5,4,1,3,5,6,4,3,5,6,6,6,3,2,2
1492,3,1,3,158,158,3,1,7,1,2,4,7,5,3,4,2,6,2,4,2,4,3,5,3,5,6,2,2,2,2,1,1,2,1,4,1,2,2,1,2,2,2,2,6,8,3,3,7,7,4,5,5,6,7,3,6,4,8,8,5,6,5,5,3,3,4,2,2,3,3,3,5,2,3,2,2,2,1,8,6,2,6,2,3,1,5,6,6,7,3,7,7,6,7,1,7,7,6,6,6,7,6,7,1,2,7,2,2,1,2,9,4,5,4,1,7,6,6,1,5,6,1,1,7,1,5,6,7,6,7,7,7,7,6,5,7,2
1493,3,1,4,158,158,3,1,8,12,-4,3,6,3,3,4,2,8,2,2,1,2,3,3,2,1,2,5,2,2,2,1,1,1,1,4,1,2,2,2,2,1,2,1,2,8,3,3,5,8,5,3,5,4,5,2,5,3,3,3,2,4,5,7,2,5,3,5,1,2,2,3,5,2,2,4,1,1,1,1,5,1,2,2,2,2,6,5,7,7,2,6,6,7,6,4,6,6,5,7,7,6,5,5,1,1,7,5,2,2,4,8,5,5,1,1,6,7,6,1,6,5,6,6,3,2,4,6,6,4,6,5,7,7,6,2,6,2
1494,3,2,5,158,158,2,1,6,12,-3,4,10,9,1,10,1,7,1,4,4,3,1,6,1,1,5,5,2,1,1,1,2,2,2,2,1,1,1,2,2,2,1,2,7,5,6,3,10,10,6,5,10,8,7,5,4,6,6,5,8,9,5,7,1,2,5,3,4,4,2,2,2,4,6,3,4,4,1,1,3,5,2,4,4,5,4,4,5,6,3,5,6,7,7,5,6,7,5,5,7,6,7,7,1,2,7,5,2,1,5,7,1,4,1,1,7,7,7,4,4,5,3,5,3,2,5,6,6,4,5,6,6,5,5,4,2,2
1495,3,1,5,5,6,1,3,3,4,2,6,8,8,4,9,10,10,4,3,5,4,2,3,7,6,3,1,2,2,1,2,1,2,2,4,2,2,1,2,2,2,2,2,9,8,3,2,8,7,6,9,8,9,5,3,9,5,3,3,3,7,5,4,4,3,2,1,2,3,4,2,2,2,6,5,3,5,5,4,8,4,4,4,3,3,6,2,3,4,2,2,3,4,3,4,4,3,4,5,3,5,5,3,3,3,5,3,6,2,4,8,2,2,1,3,4,3,4,5,5,4,3,6,2,5,3,5,3,2,3,3,4,3,3,7,4,2
1496,3,1,2,158,158,2,1,7,12,3,2,8,8,2,3,2,7,1,2,2,3,5,5,1,1,5,3,1,1,1,1,1,2,1,4,1,2,1,2,1,1,2,1,8,7,4,2,7,7,4,4,7,4,2,7,7,7,7,7,4,8,5,5,2,6,2,5,2,2,5,2,7,7,6,4,6,5,1,2,1,2,7,2,6,2,6,6,6,7,2,5,7,7,7,3,7,7,3,3,6,5,5,7,1,1,7,6,4,5,2,8,1,1,1,1,7,7,6,1,7,6,3,1,5,1,5,6,6,6,7,6,6,5,6,2,2,2
1497,3,2,2,158,158,2,1,8,2,3,4,8,9,4,7,4,9,2,1,2,1,6,2,2,2,6,2,1,1,2,1,1,1,1,4,1,1,1,1,1,1,2,1,8,7,4,2,1,8,2,1,7,6,2,2,9,9,9,3,8,8,5,5,2,3,3,6,2,5,6,6,6,6,6,4,6,5,1,2,4,7,7,4,5,2,4,6,6,7,7,5,7,6,7,2,6,7,2,2,3,7,7,7,1,2,7,5,4,3,3,2,2,6,2,1,7,7,2,2,3,7,2,1,4,1,7,6,4,6,6,6,7,5,5,5,7,2
1498,3,2,3,158,158,3,1,7,12,3,3,6,6,4,6,1,7,1,1,4,4,1,6,5,3,7,1,1,2,1,2,2,1,1,4,2,1,1,1,2,1,2,2,5,8,3,3,9,9,2,2,3,1,7,2,9,9,9,9,6,8,5,6,6,7,6,6,2,6,7,2,6,7,7,7,6,6,1,1,2,6,2,6,6,7,1,2,4,6,4,4,6,5,7,6,5,6,6,5,6,6,5,6,5,6,5,6,5,6,3,1,1,6,1,1,5,7,6,1,5,5,3,4,5,4,5,7,7,7,4,4,7,7,7,6,5,2
1499,3,1,1,1,158,1,4,8,3,3,4,6,8,4,5,6,10,2,4,1,2,3,1,6,5,1,5,1,1,1,1,1,1,1,2,1,1,1,1,1,1,2,1,8,5,6,6,10,10,5,3,6,0,3,2,1,2,4,7,7,4,5,6,2,6,3,4,3,5,3,1,5,1,5,3,6,3,6,7,3,7,3,6,3,4,5,2,1,3,5,7,7,6,3,4,2,7,5,7,7,5,3,7,2,2,6,5,1,4,5,5,3,6,3,3,2,1,4,2,1,1,6,6,1,1,2,3,2,1,4,6,4,6,5,2,7,2
1500,3,1,4,158,158,2,1,6,12,2,3,8,9,4,3,2,4,2,4,4,2,2,3,4,4,2,2,1,2,2,2,1,1,1,4,1,1,1,2,1,2,1,1,5,4,7,6,5,7,4,4,7,4,5,5,7,7,8,5,4,6,5,5,2,4,5,4,2,4,5,6,5,4,5,5,4,5,2,1,1,4,6,2,3,2,6,5,5,4,4,6,5,6,5,2,6,6,3,4,4,5,5,5,1,2,6,6,3,4,7,5,1,2,1,1,5,4,7,6,2,3,6,6,3,1,1,6,6,6,5,5,6,7,5,6,4,2
1501,3,2,3,158,158,3,1,5,12,1,4,10,10,1,6,3,4,2,2,6,5,2,5,4,1,4,2,1,2,1,1,1,1,1,2,1,1,1,1,2,2,2,2,8,8,3,3,9,10,6,5,6,5,8,5,10,4,5,4,7,6,5,6,4,5,5,6,4,3,5,3,3,3,3,4,3,2,1,1,3,5,5,4,5,4,4,3,5,6,5,3,7,6,7,5,7,7,7,5,7,5,4,6,1,1,6,4,3,4,6,8,1,1,1,1,7,7,7,1,5,6,3,6,6,2,2,7,6,4,6,6,7,7,7,1,3,2
1502,3,1,2,158,158,1,1,8,12,3,4,6,7,1,1,4,5,2,2,1,3,7,4,1,4,3,4,1,1,1,1,2,1,1,4,1,1,1,1,1,2,1,1,5,2,9,10,9,5,2,2,7,3,5,3,8,7,7,6,9,3,5,5,2,2,3,4,2,3,3,4,2,3,3,3,1,4,4,1,1,3,4,2,2,3,1,3,2,3,2,3,5,3,3,4,2,3,2,3,2,2,4,6,5,4,1,4,3,4,2,1,4,4,1,2,5,6,1,3,4,6,2,6,2,5,5,3,2,2,3,4,1,6,4,2,5,2
1503,3,1,2,186,186,2,1,6,12,0,6,7,4,5,6,4,6,2,2,5,2,6,5,5,1,2,5,1,2,2,1,1,1,1,4,2,2,2,1,2,1,2,2,4,6,5,5,5,7,4,3,2,7,4,4,1,1,1,4,2,2,5,6,1,5,6,3,3,3,3,1,4,4,5,5,2,5,1,1,4,2,2,2,1,2,5,5,5,4,2,3,5,5,5,2,6,7,5,3,5,5,7,6,1,1,7,4,4,3,1,1,1,1,1,1,5,4,3,1,3,2,3,7,5,4,1,2,7,7,1,4,4,5,4,4,2,2
1504,3,1,2,158,158,1,1,9,11,0,2,1,1,3,1,1,9,2,2,1,1,3,1,4,1,1,3,2,1,2,1,2,2,1,2,1,1,1,2,2,2,2,2,5,5,6,7,7,1,8,3,5,4,1,3,3,8,6,1,10,5,5,4,2,1,3,7,3,6,2,6,4,1,2,5,7,3,7,6,6,7,7,3,2,2,7,2,5,3,1,4,2,5,4,5,2,7,3,2,7,6,6,7,7,1,4,3,5,2,4,8,3,2,1,4,1,5,4,7,2,6,4,3,5,6,7,3,6,7,4,5,4,2,1,3,1,2
1505,3,1,2,168,51,1,2,5,1,5,3,7,7,8,6,3,6,2,2,4,5,4,5,4,6,2,4,1,1,1,2,2,2,2,2,1,1,2,1,2,2,2,2,5,8,3,7,6,9,7,6,6,3,4,6,8,8,8,4,9,3,5,4,5,2,4,5,6,4,5,5,6,6,7,4,4,2,4,7,6,6,6,5,3,5,5,5,3,5,2,5,2,1,7,5,4,2,5,4,5,3,5,6,3,6,4,5,3,6,6,3,1,4,2,5,3,6,4,3,5,6,5,4,3,3,7,5,3,5,3,1,2,6,4,4,3,2
1506,3,1,4,158,158,3,6,7,1,-3,3,7,4,1,2,1,7,2,2,2,1,4,4,1,1,4,2,1,1,1,1,1,2,1,2,2,1,1,2,1,1,2,2,5,5,6,6,5,5,2,5,8,1,7,5,5,5,5,6,5,5,5,6,2,6,6,6,4,4,6,6,6,2,5,5,4,4,2,7,2,4,6,2,4,4,5,6,6,6,6,4,6,6,6,5,6,6,6,6,6,6,6,6,1,1,6,4,1,1,1,9,6,5,4,1,4,4,4,4,4,4,4,4,5,1,1,2,6,6,6,4,6,6,6,6,6,2
1507,3,2,2,158,158,1,1,7,12,-3,6,7,7,2,5,2,7,2,4,5,4,5,5,4,1,1,6,2,2,2,2,2,2,2,2,1,2,2,1,2,1,2,2,5,6,5,4,8,7,7,5,7,7,8,7,3,2,2,4,6,7,5,6,2,5,5,4,3,4,2,1,3,3,4,4,2,4,1,5,5,2,6,3,2,2,6,6,6,6,4,5,7,7,7,4,7,7,7,7,7,7,6,7,1,1,7,3,1,1,4,6,4,3,4,3,6,6,6,1,5,4,4,4,4,2,1,6,6,3,3,6,7,6,6,3,1,2
1508,3,2,4,158,158,3,1,7,12,-1,3,8,10,1,8,2,5,2,4,3,1,1,3,1,1,3,1,2,2,1,1,2,2,1,2,1,2,1,2,1,1,1,1,9,7,4,2,7,7,5,4,5,4,5,5,6,5,6,9,7,5,5,7,3,5,5,4,4,4,4,7,6,5,5,5,4,4,1,1,1,2,6,2,4,2,6,6,7,7,5,7,7,7,7,5,7,7,7,7,7,7,7,7,4,4,7,4,1,1,1,10,4,7,6,1,7,7,7,1,7,7,1,4,7,3,3,7,7,6,7,7,7,7,7,7,7,1
1509,3,1,2,158,158,1,2,7,12,0,6,7,5,2,6,1,5,1,2,3,5,6,4,2,1,2,4,2,1,1,2,1,1,1,2,2,2,2,1,2,1,2,2,3,5,6,8,6,9,5,2,5,7,5,4,2,3,4,6,6,8,5,6,2,5,2,6,3,3,2,1,3,1,2,2,2,2,1,2,2,2,6,2,3,2,6,6,6,6,2,6,7,6,7,4,6,7,7,6,6,7,2,7,1,1,7,3,1,1,2,5,1,1,1,1,5,7,7,1,7,5,6,7,5,1,4,5,6,3,6,6,6,6,6,3,2,1
1510,3,2,3,158,158,3,1,5,11,1,6,10,10,1,6,1,6,2,2,2,6,4,6,4,1,1,7,2,2,2,2,2,2,1,2,1,2,2,2,2,1,1,2,6,6,5,5,6,6,6,5,5,5,6,5,5,6,6,5,5,5,5,7,1,7,4,4,4,4,4,4,4,4,4,4,4,4,4,2,9,5,4,5,4,3,4,3,4,7,4,3,7,7,7,1,7,7,6,7,7,7,7,7,1,1,7,2,1,2,1,10,1,1,1,1,7,7,7,1,6,7,1,4,4,1,1,7,7,6,6,7,7,7,7,4,1,1
1511,3,1,3,158,158,3,1,6,12,2,3,7,7,4,6,1,6,1,1,2,2,2,5,5,2,7,1,1,1,1,2,2,1,1,2,2,1,1,1,2,1,1,2,5,7,4,4,10,10,2,2,5,1,9,3,10,8,10,10,5,9,5,6,6,7,6,6,2,7,7,2,4,6,7,5,4,5,1,1,1,7,1,6,7,7,1,1,4,7,5,5,6,6,7,6,7,7,6,6,6,4,6,6,5,2,6,2,2,6,4,1,1,5,1,1,6,7,7,1,6,4,5,7,3,4,1,7,7,7,4,4,7,7,7,6,4,1
1512,3,1,2,158,158,3,1,10,12,0,7,8,7,4,8,4,10,2,2,1,1,7,1,2,2,3,5,1,1,1,2,2,1,1,2,1,2,1,1,1,1,1,2,2,2,9,4,7,7,5,3,2,6,6,5,7,2,3,6,6,7,5,7,1,7,3,3,4,6,6,6,6,5,5,5,5,6,5,2,2,6,5,5,5,5,5,5,5,4,6,5,7,7,7,6,7,7,7,7,7,6,7,7,7,5,7,5,5,7,10,1,1,1,1,1,1,1,1,4,1,1,1,1,4,1,4,5,5,6,5,7,7,7,4,6,6,1
1513,3,2,4,158,158,2,1,7,12,-4,5,9,9,1,7,1,7,2,2,6,3,3,5,6,1,1,7,2,1,1,2,1,1,1,4,1,1,2,2,2,2,2,2,7,2,9,4,10,9,10,3,9,8,9,9,1,1,1,1,7,9,5,2,5,6,5,2,1,1,1,1,1,5,3,5,1,5,1,1,1,6,7,1,2,2,5,2,2,2,1,1,7,7,7,1,7,7,5,7,7,7,6,4,1,1,6,6,1,1,10,1,1,6,1,1,4,3,6,1,1,1,5,6,5,1,1,5,7,1,1,1,7,6,5,1,1,1
1514,3,2,4,158,158,3,1,8,12,-2,6,5,7,2,4,1,7,3,4,2,5,1,5,4,2,2,2,1,2,1,2,2,1,1,2,1,2,1,1,2,1,2,2,7,4,7,4,8,9,4,3,7,5,3,4,6,2,3,7,2,7,5,5,4,1,5,5,1,2,2,3,4,3,5,3,2,4,1,1,1,5,4,4,5,3,6,4,4,4,4,3,6,6,6,4,4,7,6,6,6,7,1,7,1,1,7,2,1,1,1,10,1,4,1,1,5,6,7,1,5,5,5,6,4,1,2,5,6,1,6,6,6,6,6,3,1,1
1515,3,2,5,158,158,3,1,7,12,0,3,9,9,1,7,1,8,2,2,2,1,4,5,1,1,1,5,2,1,1,1,1,1,1,2,1,1,1,1,2,2,2,2,9,5,6,3,8,7,4,2,10,8,6,6,1,1,1,6,5,6,5,6,1,6,3,5,1,1,1,1,2,2,2,2,1,2,1,1,1,1,5,1,4,1,6,6,5,5,1,4,6,6,7,4,6,7,6,6,6,7,4,7,1,2,7,4,1,1,2,8,1,5,1,1,6,6,6,1,6,6,1,4,4,1,4,6,7,6,6,6,7,5,6,4,2,1
1516,3,2,3,158,158,3,1,7,11,1,8,9,9,1,4,1,6,2,2,2,5,6,6,4,1,4,4,2,2,1,2,1,1,2,2,2,2,2,2,2,1,1,2,7,6,5,5,6,6,5,6,6,5,6,6,6,6,5,5,6,6,5,4,4,4,4,4,4,4,4,4,4,4,4,4,4,4,4,2,10,4,4,4,4,4,4,4,4,4,4,4,7,7,7,1,7,7,7,7,7,7,7,7,1,1,7,2,1,1,1,10,1,1,1,1,7,7,7,1,7,7,1,7,1,1,1,7,7,7,7,7,7,7,7,4,4,1
1517,3,2,2,158,158,2,6,5,12,0,2,5,6,5,4,6,5,2,2,4,4,4,4,4,4,4,4,2,2,1,1,2,2,1,4,1,1,2,2,2,2,1,1,6,5,6,5,6,6,7,6,7,4,5,5,6,7,6,6,5,5,5,4,4,4,4,4,4,4,4,4,4,4,4,4,3,3,4,6,6,4,4,4,4,4,4,2,4,4,5,4,5,4,4,3,2,5,3,4,4,5,5,5,2,2,5,3,2,5,7,4,3,1,1,4,4,4,4,4,4,4,2,2,2,2,3,2,3,3,4,3,4,2,4,6,6,1
1518,3,2,3,158,158,1,6,1,11,2,4,8,7,2,6,1,6,2,4,3,5,2,5,1,1,3,2,2,2,2,2,1,1,1,4,1,2,1,2,2,1,2,2,4,8,3,3,9,10,10,6,7,7,7,7,8,7,7,5,2,7,5,6,1,6,6,3,3,4,6,2,5,5,6,6,5,5,1,5,5,7,1,5,6,6,3,1,4,7,4,4,7,6,7,6,6,7,7,6,6,7,7,7,4,1,7,3,4,2,6,1,1,4,4,4,4,7,6,1,7,7,5,4,4,4,1,4,5,1,4,6,5,6,4,4,1,1
1519,3,1,2,158,158,2,1,5,12,-2,3,5,7,1,5,1,6,2,3,2,7,5,6,4,1,1,5,2,2,1,1,2,1,1,4,1,1,2,1,2,1,2,2,5,4,7,4,10,3,8,7,10,10,3,3,3,1,2,7,1,6,5,4,1,6,6,2,1,1,7,5,4,6,6,6,2,7,1,1,3,3,5,4,4,4,4,3,6,7,4,5,6,6,7,4,7,7,6,7,5,7,7,7,1,1,7,4,1,2,5,1,1,1,1,1,4,7,7,1,7,6,6,4,4,1,3,5,5,4,5,4,6,5,6,2,4,1
1520,3,2,1,158,158,1,1,5,12,1,3,7,6,4,3,3,7,2,2,7,6,4,5,4,5,3,3,2,2,1,1,1,2,1,4,1,1,1,1,2,1,2,1,7,6,5,4,4,7,8,8,7,8,8,4,6,7,7,7,7,5,5,5,6,6,5,5,4,5,7,7,7,5,6,6,2,5,1,8,5,5,3,4,4,5,6,3,5,7,6,7,4,7,7,6,6,6,6,5,4,4,7,5,7,7,5,7,3,6,3,7,5,6,6,6,6,6,6,6,5,4,5,5,3,4,3,6,7,3,7,6,6,7,6,7,2,1
1521,3,1,4,158,158,3,1,8,12,2,3,4,1,4,2,1,9,2,2,1,1,4,5,6,1,7,1,2,1,2,2,1,1,1,2,2,2,2,2,2,1,1,1,2,9,2,2,2,2,2,2,6,8,7,2,6,9,8,1,7,4,5,7,6,6,2,4,1,4,4,7,7,5,5,6,2,4,3,1,1,3,6,2,4,1,6,5,6,5,1,6,6,7,6,2,6,7,3,3,4,7,7,6,1,5,7,3,6,4,2,7,1,7,1,1,1,1,1,3,1,1,6,7,5,1,1,7,7,7,6,6,7,7,7,6,6,1
1522,3,1,4,158,158,1,3,3,10,-5,2,6,4,3,3,1,6,2,4,2,3,2,7,5,1,2,5,2,2,1,2,1,1,1,4,1,1,2,1,2,1,2,2,7,7,4,3,7,6,7,4,7,9,3,8,3,2,1,4,2,6,5,7,2,3,3,6,2,3,2,2,1,3,4,3,1,2,1,1,2,2,2,1,1,2,6,5,5,5,2,2,5,6,6,3,7,7,5,6,6,2,1,6,1,1,7,2,1,1,2,4,1,1,1,1,6,5,7,1,3,3,3,7,3,1,1,7,7,3,3,2,7,5,7,2,1,1
1523,3,1,2,158,158,1,1,7,11,-1,3,7,1,6,1,1,8,2,4,4,4,6,3,4,1,1,7,2,2,2,2,1,2,1,4,1,2,2,1,1,2,1,1,4,8,3,1,8,8,8,6,7,8,10,7,1,1,1,1,5,10,5,7,1,7,7,1,4,4,4,1,1,4,7,7,7,7,4,1,9,4,1,4,4,7,1,4,4,2,1,1,7,1,4,1,7,7,3,4,4,6,1,4,1,1,7,5,2,4,10,1,1,1,1,1,6,6,6,1,5,1,1,7,1,1,1,6,4,1,1,7,7,7,6,2,1,1
1524,4,2,3,243,243,3,3,1,12,0,4,5,1,7,5,1,4,2,2,4,2,1,6,4,1,4,2,2,2,2,1,2,1,1,1,2,2,1,1,1,2,1,1,4,1,4,5,10,10,9,8,10,5,8,10,9,9,7,7,10,10,5,7,7,7,7,1,4,4,6,6,6,7,7,7,7,7,1,1,1,2,1,4,4,7,1,4,2,2,4,2,6,4,7,2,7,4,4,7,4,6,1,6,1,1,7,5,1,1,8,1,1,1,1,1,4,3,4,5,1,2,1,2,1,1,1,5,7,4,4,7,3,7,7,4,2,7
1525,4,2,4,243,243,2,1,7,1,1,2,6,6,4,4,1,7,1,2,5,5,3,3,1,2,3,2,1,1,1,1,1,1,1,2,2,1,1,2,1,2,1,2,5,5,7,4,7,8,6,4,10,6,5,2,7,3,7,6,3,5,5,6,7,6,4,5,1,1,7,7,5,4,6,5,4,5,2,3,3,5,6,5,5,3,6,6,6,6,5,5,6,5,7,5,6,7,6,7,7,6,6,7,1,1,7,4,1,7,2,8,1,3,1,1,7,6,6,1,5,7,6,7,3,2,3,5,7,7,7,5,7,5,7,4,2,7
1526,4,1,3,243,243,3,1,3,12,-5,4,10,10,1,8,1,2,2,2,6,5,1,6,4,1,3,4,1,1,1,1,1,1,1,1,1,1,2,1,2,1,1,1,5,2,7,8,8,2,5,7,5,7,9,8,7,9,7,8,4,3,5,1,7,7,7,1,4,1,6,5,7,7,7,6,7,7,2,1,1,7,1,7,1,7,1,7,7,7,7,7,6,4,7,4,7,7,7,7,7,7,1,7,1,1,7,2,1,1,6,2,3,5,2,1,1,7,3,6,1,7,2,7,3,2,1,7,7,4,7,7,7,7,4,7,1,7
1527,4,2,4,243,243,3,3,3,1,0,4,10,10,1,10,4,6,2,2,1,4,3,7,4,2,3,3,1,1,1,1,1,1,1,1,1,1,1,1,1,1,2,1,5,4,5,2,8,8,6,7,8,6,6,5,7,10,8,9,7,7,5,7,7,7,7,4,4,4,7,7,7,7,7,4,4,7,6,3,1,4,7,5,4,4,5,5,7,7,7,7,7,7,7,7,7,7,7,7,7,7,7,6,6,1,7,7,1,1,1,5,1,7,1,1,7,7,7,1,7,7,4,6,1,1,4,7,7,7,7,7,7,7,7,7,7,7
1528,4,1,4,243,243,3,1,7,12,-3,5,10,10,1,9,1,7,2,4,1,1,5,2,2,1,2,6,1,1,1,1,1,1,1,1,1,1,1,1,2,1,2,2,10,8,8,1,10,7,3,4,10,4,2,10,2,2,1,4,9,3,5,7,7,7,4,7,2,2,5,6,4,6,6,5,1,5,1,1,1,7,1,7,7,2,5,5,7,7,7,7,7,6,7,1,7,7,7,7,7,7,7,7,1,1,7,7,1,1,2,10,1,1,1,1,1,1,1,6,1,1,1,4,1,1,1,7,7,4,7,7,7,7,7,4,2,7
1529,4,2,5,106,243,3,6,7,1,3,5,8,6,3,2,2,9,1,3,1,4,3,5,2,2,3,5,2,1,2,2,1,1,1,2,2,2,2,1,1,1,2,2,8,5,3,3,8,8,9,6,5,5,9,8,3,2,4,5,8,9,5,6,6,5,2,6,1,5,2,3,3,3,5,5,3,2,1,8,8,7,6,1,1,1,6,6,6,6,6,6,4,4,7,3,7,7,7,7,7,1,4,5,1,1,7,2,1,1,1,8,1,3,3,1,5,6,6,1,5,7,6,6,1,1,2,5,5,7,7,5,7,2,7,5,5,7
1530,4,1,5,243,243,3,1,5,1,2,3,6,7,3,4,1,6,1,3,2,1,5,2,1,4,1,2,1,1,1,1,1,1,1,2,1,1,1,2,1,2,1,1,4,7,3,2,9,6,2,3,9,3,7,2,2,1,2,6,1,5,5,6,6,4,6,5,3,4,2,2,5,7,7,2,5,6,1,1,1,5,3,2,3,2,5,5,7,7,7,7,7,7,7,1,7,6,6,7,7,7,6,7,1,2,7,2,1,1,2,9,1,1,1,1,2,1,3,4,1,1,6,6,2,2,3,5,5,7,7,5,5,7,3,5,5,7
1531,4,2,6,180,180,4,1,8,2,0,5,10,8,3,10,7,10,2,2,1,1,4,4,6,1,5,2,2,2,2,1,1,2,1,2,2,2,2,2,1,2,2,1,4,2,4,3,7,7,7,4,6,8,6,7,9,10,9,6,5,6,5,6,7,6,7,6,2,4,7,7,7,6,4,4,4,5,1,2,4,5,6,4,5,4,4,5,7,6,7,6,7,7,7,5,7,7,7,7,7,7,7,7,4,1,7,4,1,1,1,2,1,1,1,1,7,7,7,1,7,7,4,4,5,5,6,7,7,7,7,5,7,7,7,5,5,7
1532,4,2,1,243,243,1,2,7,2,-4,4,10,10,1,10,1,3,2,3,5,5,5,4,4,3,5,4,1,1,1,1,2,1,2,1,1,1,1,1,2,1,1,2,4,10,10,3,10,6,10,1,9,4,1,1,1,8,1,2,10,6,5,2,4,3,4,2,3,3,3,4,3,6,2,6,2,2,2,5,10,7,6,7,6,2,2,4,7,7,6,7,7,7,7,7,7,7,7,7,7,7,7,7,7,7,7,7,7,7,1,7,5,5,4,4,7,7,7,1,7,7,1,7,1,1,7,7,4,7,7,5,7,2,7,7,2,7
1533,4,2,2,243,243,2,1,9,12,0,2,10,10,1,7,7,8,2,2,1,1,5,6,5,1,5,5,2,2,2,2,2,2,2,2,2,2,2,2,2,2,2,2,8,2,5,4,6,7,6,3,7,7,8,8,9,7,7,3,9,8,5,7,6,6,6,6,5,5,6,7,6,6,5,6,6,6,3,1,1,6,6,6,6,6,6,6,7,6,6,7,6,5,6,6,6,5,6,6,5,6,6,6,1,1,6,2,1,1,2,9,1,1,1,1,5,6,5,6,5,5,2,2,6,6,6,7,7,7,7,7,7,7,7,7,7,7
1534,4,2,2,243,243,3,1,10,2,5,6,10,10,10,10,10,10,2,4,7,7,7,7,7,6,5,7,2,2,1,1,1,1,2,2,2,1,1,1,2,2,2,1,10,10,1,1,10,10,10,10,9,10,10,10,10,10,10,1,10,10,5,7,7,7,7,7,7,7,7,7,7,7,7,6,7,7,7,10,10,7,7,7,7,7,7,7,7,7,7,7,7,7,7,7,6,7,7,7,7,6,7,6,7,7,6,7,7,7,10,10,7,7,7,7,7,7,7,7,7,7,7,7,7,7,7,7,7,7,7,7,7,7,7,7,7,7
1535,4,1,2,243,243,2,1,7,2,1,5,8,7,6,7,4,7,2,2,5,5,4,5,4,3,4,5,1,1,1,2,1,1,2,1,1,1,1,2,2,1,2,2,6,6,4,4,7,8,6,6,7,7,7,5,5,4,4,5,5,7,5,6,6,6,5,5,4,5,4,5,4,5,5,5,5,5,3,5,6,5,4,5,4,4,5,4,6,5,5,6,6,7,7,5,7,6,6,6,7,5,5,5,4,5,6,5,1,1,5,6,3,2,5,4,5,7,6,1,6,6,5,6,2,2,6,5,5,5,5,5,5,7,5,4,4,7
1536,4,2,3,200,200,2,1,10,2,4,5,10,10,10,10,10,9,2,2,7,6,7,7,7,7,1,7,1,2,1,1,1,2,2,2,1,1,2,1,2,2,1,2,10,10,2,1,10,10,10,10,10,10,10,10,10,10,10,1,9,10,5,7,7,6,6,7,7,6,7,6,7,7,7,7,7,7,7,10,10,7,7,6,7,7,5,7,7,7,7,7,7,7,7,7,7,7,7,7,7,4,7,7,4,7,7,7,1,1,9,10,6,6,6,6,7,1,6,3,4,6,7,3,6,1,3,7,7,6,5,6,5,7,7,5,5,7
1537,4,2,2,243,178,3,1,7,2,0,5,10,7,1,10,1,7,2,3,5,5,3,6,7,1,2,5,1,2,2,1,1,1,1,1,1,1,1,1,1,1,2,1,3,6,5,7,4,8,9,7,10,7,2,4,2,2,4,4,8,2,5,7,6,5,4,7,1,1,5,2,2,3,4,2,2,5,1,2,2,5,2,2,2,2,5,2,2,2,7,6,7,7,7,7,7,7,7,7,7,7,7,7,6,1,7,7,1,1,1,9,1,1,1,1,1,1,1,6,1,1,2,1,1,1,4,7,7,5,7,7,7,7,2,3,7,7
1538,4,1,3,243,243,3,1,10,3,5,5,10,10,10,10,10,10,2,4,7,7,7,7,7,7,7,7,1,1,1,1,1,1,1,1,2,1,1,1,1,2,2,1,10,10,1,1,10,10,10,10,10,10,10,10,10,10,10,1,10,10,5,7,7,7,7,7,7,7,7,7,7,7,7,7,7,7,7,10,10,7,7,7,7,7,7,7,7,7,7,7,7,7,7,7,7,7,7,7,7,7,7,7,7,7,7,7,7,7,10,10,7,7,7,7,7,7,7,7,7,7,7,7,7,7,7,7,7,7,7,7,7,7,7,7,7,7
1539,4,2,2,243,243,2,3,4,12,0,3,10,10,1,8,5,6,2,2,1,4,4,7,4,1,1,4,2,2,1,2,2,1,2,2,1,1,1,2,2,1,2,2,8,8,6,6,10,7,6,6,10,6,5,6,6,1,5,1,6,5,5,7,7,7,7,4,1,4,4,7,4,7,7,7,4,4,1,1,1,7,4,7,1,4,4,4,7,7,7,7,7,7,7,7,7,7,7,7,7,7,4,7,1,1,7,3,1,1,1,5,1,6,1,1,4,7,4,5,7,7,4,7,4,3,2,7,7,7,7,7,7,7,7,4,4,7
1540,4,1,1,243,243,1,1,5,12,-2,5,10,10,1,6,1,7,2,2,1,5,5,5,4,4,4,4,2,2,1,1,2,1,1,2,1,1,2,1,1,2,2,2,10,10,10,1,10,10,1,2,10,5,1,1,7,5,1,5,8,8,5,7,7,6,6,3,4,2,4,7,5,6,7,6,4,5,1,1,1,7,3,7,7,7,4,2,4,7,4,7,7,6,7,7,7,7,7,7,7,3,1,7,1,1,7,6,1,1,1,6,1,1,1,1,7,7,1,1,7,7,6,2,5,1,5,7,7,7,7,5,7,7,7,5,5,7
1541,4,2,2,243,243,1,1,7,2,-1,6,9,1,1,6,1,5,2,2,7,4,2,6,1,2,1,7,2,2,1,1,1,2,2,1,1,1,2,1,2,1,1,2,4,4,7,5,10,8,10,4,10,6,5,4,1,2,1,4,10,8,5,6,6,5,5,5,4,4,1,2,3,6,5,6,5,6,1,6,7,5,3,5,5,2,7,5,7,7,7,7,7,7,7,3,7,7,7,7,7,7,7,5,1,1,7,4,1,1,2,4,1,1,4,1,7,1,1,1,6,7,7,4,5,2,7,7,6,7,7,7,7,7,5,2,1,7
1542,4,1,2,243,243,3,3,1,2,1,4,10,10,1,10,1,8,2,4,5,5,5,7,4,1,6,4,1,1,1,1,2,2,1,1,1,1,1,1,2,1,1,1,3,2,10,6,6,10,5,7,8,4,5,7,5,5,7,5,7,5,5,1,1,1,2,7,1,1,4,7,3,3,7,7,2,4,1,3,2,1,7,7,1,1,7,7,7,7,1,7,7,7,7,1,7,7,7,7,7,7,7,7,1,1,7,7,1,1,1,10,1,1,1,1,7,7,7,5,7,7,4,1,7,1,7,7,7,7,7,7,7,7,7,7,1,7
1543,4,2,4,243,243,4,1,5,12,0,2,10,10,1,8,10,6,2,2,3,4,4,5,5,1,7,1,1,1,1,1,1,1,1,2,1,1,1,1,2,2,2,1,6,7,5,5,10,10,5,5,7,6,5,6,10,10,10,10,5,6,5,7,6,7,7,3,3,4,5,7,7,6,6,4,4,4,3,1,1,4,5,4,6,3,4,6,7,4,5,6,7,4,7,4,7,7,7,7,7,7,4,7,1,1,7,3,1,1,1,5,1,1,1,1,7,4,4,1,7,7,5,5,3,3,4,5,7,5,5,7,7,7,7,4,4,7
1544,4,2,2,243,243,3,1,7,12,-4,6,9,8,10,9,3,5,2,4,5,5,5,7,6,1,2,6,1,1,1,1,1,2,1,1,1,1,1,1,1,2,2,2,7,8,6,4,10,8,8,8,9,7,10,9,9,8,10,4,7,8,5,6,7,6,6,7,6,7,5,6,6,5,7,6,7,6,6,2,9,7,6,7,6,7,6,7,5,6,6,5,7,6,7,7,6,6,7,5,6,7,6,7,6,1,6,4,1,1,5,6,4,5,1,1,2,4,4,5,2,4,6,1,5,3,6,7,7,2,5,5,5,7,7,3,1,7
1545,4,1,5,243,243,3,5,7,12,0,1,6,7,3,6,7,5,2,2,1,1,3,4,4,1,5,2,1,2,1,1,1,1,2,1,2,2,2,2,1,2,1,2,4,6,5,5,8,7,6,6,6,6,6,5,6,6,6,5,6,6,5,4,5,5,4,5,4,4,4,5,4,4,4,5,3,3,3,2,3,5,4,4,4,4,4,5,5,5,5,4,6,5,6,4,6,4,6,5,5,5,5,4,3,1,5,3,1,1,5,2,1,1,1,3,4,3,4,4,3,5,4,3,4,4,4,7,5,5,7,7,5,7,5,5,5,7
1546,4,1,3,243,243,1,1,6,2,2,5,8,5,5,2,1,10,1,4,4,1,7,7,7,1,7,1,2,2,2,2,1,1,1,1,2,2,2,2,2,1,2,2,5,8,6,4,10,8,6,7,5,5,6,3,10,10,10,6,8,5,5,7,7,7,1,2,4,6,7,1,7,7,7,7,7,7,5,5,6,7,2,6,1,6,1,2,7,7,7,7,6,7,7,1,7,7,7,7,7,3,5,7,1,1,7,2,1,1,2,1,1,1,1,4,7,7,7,4,7,7,7,6,2,1,2,7,7,1,7,7,7,7,7,7,2,7
1547,4,2,2,243,243,4,1,6,3,2,4,7,8,8,7,7,8,3,3,5,6,5,6,5,3,6,6,1,1,1,1,1,2,1,2,2,1,1,1,2,2,1,2,9,6,3,5,8,7,8,6,7,7,7,9,7,8,8,3,8,8,5,6,6,6,6,6,4,6,5,6,4,5,4,6,5,6,4,9,7,6,5,5,5,6,6,6,6,5,6,6,6,6,6,6,6,6,6,6,6,7,6,7,7,1,7,7,1,1,8,7,6,5,6,5,4,6,5,3,5,4,1,7,7,1,3,7,7,5,7,7,7,1,7,7,4,7
1548,4,1,1,243,243,3,1,9,6,0,5,7,8,10,8,7,10,2,2,6,1,1,1,7,6,5,6,1,2,1,2,1,2,2,2,1,1,2,2,2,2,2,1,5,5,6,6,5,5,7,10,10,8,8,9,8,10,10,3,5,10,5,7,6,6,6,6,5,6,6,6,6,6,6,6,6,6,4,10,10,5,6,5,7,6,7,1,4,1,1,4,5,7,6,6,5,6,6,7,5,7,7,7,7,1,7,7,1,1,10,9,7,6,6,5,1,1,1,7,1,1,6,1,7,7,7,7,5,6,7,4,7,7,7,5,7,7
1549,4,2,6,243,243,2,6,4,4,1,2,10,10,2,9,2,9,2,2,1,1,4,5,5,1,1,2,1,2,1,1,1,1,1,1,1,1,1,1,2,1,1,1,5,8,4,3,10,8,8,8,8,7,6,7,9,9,8,6,8,8,5,6,6,6,4,5,1,6,6,7,4,6,7,7,6,6,1,5,7,5,7,4,4,4,6,6,6,7,7,6,7,7,7,6,7,7,6,7,7,7,7,7,1,1,1,1,1,1,1,5,1,1,1,1,1,1,1,1,1,1,3,7,7,7,7,7,7,7,7,7,7,7,7,7,7,7
1550,4,1,4,243,243,2,1,8,12,-1,3,2,2,2,2,1,10,2,3,3,5,5,4,1,1,1,6,2,2,1,2,1,1,2,1,2,2,2,2,2,2,2,2,2,2,8,3,1,3,1,1,10,10,6,1,1,1,1,1,10,8,5,6,3,7,5,5,1,2,5,4,6,5,5,5,5,6,1,1,6,3,5,7,6,2,5,5,7,7,7,5,7,7,7,2,7,7,7,7,7,7,7,7,1,1,7,2,1,1,1,8,1,1,1,1,7,7,1,1,7,7,1,5,5,5,7,5,6,7,7,7,7,7,7,5,5,7
1551,4,2,2,243,243,2,1,7,2,2,3,9,8,2,6,2,7,2,3,3,5,5,6,2,4,5,6,1,2,1,1,1,2,1,1,2,2,2,1,2,1,2,1,3,3,5,8,4,4,3,6,6,2,6,4,4,6,3,7,3,6,5,6,6,7,7,7,4,6,6,7,6,5,6,6,7,6,6,2,9,6,7,3,5,3,6,5,7,6,6,7,7,7,7,5,6,7,6,6,5,5,6,7,5,6,6,6,6,6,7,5,6,5,6,6,6,5,6,5,6,5,2,2,5,6,6,6,5,5,6,6,6,5,7,7,6,7
1552,4,2,3,243,243,4,2,10,12,0,8,10,10,1,5,1,6,2,2,1,1,7,4,4,1,3,2,1,1,1,1,2,2,1,2,1,1,1,1,1,1,2,1,7,10,6,3,10,2,5,1,10,7,2,5,7,1,8,10,1,4,5,7,7,5,4,3,1,4,1,7,7,7,7,5,4,4,1,1,1,1,7,1,1,1,6,3,6,7,7,7,7,7,7,4,7,7,7,7,7,5,7,7,1,7,7,7,7,7,1,1,7,4,1,4,4,7,4,4,1,7,7,7,1,1,7,7,7,5,7,7,7,7,7,7,4,7
1553,4,2,3,243,243,3,1,9,3,3,4,9,7,8,8,8,8,3,3,5,4,4,5,6,4,5,4,1,1,1,1,1,2,1,2,2,2,1,1,2,1,1,2,8,7,3,3,8,9,8,9,8,8,9,7,8,8,7,2,8,7,5,6,5,6,5,3,5,5,5,6,6,5,6,5,6,6,5,9,9,6,6,6,6,5,6,6,6,4,6,5,5,4,6,6,5,6,3,7,4,6,6,5,6,6,5,3,5,6,9,8,6,5,6,5,6,6,6,6,4,5,6,5,6,5,7,6,7,7,6,6,7,6,6,4,6,7
1554,4,2,1,243,243,2,1,6,10,-3,3,10,9,2,5,1,6,2,2,4,2,5,4,4,1,2,6,1,1,1,1,1,2,1,1,1,2,2,2,2,2,2,1,7,8,4,4,9,9,6,9,7,7,8,7,8,8,8,5,8,7,5,6,6,5,6,7,4,4,4,4,3,6,5,6,4,5,1,1,1,6,4,6,5,4,4,5,6,4,4,4,7,7,7,7,7,7,7,7,7,7,7,7,3,1,7,7,1,1,6,4,3,1,1,1,1,1,2,1,7,7,5,4,1,1,2,7,7,5,7,5,7,7,5,3,3,7
1555,4,2,3,180,180,3,1,10,2,0,2,9,9,9,8,8,6,1,2,5,6,6,6,6,4,4,6,1,2,1,1,1,2,1,2,1,2,1,1,1,1,1,1,8,9,3,3,7,9,8,10,10,9,8,9,10,8,8,2,9,9,5,4,5,6,5,6,6,6,4,6,7,7,7,6,6,6,6,9,7,6,4,6,7,6,7,7,3,6,7,6,7,7,7,6,6,6,6,7,6,6,7,7,7,6,7,5,2,7,9,8,5,5,6,5,5,6,5,7,4,6,5,6,7,6,5,6,7,7,5,6,7,6,6,7,6,7
1556,4,1,2,180,180,2,1,7,2,0,4,10,10,10,10,9,5,1,2,4,4,5,5,4,4,5,5,1,2,2,2,2,1,1,2,2,2,1,2,2,2,1,2,1,1,9,10,2,1,6,5,5,4,5,6,5,5,5,6,5,6,5,6,7,5,6,6,6,5,6,6,6,5,6,4,6,5,4,5,6,6,6,6,6,5,6,5,7,7,5,7,6,7,7,5,7,7,7,7,7,7,7,7,5,1,7,7,1,7,10,9,4,4,4,4,4,6,4,6,6,6,4,1,1,4,5,7,7,7,7,7,7,7,7,7,1,7
1557,4,1,3,243,243,1,1,5,12,0,2,5,5,5,5,1,5,2,2,1,1,7,4,1,4,2,1,1,2,1,1,1,1,1,1,2,1,1,2,2,2,1,2,5,5,1,1,10,5,5,5,5,4,5,5,5,5,1,6,5,5,5,4,4,4,4,4,4,4,4,4,4,4,4,4,4,4,4,1,1,7,7,7,7,4,7,7,7,7,7,7,7,7,7,7,7,7,7,7,7,7,7,7,1,1,7,7,1,1,5,5,1,1,1,1,4,4,4,4,4,4,7,7,1,1,1,7,7,7,7,7,7,7,7,7,7,7
1558,4,2,4,243,243,3,1,5,12,0,4,8,10,1,4,1,3,1,2,1,2,1,3,1,1,1,6,1,1,1,1,2,1,2,1,1,1,1,1,1,1,2,1,10,4,8,2,10,5,6,7,10,8,6,3,1,1,1,2,10,7,5,6,7,5,6,5,3,4,4,4,3,7,7,3,7,6,1,1,1,2,7,1,2,1,6,6,7,7,6,7,7,7,5,1,7,7,5,7,4,7,7,7,2,1,6,6,1,1,1,5,1,7,1,4,1,4,1,2,1,1,4,7,1,2,1,5,7,7,7,7,7,7,7,4,2,7
1559,4,1,4,243,243,3,1,4,12,0,2,10,10,1,10,8,1,4,4,4,4,4,7,6,1,7,4,2,2,2,2,1,2,1,2,1,1,1,1,2,1,1,2,10,10,9,9,10,10,6,5,5,5,5,5,10,10,10,10,5,5,5,7,6,7,6,6,6,6,6,6,6,4,4,4,4,4,4,1,1,6,7,1,6,4,7,4,7,7,7,7,7,7,7,7,7,2,7,7,6,6,6,7,1,1,6,5,1,1,5,5,4,4,3,3,4,4,4,7,7,7,1,1,7,7,7,7,7,7,7,7,7,7,7,7,7,7
1560,4,2,3,243,243,1,1,5,12,0,1,10,10,1,10,1,5,1,1,6,4,4,7,4,2,4,4,1,2,1,1,1,2,2,2,1,1,1,2,1,2,1,1,8,8,6,6,10,8,5,5,6,6,5,6,5,5,5,6,5,6,5,7,7,7,6,4,4,4,4,7,4,6,6,6,4,4,4,1,8,6,3,4,4,3,2,5,7,4,4,4,6,7,6,2,6,7,7,7,7,7,7,6,1,1,7,7,1,1,6,5,1,4,1,1,7,7,7,4,7,7,6,6,6,6,5,4,4,7,4,4,7,4,4,7,4,7
1561,4,1,3,243,243,3,1,5,2,2,8,8,7,3,6,2,6,2,2,3,6,4,6,6,1,6,1,1,1,1,2,2,1,1,1,2,1,1,2,1,1,2,1,5,4,8,6,10,9,3,6,10,7,9,6,9,9,10,3,8,8,5,6,6,7,6,5,2,4,7,7,7,7,6,5,5,6,3,2,6,6,6,5,3,3,5,5,7,7,3,6,5,6,7,5,6,5,5,7,6,6,6,7,2,1,7,6,1,7,1,9,1,5,1,1,5,7,1,1,7,6,2,1,6,4,5,5,7,5,7,7,7,7,5,7,7,7
1562,4,2,4,243,243,3,1,5,2,0,4,10,10,1,10,1,3,2,4,7,7,5,7,1,1,1,6,1,1,1,1,1,1,1,2,1,1,1,1,2,1,1,2,10,10,10,8,10,10,10,10,10,10,7,1,2,2,2,1,10,10,5,7,7,7,3,7,1,1,5,5,5,7,6,7,1,5,1,10,10,5,3,5,5,5,5,5,7,7,7,7,7,7,7,7,7,7,7,7,7,7,1,7,7,1,7,1,1,1,1,10,1,1,1,1,7,7,7,1,7,7,7,7,1,1,1,7,7,7,7,7,7,7,7,1,7,7
1563,4,2,1,187,187,2,4,4,6,0,5,6,5,2,5,2,5,2,2,6,5,5,5,4,2,2,5,1,1,1,1,1,1,1,1,1,1,1,1,1,2,1,2,2,3,6,6,5,6,6,5,6,3,4,4,3,3,3,6,5,3,5,7,5,7,4,6,4,5,3,3,3,3,3,2,3,3,2,6,6,3,2,3,2,1,6,6,7,3,5,6,7,6,7,5,7,7,7,7,7,7,7,7,7,1,7,7,1,1,2,6,1,4,2,2,6,2,6,1,4,7,2,4,4,2,4,7,7,5,7,7,7,7,7,5,6,7
1564,4,2,4,243,243,3,6,6,12,0,5,7,7,2,4,6,6,2,2,1,4,4,4,4,4,6,2,1,1,1,1,1,1,1,1,1,1,1,1,2,1,2,2,2,1,4,4,5,8,5,5,5,5,5,5,7,7,6,8,5,5,5,4,4,4,4,3,4,4,6,6,6,6,4,4,4,4,2,4,6,5,4,6,5,4,4,4,7,7,6,6,6,6,7,6,7,6,7,7,7,4,5,7,4,1,7,5,1,1,3,3,1,1,1,2,7,7,7,1,7,7,4,1,3,3,7,7,7,7,7,7,5,7,7,4,5,7
1565,4,2,5,243,243,3,1,8,1,0,5,10,10,1,10,1,3,1,4,5,4,4,7,7,1,7,1,2,2,2,2,2,2,2,2,2,1,1,2,1,1,2,2,8,10,9,9,10,10,8,9,10,9,10,1,10,10,10,9,10,9,5,7,7,7,7,2,5,5,7,7,7,7,7,6,7,7,1,7,7,7,2,7,2,6,2,3,6,7,7,7,7,7,7,7,7,7,7,7,7,7,7,7,6,1,7,3,1,7,1,8,4,6,4,4,1,1,6,5,2,1,1,1,6,1,7,7,7,7,7,7,7,7,5,7,1,7
1566,4,2,2,243,243,2,6,10,12,0,4,10,10,1,9,1,6,2,2,1,1,4,6,4,1,1,4,2,1,1,1,2,2,2,2,1,1,1,1,2,2,2,2,5,5,4,4,9,8,5,8,8,6,5,5,5,5,3,5,10,6,5,7,7,7,6,7,1,4,4,5,2,7,7,7,4,7,1,1,1,6,3,6,5,4,5,3,7,7,4,7,7,7,7,6,7,7,7,7,7,7,7,7,1,1,7,1,1,1,1,5,1,1,1,1,4,6,4,1,7,7,7,7,1,1,1,7,7,5,7,7,7,7,7,1,1,7
1567,4,2,2,243,243,4,1,6,2,1,3,7,5,2,8,6,7,2,2,4,6,6,5,2,3,3,5,1,1,1,1,1,1,2,2,2,2,1,1,1,1,2,2,8,6,3,3,6,7,8,7,8,3,7,8,6,4,8,5,5,4,5,3,6,6,6,4,3,5,5,6,2,4,3,2,5,6,6,8,5,5,6,4,4,4,6,5,6,4,3,5,6,6,4,5,6,3,2,6,4,4,6,5,2,7,6,4,3,3,4,7,4,5,3,6,6,4,6,3,6,5,5,2,7,3,4,4,6,5,6,5,2,4,6,5,3,7
1568,4,2,2,243,243,2,1,4,1,0,3,10,10,1,7,1,6,1,2,7,7,4,7,1,2,6,2,1,1,1,1,1,2,2,1,1,1,1,1,1,2,2,1,6,6,7,5,10,10,4,6,5,7,6,6,5,8,7,6,7,5,5,7,7,7,5,4,4,3,7,7,4,4,7,7,5,6,4,5,5,6,7,4,7,4,4,4,6,5,6,7,7,5,7,4,7,7,7,7,7,7,5,7,1,1,7,3,1,1,1,2,1,1,1,1,5,5,4,4,4,5,6,5,2,1,3,5,5,7,7,7,7,7,5,7,5,7
1569,4,1,3,187,187,3,1,7,2,1,2,4,8,2,4,4,9,2,2,3,3,2,3,5,1,1,3,1,2,1,1,1,1,1,2,1,2,1,1,1,2,1,1,3,2,3,3,10,8,3,3,3,7,8,3,3,7,3,4,3,8,5,6,7,6,6,2,6,6,5,7,5,6,7,4,7,7,6,9,9,2,6,5,1,5,2,5,5,4,4,4,6,7,7,6,5,7,6,7,7,6,7,7,4,2,7,4,1,1,1,9,2,6,2,1,7,5,7,1,6,7,6,6,1,1,2,7,7,7,5,7,7,7,5,7,5,7
1570,4,2,3,243,243,2,2,7,12,-4,5,5,3,5,2,1,8,2,2,4,4,4,4,4,1,1,7,2,2,1,1,1,1,2,1,1,1,2,1,1,2,2,1,4,1,6,6,10,8,5,2,8,5,3,5,1,1,1,1,5,7,5,7,6,6,7,4,1,4,4,4,2,7,7,5,5,6,4,1,4,4,3,5,4,5,3,3,4,5,4,5,4,6,7,4,7,6,6,6,6,7,7,7,1,1,7,4,1,1,3,1,1,1,1,1,5,5,5,5,5,5,4,6,5,2,1,7,7,5,5,7,7,7,5,3,1,7
1571,4,2,5,243,243,3,2,4,12,0,5,10,10,1,10,1,2,2,2,2,4,4,7,1,1,2,6,1,2,2,2,2,2,2,2,1,1,1,1,2,2,2,2,8,8,5,4,10,8,8,7,8,8,8,8,4,3,2,3,7,8,5,7,5,7,5,7,1,1,3,1,7,3,5,1,1,1,1,1,1,6,1,7,5,3,5,5,5,7,7,1,7,7,7,7,7,7,7,7,7,7,1,7,1,7,7,7,7,7,1,7,1,1,1,1,1,1,1,1,1,5,6,7,5,1,1,7,7,5,5,7,7,7,7,7,3,7
1572,4,1,2,243,243,2,1,8,1,3,2,8,8,7,7,8,9,2,3,7,7,6,6,6,7,7,6,2,1,1,1,1,2,2,2,2,2,2,2,1,1,2,1,9,8,1,3,9,8,9,10,9,8,9,8,9,9,8,3,9,8,5,7,6,7,6,7,6,7,7,7,6,6,7,7,7,7,6,9,8,6,7,7,6,7,7,6,6,7,7,7,6,6,7,6,7,7,7,6,7,7,7,7,6,6,7,6,6,7,9,8,7,7,6,7,6,7,7,7,6,6,7,6,7,6,7,7,6,5,7,6,7,7,6,5,7,7
1573,4,1,2,243,243,2,1,6,12,0,3,10,10,3,8,7,2,2,2,4,7,5,7,3,5,1,7,1,2,1,1,1,1,1,1,1,1,1,1,1,1,1,2,10,10,8,4,10,10,8,10,9,8,8,7,9,1,2,3,8,8,5,7,2,7,7,6,6,7,6,7,6,7,6,7,7,6,7,3,8,6,7,7,7,6,7,7,7,1,7,7,7,7,7,7,7,7,7,7,7,7,7,7,1,7,7,7,7,7,10,10,1,1,1,1,7,1,4,1,7,7,4,5,5,4,3,7,7,7,7,5,7,7,7,7,7,7
1574,4,2,3,243,243,3,1,8,3,2,6,10,10,2,9,2,2,2,4,6,2,3,6,1,1,1,5,1,1,1,1,1,2,1,1,1,1,1,1,1,1,2,1,5,3,4,3,10,10,5,3,10,9,4,2,2,2,2,4,10,5,5,7,7,6,2,6,3,6,2,7,2,7,7,6,6,5,4,6,10,5,7,3,3,3,5,5,7,7,6,7,7,1,7,7,7,7,7,7,7,7,1,7,7,1,7,3,1,1,2,10,7,7,7,7,4,4,4,4,4,7,7,1,4,1,7,7,7,7,7,7,7,7,7,3,7,7
1575,4,2,4,243,243,3,1,6,12,-2,5,9,5,3,8,2,4,2,4,5,1,4,7,5,1,2,5,2,2,2,1,1,1,1,1,1,2,2,1,2,2,2,2,7,8,7,7,10,9,9,6,9,7,8,7,9,3,2,5,9,5,5,7,6,7,6,6,6,4,3,2,3,5,6,4,2,3,1,1,3,3,7,4,6,6,6,6,7,7,7,7,7,3,7,5,7,7,7,7,7,7,3,7,2,1,7,7,1,7,2,9,1,7,1,1,7,7,2,1,7,7,7,4,4,4,4,7,7,7,7,7,7,7,7,5,2,7
1576,4,2,5,243,243,1,6,5,2,-1,2,9,5,2,8,1,2,1,4,4,4,4,6,4,1,4,6,1,1,1,1,1,1,1,2,1,1,1,1,2,1,2,1,5,9,9,6,10,9,8,3,9,5,7,8,8,6,5,3,8,8,5,7,7,7,7,5,4,4,6,6,7,7,6,5,6,5,1,5,5,5,3,5,3,4,5,3,7,1,1,7,7,7,7,3,7,7,7,7,7,7,4,7,1,1,7,1,1,1,2,10,5,3,1,1,7,1,2,1,7,7,7,7,1,1,4,7,7,5,7,7,7,7,7,7,7,7
1577,4,1,2,243,243,3,1,4,2,-3,4,10,10,1,7,1,3,2,3,7,6,5,7,6,1,1,6,1,2,2,1,2,2,2,2,1,1,2,1,2,2,2,1,3,7,5,3,10,10,6,4,9,8,6,3,2,1,1,2,10,9,5,7,7,7,7,1,2,5,2,5,2,5,7,5,7,7,1,4,8,7,1,7,7,7,3,1,7,7,7,7,7,7,7,2,7,7,7,7,7,7,7,7,1,1,7,2,1,1,1,9,5,2,1,5,7,7,7,1,7,7,6,2,5,6,7,7,7,5,7,7,7,7,5,3,3,7
1578,4,1,4,243,243,3,1,7,12,0,2,7,7,10,3,2,6,2,2,5,5,5,5,5,5,5,5,2,1,1,1,1,1,1,1,2,2,1,2,1,1,1,2,6,6,5,5,6,6,7,7,6,6,6,7,7,7,6,4,7,7,5,4,4,4,4,4,4,4,4,4,4,4,4,4,4,4,4,1,10,4,4,4,4,4,4,4,4,4,4,4,4,4,4,4,4,4,4,4,4,6,1,6,1,1,6,4,1,1,10,1,1,1,1,1,4,4,4,4,4,4,4,4,4,4,4,7,7,5,7,7,7,7,7,7,7,7
1579,4,2,2,243,243,3,1,8,12,4,6,8,7,8,8,3,8,2,2,5,2,2,7,5,3,2,7,1,1,1,2,1,2,1,2,1,2,1,1,2,1,1,2,9,8,2,3,8,7,9,2,9,8,10,9,9,6,1,2,3,8,5,6,5,6,6,6,6,2,5,5,5,7,7,6,7,6,1,1,1,2,5,5,6,2,6,6,6,4,6,5,7,6,7,2,6,7,7,7,7,6,7,5,2,1,6,6,1,7,6,10,4,7,4,6,5,5,6,7,2,2,3,5,6,2,6,5,7,7,7,7,3,7,7,7,7,7
1580,4,2,4,243,243,3,1,8,1,3,3,10,10,1,8,1,8,2,2,3,4,6,5,3,5,1,7,2,2,1,1,1,1,1,2,1,1,1,1,1,2,2,2,6,4,5,3,8,8,10,5,7,5,5,4,4,3,4,3,7,7,5,5,7,5,3,5,2,2,3,5,5,3,5,3,3,2,1,5,6,1,5,2,3,1,7,6,7,7,4,7,7,7,7,6,7,7,5,7,7,7,6,2,1,1,7,4,1,1,2,10,1,6,1,4,5,5,4,6,1,7,5,7,5,1,5,7,7,7,7,4,7,5,7,5,5,7
1581,4,1,2,243,243,3,1,8,4,3,6,9,8,2,8,3,3,2,4,5,6,5,6,3,5,2,5,2,2,2,2,1,1,2,1,1,2,2,2,2,1,1,1,9,8,7,2,8,9,7,6,8,7,9,7,3,2,5,8,6,9,5,7,6,6,7,4,6,7,5,5,3,5,6,7,6,5,1,9,10,7,7,6,6,6,6,6,7,6,5,6,7,7,6,7,7,6,6,7,7,6,7,6,7,1,7,3,1,6,9,2,5,7,6,6,4,6,5,6,7,6,3,3,5,5,6,7,5,5,7,5,7,7,7,5,7,7
1582,4,1,2,243,243,1,1,7,12,2,2,9,10,2,7,5,5,2,2,5,2,6,5,3,1,6,4,2,1,1,1,1,1,1,2,2,1,2,2,1,2,1,1,6,2,5,2,10,8,6,3,10,8,10,2,8,10,7,8,10,6,5,7,5,6,4,4,1,4,5,7,7,5,4,7,4,6,1,3,10,7,3,6,3,5,2,4,5,6,7,7,3,6,7,5,7,7,7,7,7,6,7,6,3,1,7,6,3,1,7,1,1,1,1,1,7,7,1,1,7,7,7,3,5,4,3,7,4,7,7,7,7,7,7,7,4,7
1583,4,1,3,243,243,2,1,7,12,0,2,8,8,7,9,6,7,2,2,2,2,6,5,5,2,6,6,1,1,2,2,2,2,2,1,1,2,1,2,2,2,2,1,9,8,2,3,7,8,8,9,9,9,8,8,8,9,7,3,8,9,5,6,6,7,6,7,6,6,7,6,5,6,7,6,5,7,5,1,1,7,1,7,2,7,1,1,5,1,2,5,6,6,6,6,4,6,4,7,7,5,6,7,6,6,6,6,1,1,9,2,4,2,2,6,6,7,5,3,7,6,7,6,6,6,7,5,5,5,5,7,5,7,7,6,7,7
1584,4,1,3,243,243,3,1,6,2,5,2,10,10,2,8,10,7,2,2,5,2,5,6,1,2,2,6,1,1,1,1,2,2,2,2,1,1,1,1,2,1,2,2,3,3,6,6,8,5,6,6,8,2,7,4,4,1,9,6,4,6,5,6,6,5,4,6,6,4,6,7,6,5,7,5,6,5,2,10,10,4,7,7,6,3,4,6,7,7,6,6,7,7,7,7,7,6,6,7,7,7,7,7,7,1,7,4,1,1,4,3,3,4,1,1,7,7,6,2,7,7,1,1,4,3,4,7,7,7,7,7,7,7,7,7,7,7
1585,4,1,5,243,243,3,1,4,2,-5,8,9,8,1,8,7,3,1,2,6,7,2,7,6,7,7,2,2,2,2,1,1,1,1,1,2,1,2,1,2,1,2,2,8,4,5,4,10,8,10,9,10,10,7,7,9,8,9,8,8,7,5,7,7,7,7,2,3,3,7,7,7,7,6,7,5,6,1,7,8,2,7,2,5,2,7,6,7,7,7,7,7,7,7,7,5,7,6,7,7,7,7,7,2,2,7,7,1,7,1,9,1,1,1,1,7,7,7,1,7,7,5,7,1,1,5,7,5,7,7,7,7,7,7,5,7,7
1586,4,1,2,243,243,1,1,4,10,-2,6,8,8,3,7,1,6,1,2,4,6,1,6,3,1,3,6,2,2,2,1,2,1,2,2,1,1,1,2,2,1,2,2,9,5,4,2,10,9,7,6,10,7,5,3,6,4,8,3,8,9,5,7,7,6,6,7,5,6,5,7,3,6,7,5,5,4,1,1,1,6,7,5,5,5,5,2,7,6,5,5,7,7,5,7,7,3,7,6,6,7,6,7,1,1,6,3,2,1,7,4,3,3,2,3,4,5,4,5,5,6,6,4,4,5,1,5,7,3,7,7,7,7,7,3,5,7
1587,4,2,1,243,243,2,4,7,12,0,2,4,3,1,2,1,8,2,2,1,2,6,4,1,1,1,5,2,2,1,1,1,1,1,2,1,2,2,2,2,1,2,2,5,7,8,4,10,7,10,10,10,10,5,4,1,1,1,3,10,8,5,5,5,3,7,4,1,1,2,2,3,5,6,1,1,7,1,1,6,1,3,1,1,1,6,1,7,7,6,7,7,7,6,6,7,7,7,7,7,7,7,7,3,1,7,3,1,1,5,2,4,7,3,1,7,7,7,1,6,7,3,1,5,2,6,7,7,7,7,1,7,2,7,7,7,7
1588,4,1,1,243,243,1,4,3,12,0,2,8,7,1,7,5,7,2,2,1,5,2,5,3,1,2,6,2,2,2,1,2,1,1,2,1,2,2,2,2,1,2,1,4,6,6,4,8,5,6,7,8,6,5,5,3,3,2,3,7,5,5,7,7,6,7,3,6,2,3,3,2,4,5,5,5,3,1,2,1,6,3,6,5,3,5,2,7,7,7,5,7,7,7,4,6,7,7,7,7,6,6,7,1,2,7,1,1,1,2,3,1,2,2,1,7,7,6,1,7,7,3,5,7,4,7,6,5,7,7,5,7,5,7,5,7,7
1589,4,1,3,243,243,3,1,7,12,0,3,8,8,3,7,1,7,2,4,2,1,3,3,3,1,1,5,1,2,1,1,1,1,1,2,2,1,2,2,1,2,1,1,5,4,8,5,9,4,3,4,8,4,3,3,6,4,5,5,6,5,5,5,6,5,4,5,4,4,5,5,3,3,5,5,4,5,2,1,1,5,3,3,4,4,5,5,6,6,4,5,6,6,7,5,7,6,7,6,6,7,7,7,2,2,6,4,6,1,2,2,5,6,5,1,1,1,1,1,1,1,2,4,4,5,7,5,7,5,7,7,7,7,5,5,5,7
1590,4,1,3,198,243,2,1,7,12,-1,7,7,6,1,6,1,6,2,2,5,2,5,4,4,1,6,2,2,2,2,1,1,1,1,1,2,2,1,1,1,2,1,1,4,4,7,4,10,6,9,6,8,6,5,7,9,8,10,7,3,7,5,5,7,5,7,2,2,4,2,5,7,6,5,4,5,6,4,1,1,5,6,3,3,5,5,5,6,1,1,6,4,6,6,5,7,7,7,7,7,1,1,7,1,1,6,7,1,1,1,3,1,1,1,1,4,3,5,3,5,3,6,5,1,1,1,4,6,2,5,4,5,7,5,2,3,7
1591,4,2,4,243,243,3,1,5,12,0,4,10,10,1,9,9,2,2,3,6,4,4,6,4,4,6,5,1,2,2,1,2,1,2,1,1,2,2,1,2,1,1,2,4,9,6,3,10,10,8,9,9,6,8,8,9,6,9,4,9,8,5,4,5,4,5,5,4,4,4,6,5,6,5,5,4,4,4,1,1,5,7,5,6,3,6,6,6,6,7,6,6,7,7,5,7,7,7,7,7,7,6,7,1,1,7,2,1,1,5,8,1,2,1,1,4,5,4,5,6,6,7,7,1,1,2,7,7,5,7,7,7,7,7,7,5,7
1592,4,2,5,243,243,4,1,2,10,5,1,10,1,1,10,1,5,2,2,3,1,3,6,4,4,7,1,1,1,1,1,1,2,2,2,1,1,1,1,2,1,2,2,1,1,10,10,10,5,4,2,4,3,1,1,3,1,10,10,1,5,5,6,6,6,2,5,3,2,4,7,7,4,5,2,4,4,1,1,1,2,6,2,2,1,7,7,7,7,7,7,7,7,7,4,7,7,7,7,7,7,7,7,2,1,7,1,1,1,1,1,1,1,1,1,7,7,7,1,7,7,7,7,1,1,1,5,7,4,7,7,7,7,7,6,5,7
1593,4,2,2,255,255,3,1,8,2,0,5,10,8,1,8,1,9,2,4,1,7,7,1,7,1,1,7,1,2,2,2,1,2,2,2,2,2,1,1,1,2,1,2,9,7,1,1,8,9,10,7,9,9,7,9,8,8,9,2,10,9,5,7,7,7,6,6,6,7,6,7,6,7,5,7,6,6,6,9,10,7,7,7,6,7,5,7,7,6,6,7,7,6,7,7,7,7,6,7,6,7,7,7,7,1,7,7,1,1,10,9,6,7,7,7,1,6,1,7,1,1,1,1,7,5,7,7,7,7,6,7,7,7,7,6,7,7
1594,4,2,3,243,243,3,1,6,2,-3,4,9,9,9,8,3,6,2,2,1,1,1,2,4,1,1,6,1,1,1,1,2,2,1,2,1,1,1,1,2,2,1,2,9,6,7,3,8,8,9,8,8,8,8,8,9,8,8,3,8,9,5,6,6,6,6,6,6,6,2,2,2,6,6,6,6,6,6,8,9,6,6,6,5,6,6,6,6,6,6,6,6,6,6,6,6,6,6,6,6,7,7,6,1,1,7,7,1,6,8,8,6,6,5,6,6,5,1,6,5,6,1,4,2,1,1,7,7,7,7,7,7,7,7,7,7,7
1595,4,2,4,243,243,3,5,5,1,0,4,10,3,1,9,1,7,2,2,1,1,4,7,3,1,5,4,1,1,1,1,1,1,1,1,1,1,1,2,2,1,2,2,5,5,4,3,8,9,4,4,10,10,3,2,8,2,8,9,10,4,5,7,7,7,3,6,4,2,5,7,2,2,2,3,1,1,1,8,8,1,7,1,2,1,7,7,7,7,7,7,7,6,7,6,7,7,7,7,7,7,7,7,1,1,7,4,1,1,1,10,1,4,1,1,7,7,7,1,7,7,1,1,7,1,7,7,7,7,7,7,7,7,7,7,7,7
1596,4,1,5,243,243,2,2,7,1,4,5,10,10,1,10,1,3,2,2,1,1,2,5,4,1,1,7,1,1,1,1,2,1,1,2,1,1,1,2,2,1,2,2,1,3,1,1,10,10,1,1,6,3,6,1,1,1,1,1,10,1,5,7,7,7,1,7,1,7,4,4,6,3,3,2,2,1,1,2,1,1,7,1,1,1,7,6,7,7,7,7,7,7,7,1,7,7,7,7,7,7,7,7,1,1,1,1,1,1,1,10,1,1,1,1,7,7,7,1,7,7,7,7,7,7,7,7,7,7,7,7,7,7,7,4,1,7
1597,4,2,2,243,243,3,3,6,2,0,2,7,7,1,3,1,8,2,2,1,6,5,2,4,1,1,5,1,2,2,1,1,1,1,1,1,1,1,1,2,2,1,2,8,5,6,3,10,7,1,5,10,5,5,5,7,5,5,4,1,10,5,7,7,5,6,4,1,1,7,7,5,7,7,7,5,5,1,1,1,1,2,1,1,4,5,6,7,7,7,7,7,7,7,7,7,7,7,7,7,7,7,7,7,1,7,7,1,1,1,7,1,1,1,4,7,7,1,1,7,7,7,7,7,7,7,7,7,7,7,7,7,7,7,5,4,7
1598,4,1,5,243,243,4,6,3,10,0,5,9,6,1,6,1,3,2,4,1,1,1,6,7,1,1,7,2,1,1,1,1,1,1,1,1,1,2,1,2,1,2,2,3,1,10,1,10,7,7,6,10,10,8,6,1,1,1,3,5,8,5,7,7,4,7,1,1,7,1,1,1,7,7,4,2,5,1,1,1,7,1,7,7,7,1,1,5,7,7,5,7,7,7,7,7,7,7,7,7,7,7,7,1,1,7,3,1,1,5,5,1,1,1,1,7,7,7,1,7,7,4,4,3,1,7,7,7,4,4,4,7,7,4,2,3,7
1599,4,2,5,243,110,1,3,1,2,0,1,9,5,1,9,1,2,2,2,4,7,1,6,5,4,1,6,2,2,2,2,2,2,2,2,2,2,2,2,1,2,1,1,3,3,6,6,10,5,6,6,1,3,5,1,5,3,3,3,5,3,5,6,7,2,7,4,1,4,5,3,3,6,6,5,5,4,1,5,5,5,6,4,5,2,5,5,7,7,7,6,7,7,7,5,7,7,7,7,7,7,7,7,1,1,7,5,1,1,1,6,1,6,1,1,1,1,1,4,1,1,6,7,1,1,2,7,7,4,7,7,7,7,7,7,2,7
1600,4,1,4,243,247,3,1,9,2,-5,2,10,10,1,8,1,8,2,2,1,1,6,5,1,1,2,4,1,1,1,1,1,1,1,1,1,1,1,1,1,1,2,2,5,4,4,1,10,7,8,3,5,10,8,6,4,2,5,2,8,8,5,7,7,6,5,6,2,3,5,5,3,5,4,3,2,1,1,4,4,5,6,6,3,1,6,5,5,6,6,6,5,5,5,6,7,5,7,6,6,6,6,7,6,1,7,4,1,1,1,9,1,1,1,1,5,6,4,6,6,7,2,4,7,3,5,7,7,7,7,7,7,7,7,7,7,7
1601,4,1,1,114,243,1,1,10,1,5,3,1,1,10,1,1,10,2,2,1,1,7,1,4,7,1,4,2,2,2,2,2,1,2,2,2,2,2,2,1,2,2,2,1,1,1,1,1,1,1,1,10,0,10,1,1,1,1,1,1,10,5,1,1,1,1,1,7,1,1,1,1,3,1,2,2,2,2,1,10,2,1,1,7,7,7,1,1,1,1,1,1,1,1,1,1,1,1,1,1,1,1,1,1,7,1,7,7,7,10,1,1,7,1,1,1,1,1,7,1,1,1,1,1,1,1,4,1,4,4,7,7,4,7,7,7,7
1602,4,2,5,22,22,3,3,2,5,0,2,10,10,1,6,1,5,2,1,4,2,4,7,5,4,4,4,1,1,1,1,1,1,1,1,1,1,1,1,1,2,1,1,5,6,6,6,10,10,8,9,6,9,8,4,8,8,8,5,8,5,5,7,7,7,7,1,3,4,7,7,7,4,6,4,4,6,4,1,1,7,7,7,7,4,5,4,7,6,7,5,7,7,7,6,7,7,7,7,7,6,7,7,7,7,7,7,1,7,5,8,1,1,1,1,4,4,4,4,4,4,1,6,1,1,2,7,7,7,7,7,7,7,7,7,7,7
1603,4,2,3,243,243,3,2,3,12,0,3,10,10,2,9,10,4,2,2,4,4,4,7,4,4,7,4,2,2,2,2,2,2,2,2,1,2,1,1,2,1,2,1,2,5,6,6,5,9,6,8,10,5,5,5,9,5,10,5,5,5,5,6,6,6,6,4,4,4,6,7,7,7,6,6,6,6,7,2,5,5,4,5,6,4,6,6,7,7,7,7,7,7,7,7,7,7,7,7,7,7,7,7,1,1,7,3,1,1,5,5,1,1,1,1,6,6,6,4,7,7,5,1,6,6,6,7,7,7,7,7,7,7,7,7,7,7
1604,4,2,2,243,243,2,1,1,12,0,6,1,1,1,1,1,10,2,2,1,4,4,4,4,1,1,7,2,2,2,2,2,1,1,2,2,2,2,2,2,2,1,2,1,1,1,1,1,1,1,1,1,0,1,1,1,1,1,1,1,1,5,7,7,7,1,7,4,4,1,1,1,1,1,1,1,1,1,1,1,1,7,1,1,1,7,7,4,1,1,1,7,7,7,7,7,7,7,7,7,7,7,7,7,1,7,7,1,1,1,10,7,7,7,7,1,1,4,7,1,1,7,7,7,7,7,7,7,7,7,7,7,7,7,7,1,7
1605,4,1,4,243,243,2,1,8,12,-1,1,10,9,2,7,2,7,2,2,4,1,3,3,5,1,3,5,2,1,1,1,1,1,1,2,1,1,1,2,1,1,2,1,5,4,1,1,10,8,7,7,8,7,6,7,8,7,7,5,7,6,5,7,7,6,5,6,4,4,6,6,6,5,4,5,5,5,4,5,4,6,3,7,3,3,5,5,7,7,7,7,5,4,7,6,7,7,7,5,7,5,1,7,1,3,7,3,4,4,2,8,1,7,1,1,6,6,6,1,6,7,5,5,1,1,1,7,7,7,7,7,7,7,7,5,5,7
1606,4,2,5,113,113,1,2,1,12,0,5,6,1,1,4,1,1,4,4,4,7,1,7,2,1,1,7,2,1,1,1,1,1,1,1,1,2,2,2,1,2,2,1,7,7,8,6,10,10,6,6,10,10,9,7,1,1,1,1,7,7,5,1,1,7,7,2,2,4,4,2,2,7,7,4,7,7,1,1,7,7,1,5,7,7,1,1,6,7,7,7,4,4,4,1,6,6,6,6,6,3,3,4,1,1,6,6,1,1,2,2,1,6,1,1,4,4,4,4,4,4,4,4,4,2,2,7,7,1,7,4,7,7,7,1,1,7
1607,4,2,4,243,243,3,6,1,1,3,1,6,8,1,1,1,7,2,2,1,1,4,1,6,1,4,4,1,1,1,1,1,1,1,1,2,1,1,2,2,1,2,2,2,5,6,6,6,5,7,5,10,1,2,5,9,6,7,9,2,9,5,7,7,5,4,4,2,4,7,7,7,6,6,4,4,4,1,1,2,1,7,1,1,1,5,7,7,7,7,7,7,6,7,7,7,7,5,7,7,6,1,7,7,1,7,3,1,1,1,5,3,1,1,1,7,6,4,1,7,7,2,4,5,4,1,7,7,5,5,7,7,7,5,5,7,7
1608,4,2,5,243,243,3,5,8,12,0,2,8,8,5,5,5,8,1,2,1,3,1,6,4,5,4,2,1,2,1,1,1,1,1,2,1,1,1,1,1,2,2,1,5,5,6,6,5,5,8,5,8,8,8,8,8,7,8,6,5,5,5,6,6,6,6,6,5,5,7,7,7,6,6,4,6,6,4,1,1,6,2,6,6,5,2,3,7,7,7,7,3,3,7,4,7,7,7,7,7,3,1,7,1,1,7,5,1,1,1,8,2,7,1,1,1,1,1,4,1,1,7,7,1,1,4,7,7,7,7,7,7,7,7,7,7,7
1609,4,1,5,255,255,3,1,5,1,3,6,8,7,1,4,1,5,1,2,5,1,4,4,5,1,5,1,1,2,1,1,1,1,1,2,1,2,2,1,2,1,2,2,5,3,8,5,10,10,3,3,10,7,5,4,5,5,7,3,1,7,5,7,7,7,3,5,1,1,7,1,6,5,7,2,2,1,1,2,2,3,7,1,2,1,6,7,7,7,2,5,7,4,7,6,7,7,7,7,7,7,7,7,1,1,7,4,1,1,1,5,1,1,1,1,1,1,1,4,1,1,4,6,3,1,1,7,7,7,7,7,7,7,7,1,7,7
1610,4,2,4,243,243,2,2,8,12,-1,5,8,8,1,6,1,5,2,2,2,1,6,3,6,1,4,4,2,2,2,1,2,2,2,2,2,2,1,1,1,2,1,2,5,1,3,1,10,10,9,3,10,3,7,1,4,2,4,7,10,7,5,5,5,5,3,5,5,4,6,7,5,4,5,3,2,2,1,1,5,2,5,2,1,1,5,6,7,7,7,4,7,7,7,7,7,7,3,7,7,7,3,7,5,1,7,3,1,1,2,5,1,1,1,1,7,7,1,1,5,7,6,6,2,1,1,7,7,7,7,7,7,7,7,2,4,7
1611,4,1,4,243,243,3,1,5,1,0,5,10,10,1,8,1,2,1,1,4,4,2,6,1,2,6,4,2,2,1,1,1,2,1,2,2,2,2,2,2,2,1,2,9,9,9,6,10,9,3,6,10,6,6,3,7,3,7,6,7,9,5,6,6,6,7,4,1,4,6,6,6,5,6,4,3,3,1,1,1,5,4,5,5,3,5,6,4,7,6,5,7,7,7,4,7,6,7,7,7,7,6,6,1,1,6,3,1,1,2,8,1,1,1,3,2,1,4,2,1,1,6,7,3,3,3,5,5,5,7,5,7,5,7,3,5,7
1612,4,2,3,243,243,4,1,2,12,0,4,9,9,2,7,4,4,2,2,2,1,3,5,3,1,4,2,1,1,1,1,1,1,1,2,2,1,1,1,1,1,2,1,5,3,6,4,9,7,3,4,7,6,3,5,8,3,8,6,6,3,5,7,7,6,6,3,3,3,5,6,5,5,5,4,4,5,4,2,3,5,5,4,4,3,5,6,7,7,4,6,6,5,7,4,7,7,6,6,7,6,1,6,1,2,6,5,1,1,1,6,1,7,1,4,4,7,4,1,7,7,7,6,3,2,4,7,6,6,7,7,6,6,6,3,2,7
1613,4,1,4,243,243,1,3,3,2,-1,2,8,8,4,7,4,6,2,2,1,3,4,5,3,5,2,6,2,2,1,1,2,1,2,2,2,1,1,1,2,2,1,1,5,2,4,3,10,7,2,3,5,2,5,2,6,3,5,3,3,8,5,7,7,6,6,5,5,3,6,6,6,5,6,3,6,6,1,8,8,5,5,3,2,5,6,5,3,6,5,3,7,7,7,6,7,7,7,7,7,6,4,7,1,1,6,7,1,1,6,3,2,1,1,1,5,5,5,2,3,5,5,5,1,1,2,7,7,7,7,7,7,7,7,5,7,7
1614,4,2,3,243,243,1,6,3,12,3,4,2,2,3,1,1,6,2,2,1,1,4,3,1,4,4,4,2,2,1,1,1,1,1,2,2,1,2,1,2,2,2,1,1,1,6,6,10,1,5,2,10,5,1,1,7,7,5,7,1,5,5,6,6,5,5,4,2,2,5,6,5,6,6,4,4,5,4,1,7,4,5,1,3,4,5,5,6,4,4,5,4,4,6,4,6,6,6,6,6,1,1,7,1,1,7,4,1,1,7,5,1,1,1,1,4,4,6,1,7,5,4,4,3,1,3,5,5,5,5,5,5,7,5,3,5,7
1615,4,1,2,97,243,1,1,4,12,0,4,5,5,6,6,7,5,1,1,3,4,4,3,4,4,4,4,1,1,2,1,1,2,2,1,1,2,2,2,1,2,2,1,5,6,5,5,6,6,6,6,6,5,4,6,4,6,6,7,8,8,5,2,3,3,5,2,4,3,4,5,4,4,5,2,2,4,4,6,8,2,4,4,4,3,5,4,4,3,3,6,3,2,2,6,2,2,2,3,2,3,3,4,4,4,2,4,6,4,7,4,3,2,4,2,3,2,3,2,4,5,2,2,2,3,3,2,3,2,2,4,7,2,3,3,2,6
1616,4,2,2,243,243,2,1,4,12,-2,2,9,6,4,8,5,6,2,1,2,2,2,5,1,5,6,1,2,2,1,1,2,1,1,2,1,1,1,1,2,1,2,1,6,4,3,5,7,4,6,6,5,8,9,4,6,4,9,4,3,7,5,3,1,3,2,4,1,4,2,4,5,2,5,3,1,4,4,8,5,3,3,6,2,3,6,5,4,2,4,2,1,4,5,3,3,1,6,4,5,3,3,3,4,4,7,3,2,1,6,5,6,3,2,5,4,5,4,1,6,2,2,4,2,3,4,4,3,5,3,2,3,6,2,6,2,6
1617,4,2,2,243,243,3,1,7,12,1,6,7,6,6,4,8,6,1,4,5,5,4,5,7,1,7,1,1,2,1,2,1,1,2,2,1,1,1,1,2,2,1,1,5,8,6,3,5,8,3,8,5,4,7,4,4,8,4,4,4,5,5,5,5,4,4,5,5,5,5,5,6,5,5,3,6,6,6,4,7,5,6,4,4,6,5,3,3,5,6,4,4,5,5,4,5,3,5,6,4,3,5,3,6,5,4,5,6,5,4,8,5,3,6,5,4,3,5,3,5,5,5,6,3,5,5,4,4,4,4,5,7,7,6,6,5,6
1618,4,2,1,243,243,1,1,10,1,-1,1,7,10,7,6,6,10,4,3,3,4,3,6,7,5,3,7,2,2,1,2,1,2,2,1,1,2,2,2,1,2,1,2,10,7,3,4,6,8,8,7,7,9,8,8,10,6,8,6,6,10,5,5,3,6,6,7,7,6,6,2,7,7,5,4,4,7,7,10,8,4,7,4,7,7,4,5,4,4,3,6,6,7,4,7,5,5,2,5,5,4,5,5,4,7,3,6,6,2,8,9,7,6,6,5,7,5,5,4,6,5,6,3,5,7,3,4,7,5,2,6,4,7,5,7,5,6
1619,4,1,2,171,171,3,1,4,3,2,8,9,8,4,7,4,8,4,4,7,7,7,7,5,4,4,4,2,1,1,2,1,2,1,1,1,2,2,1,2,2,1,2,7,10,7,2,9,5,7,9,8,5,5,9,8,6,5,6,8,5,5,7,7,5,7,7,7,7,5,4,7,7,6,7,5,7,4,9,5,6,6,7,5,7,7,6,5,7,6,7,7,5,6,5,7,6,7,7,7,7,6,7,5,6,6,4,6,7,7,9,6,6,7,7,7,5,4,7,4,7,4,6,5,7,7,5,4,7,7,7,6,7,5,7,7,6
1620,4,2,2,243,243,1,1,2,1,-2,3,10,7,4,7,1,6,2,2,2,5,3,7,3,1,5,5,2,2,2,2,2,2,2,1,1,2,2,1,2,1,2,2,8,7,4,2,8,5,9,5,7,4,7,8,4,3,6,6,6,8,5,3,4,2,5,3,5,5,5,5,2,2,7,7,6,5,6,9,8,5,5,6,7,5,4,5,3,6,4,2,4,6,6,6,6,7,5,1,7,6,5,6,4,5,5,2,3,6,9,8,3,5,2,6,6,5,7,6,3,4,4,6,5,2,4,6,2,3,5,3,5,7,4,4,5,6
1621,4,1,4,243,243,1,4,6,2,2,5,7,7,3,4,2,6,1,2,4,4,4,5,6,5,3,3,2,1,1,1,1,1,1,1,2,2,2,1,1,2,2,2,5,4,5,3,8,6,4,3,6,4,6,3,3,2,3,5,9,3,5,5,5,3,5,4,2,3,4,3,6,5,6,5,5,5,2,8,8,6,2,3,5,3,5,3,6,6,6,5,5,6,6,5,6,6,6,5,6,5,4,7,1,1,6,3,1,1,2,6,1,1,3,1,5,6,6,2,5,6,5,6,2,2,3,6,6,6,6,6,6,5,5,6,6,6
1622,4,2,1,131,131,2,4,6,12,-3,5,8,9,2,9,1,3,2,4,6,4,4,7,4,1,1,7,2,1,2,1,1,2,2,2,1,2,2,1,2,2,1,1,5,6,4,5,6,7,8,8,4,6,5,6,5,7,8,4,4,9,5,4,4,3,3,4,6,3,4,4,3,6,2,6,2,2,5,1,1,6,2,4,4,3,4,4,3,2,5,6,4,3,7,5,6,7,7,7,6,5,6,7,7,1,7,4,1,1,1,1,3,5,4,3,7,2,1,1,6,7,2,7,4,4,6,6,3,2,6,3,5,4,5,2,5,6
1623,4,1,2,187,187,3,1,5,2,0,6,7,8,6,7,6,6,1,1,6,5,4,5,3,3,2,5,2,2,1,2,1,2,2,2,1,1,2,1,1,1,1,2,7,6,2,4,7,7,8,8,6,6,6,7,7,6,7,3,8,8,5,6,2,1,3,6,5,2,5,5,4,5,4,5,5,6,4,6,7,5,4,4,6,6,5,3,3,4,5,4,7,6,2,3,5,5,3,2,5,5,5,4,3,3,3,3,5,4,7,6,4,3,3,5,5,3,4,3,4,4,5,5,2,7,5,3,2,7,4,5,4,6,5,1,5,6
1624,4,2,2,243,243,1,1,4,12,0,4,6,5,1,2,1,6,2,4,5,2,3,4,4,1,5,1,1,1,1,1,2,1,1,1,2,1,1,2,1,2,2,1,3,3,6,5,10,8,2,4,8,6,6,5,4,1,6,6,2,7,5,7,7,7,6,3,2,2,6,7,5,5,7,4,4,5,2,1,1,3,4,4,4,4,3,4,6,5,6,6,6,7,7,4,7,6,7,7,7,6,6,6,1,1,7,7,1,2,1,2,1,6,1,1,7,6,5,1,6,7,5,3,4,2,6,4,7,4,7,5,7,7,5,3,7,6
1625,4,1,4,243,243,2,1,8,12,0,2,8,8,3,4,2,8,2,4,4,6,3,5,6,4,5,4,2,1,2,2,2,2,2,1,1,2,1,1,2,1,1,1,7,6,2,3,7,10,6,6,7,4,8,7,7,10,8,2,8,8,5,5,6,4,6,3,6,4,6,7,4,5,3,6,5,4,4,8,7,4,4,3,5,7,3,5,6,6,7,6,5,6,7,6,3,6,5,4,4,6,5,4,4,7,5,3,6,6,8,9,3,5,4,6,4,7,6,5,4,6,6,4,4,5,3,5,4,7,4,5,5,3,4,6,5,6
1626,4,2,4,243,243,3,3,4,12,0,2,5,2,5,5,1,5,2,1,1,3,4,4,5,4,5,4,2,2,2,2,2,1,2,1,2,2,2,2,2,1,2,2,5,4,5,4,5,6,3,2,7,5,5,4,7,5,5,7,5,5,5,7,6,5,5,4,4,4,6,5,4,5,6,5,4,4,1,1,1,5,5,3,4,2,5,5,6,5,5,5,5,4,7,1,7,6,5,5,5,5,2,5,1,1,6,4,1,1,3,5,1,4,1,1,2,2,4,4,5,1,3,6,1,2,1,5,6,7,7,5,6,7,5,5,4,6
1627,4,2,1,131,131,1,1,8,8,0,3,6,6,9,5,1,5,2,2,7,7,7,6,7,7,7,7,1,1,1,2,1,1,2,2,1,1,1,1,1,2,2,1,4,3,8,9,3,2,3,3,3,2,3,3,3,2,2,9,3,2,5,6,4,6,5,2,2,2,5,6,6,2,6,2,3,2,2,9,10,4,4,6,4,3,5,4,4,5,4,6,7,7,7,7,7,7,7,7,7,7,7,7,7,2,5,6,2,2,6,5,1,1,1,1,2,6,4,6,1,3,1,3,6,3,7,6,2,6,4,6,6,6,6,5,6,6
1628,4,1,4,243,243,3,1,6,1,4,4,8,7,2,5,1,6,2,2,4,1,4,4,5,4,7,1,1,2,1,1,2,1,1,1,2,1,1,1,2,1,2,1,3,2,4,4,6,5,7,3,6,8,8,7,7,8,8,8,6,8,5,6,6,6,5,6,5,5,7,7,6,5,5,6,5,6,6,8,8,6,4,6,6,5,4,4,6,7,7,6,6,6,7,5,6,6,6,6,6,6,3,7,1,1,6,3,1,1,1,7,1,1,1,1,5,5,5,5,5,5,6,6,3,4,4,7,6,7,7,5,7,7,7,6,4,6
1629,4,2,3,243,243,3,1,7,12,1,5,6,6,7,7,8,7,2,3,5,5,5,5,5,2,5,5,1,2,2,2,2,2,2,2,2,2,2,2,1,2,2,1,7,8,4,4,7,7,7,9,8,7,7,7,9,7,8,4,8,7,5,6,5,6,5,5,5,6,5,5,5,5,5,5,6,6,6,6,7,5,5,5,6,5,5,5,6,5,6,6,4,6,5,5,5,4,5,5,5,5,4,4,3,6,5,5,5,5,8,6,5,4,5,5,5,5,4,5,3,6,5,6,5,6,6,4,4,3,6,5,6,3,5,6,2,6
1630,4,2,5,243,243,4,1,6,1,0,5,6,4,3,3,1,7,2,2,1,1,4,1,3,2,1,6,2,2,1,1,2,1,2,2,1,2,2,2,2,1,2,2,4,5,5,4,10,7,5,5,9,6,6,3,1,1,1,1,2,7,5,6,6,3,4,5,1,2,1,1,1,2,2,3,1,2,1,10,10,2,6,2,2,2,5,6,4,5,5,3,5,5,7,4,7,6,5,5,5,3,5,6,1,2,6,4,1,2,2,6,1,4,3,2,5,6,6,1,4,6,5,6,2,1,1,7,7,5,5,6,7,4,5,2,5,6
1631,4,2,2,243,243,2,1,8,12,2,5,8,10,2,7,1,8,2,3,5,1,5,5,3,1,3,5,1,2,2,2,2,2,2,2,1,1,1,2,1,2,2,2,7,3,3,2,10,5,2,2,7,1,2,2,3,2,3,6,2,6,5,6,5,6,6,5,3,5,5,5,5,5,6,4,5,5,1,3,4,6,4,6,5,5,4,5,5,7,6,5,7,6,7,4,7,7,5,7,7,7,7,7,1,1,6,4,1,1,2,2,1,5,1,1,7,7,2,1,7,7,4,5,1,1,6,5,5,5,5,7,7,7,5,5,2,6
1632,4,1,1,243,243,1,1,3,3,-1,2,8,7,3,1,3,1,1,4,6,6,5,6,5,6,5,5,1,1,1,1,1,1,2,1,1,1,2,2,2,2,2,2,7,4,3,3,8,7,8,7,9,7,8,8,8,8,8,4,7,7,5,5,6,3,7,6,6,6,6,6,7,7,6,7,7,6,5,8,6,7,7,7,6,6,5,6,7,7,6,6,7,5,6,6,6,6,7,5,6,6,7,5,6,7,5,7,6,7,8,6,2,7,6,6,5,6,7,6,4,6,6,4,6,5,5,6,6,7,7,7,7,7,7,6,7,6
1633,4,2,2,243,243,3,1,6,12,0,6,8,8,8,8,8,3,2,2,5,4,3,6,4,1,4,5,1,1,1,1,1,1,2,1,1,1,1,1,1,2,2,1,7,6,5,4,7,7,10,8,8,7,7,8,8,8,6,4,8,7,5,6,5,6,4,5,5,5,5,5,6,6,5,6,6,6,5,5,4,2,6,1,6,2,6,5,6,5,6,7,6,6,6,6,4,5,4,6,7,6,6,4,4,6,5,4,6,4,7,7,4,6,6,5,6,6,6,5,6,6,6,6,5,5,6,5,6,6,5,6,4,5,3,4,3,6
1634,4,1,1,243,243,3,1,10,7,3,5,8,7,7,7,6,8,3,3,4,4,2,4,5,6,2,4,1,1,1,1,2,1,2,2,1,1,2,2,2,2,1,2,3,6,7,3,2,8,5,4,4,6,6,3,5,8,5,5,7,4,5,1,3,4,4,4,3,5,3,7,4,4,2,2,6,7,5,3,6,1,4,5,4,2,3,3,5,2,6,3,3,6,4,1,4,1,7,4,3,1,5,1,3,7,4,4,6,4,3,8,4,7,5,3,5,6,3,6,6,4,5,3,3,2,3,4,4,6,4,1,4,7,5,4,2,6
1635,4,2,2,243,243,1,1,3,2,-3,5,10,10,1,10,1,2,2,2,1,1,2,7,2,1,1,5,1,1,1,1,1,2,1,2,1,1,1,1,1,1,2,1,8,10,7,4,10,10,7,6,9,8,4,5,4,1,1,5,10,7,5,7,5,5,7,2,3,5,5,5,5,6,7,6,1,4,1,3,3,5,3,7,6,5,5,5,6,6,4,6,7,7,7,6,7,7,7,7,7,6,6,7,1,1,6,3,1,1,5,6,1,1,1,1,5,5,1,3,5,7,4,6,1,1,4,5,7,4,7,5,7,7,5,2,1,6
1636,4,1,3,243,110,2,1,8,2,0,5,7,7,2,5,3,6,2,2,4,4,4,4,5,5,5,4,2,2,2,1,1,2,1,1,2,2,2,1,2,1,2,2,4,5,5,6,6,6,7,6,6,7,6,7,6,7,7,5,7,6,5,7,3,5,5,3,5,5,5,4,5,5,5,5,5,5,4,2,3,4,5,4,4,5,4,5,6,4,4,5,6,6,6,6,6,7,6,6,7,5,6,5,2,6,5,6,2,3,7,8,5,5,6,5,3,5,5,6,3,2,3,6,4,3,2,5,5,6,6,6,6,5,5,6,6,6
1637,4,1,3,243,243,3,1,5,12,1,2,6,6,5,8,7,8,2,4,4,3,2,3,4,4,4,2,1,1,2,1,2,2,1,1,1,2,2,1,1,1,2,2,8,6,2,4,8,7,6,7,8,8,8,7,9,8,6,5,8,6,5,6,5,4,4,5,5,6,3,5,5,4,3,6,6,6,3,7,10,5,5,3,4,3,6,5,6,6,5,6,5,7,4,2,6,5,4,2,3,7,4,6,5,2,7,3,1,1,7,8,4,2,1,1,4,5,4,7,3,5,5,5,4,5,7,4,2,3,3,7,4,5,5,3,4,6
1638,4,1,2,243,243,3,1,5,12,1,5,9,9,2,8,2,5,2,2,3,5,2,3,5,4,3,3,1,1,1,1,2,1,1,1,1,2,1,2,2,1,1,1,8,6,4,3,6,8,7,9,9,8,9,9,9,8,9,4,6,10,5,6,5,6,6,6,6,6,6,6,6,6,6,6,6,6,6,8,8,6,6,6,6,6,6,6,6,6,6,6,6,5,6,7,6,6,6,6,6,5,6,4,4,4,6,6,6,7,7,8,4,2,4,2,6,7,4,4,5,6,6,6,7,6,5,6,6,4,5,4,5,5,2,6,6,6
1639,4,2,2,243,243,2,1,3,11,0,4,8,8,1,6,1,7,2,2,4,1,3,7,4,5,2,5,2,1,1,1,1,2,2,1,1,1,2,2,2,2,2,2,3,2,8,8,10,10,6,4,5,4,4,2,3,2,2,2,1,4,5,7,7,6,5,4,5,5,4,5,3,5,4,5,4,3,1,5,10,4,5,4,5,4,4,6,7,7,4,7,6,7,7,6,7,7,5,7,7,4,1,7,1,1,7,6,1,1,1,1,1,1,1,1,7,6,1,1,7,5,7,7,1,1,1,7,7,7,6,6,7,7,6,4,5,6
1640,4,2,5,243,243,2,1,2,2,-4,2,7,7,1,6,1,2,2,2,2,1,1,7,2,6,5,4,2,2,1,1,1,1,1,1,1,2,2,2,1,2,1,1,5,5,9,9,10,9,8,7,10,5,7,7,7,3,5,7,10,7,5,7,6,6,7,1,3,5,6,5,5,7,7,6,6,5,2,2,2,7,4,6,4,6,3,3,4,4,6,4,7,1,6,1,7,6,7,7,7,7,1,7,1,1,7,3,1,1,7,4,1,1,1,1,4,2,1,1,3,5,1,6,1,1,1,6,5,2,3,6,7,7,4,3,4,6
1641,4,2,4,243,243,2,6,6,1,2,2,8,10,3,8,2,5,2,2,1,3,1,5,5,1,5,5,1,1,1,1,1,1,2,2,1,1,1,1,2,2,1,2,6,7,3,3,9,8,8,8,7,9,8,7,7,7,9,2,8,9,5,5,5,6,7,5,3,4,6,7,3,5,7,5,5,6,2,7,6,5,6,5,6,5,5,5,5,5,5,6,7,5,6,6,6,6,6,6,7,7,7,7,1,2,7,4,1,1,7,8,1,4,1,1,5,4,4,3,6,6,1,6,1,1,3,7,7,3,7,7,7,7,7,4,7,6
1642,4,1,5,243,243,2,1,7,12,0,4,6,8,2,6,1,7,1,3,4,4,5,4,4,2,5,2,1,2,1,1,2,2,1,1,1,1,1,2,1,2,1,1,6,2,8,6,10,7,5,5,10,4,3,2,7,7,6,9,5,4,5,6,7,5,4,5,3,2,5,7,6,5,5,5,5,5,2,1,1,4,6,6,4,2,6,6,7,6,6,5,6,6,6,4,6,6,6,6,6,7,7,6,1,1,7,7,1,1,1,6,1,1,2,1,5,4,3,1,5,5,4,4,1,1,1,7,7,7,7,4,7,7,7,5,5,5
1643,4,1,3,243,243,3,1,7,2,-2,4,9,8,4,9,7,6,2,2,5,3,4,5,4,2,4,5,1,1,2,2,1,1,1,1,2,1,1,2,2,1,2,1,5,4,5,3,10,9,6,7,7,8,8,7,6,5,5,3,6,7,5,5,5,6,4,5,5,5,5,4,5,5,4,5,5,5,4,6,6,5,5,4,3,4,6,6,6,5,5,4,6,6,6,4,6,5,5,5,6,6,6,6,2,4,7,5,2,3,6,2,3,3,2,1,4,4,3,4,4,4,4,3,3,4,4,4,5,5,4,5,5,5,5,5,5,5
1644,4,2,5,243,243,1,1,6,12,0,2,8,7,1,6,1,4,2,2,2,3,3,3,3,5,5,3,1,1,1,1,2,1,1,2,1,1,1,1,2,1,2,2,1,1,8,8,6,3,5,5,5,5,5,5,5,6,5,6,6,4,5,5,5,5,5,5,4,4,4,3,4,4,4,4,4,4,1,1,1,6,3,6,4,4,5,5,6,6,7,5,7,6,6,6,6,6,7,7,7,7,5,5,3,1,7,5,1,1,2,2,1,1,1,1,4,4,4,4,4,4,5,5,5,3,5,5,5,5,5,5,5,4,5,5,5,5
1645,4,1,2,243,243,3,1,8,2,3,5,8,8,2,8,2,9,2,4,2,6,7,1,1,2,5,6,1,1,1,1,1,1,1,1,1,1,1,1,2,1,2,1,8,3,3,3,7,2,2,2,8,8,9,2,9,2,8,3,3,3,5,6,6,7,5,6,3,2,2,6,2,2,6,1,2,6,2,8,9,6,2,6,6,2,6,2,6,2,2,2,6,2,6,6,1,7,6,6,6,6,2,7,6,6,7,6,2,2,8,7,5,6,6,2,7,7,6,2,6,7,3,3,6,2,6,7,7,7,2,7,7,5,7,5,7,5
1646,4,2,1,243,243,2,1,6,12,0,2,8,8,1,6,1,7,2,2,4,1,5,5,4,1,2,5,2,2,2,2,1,2,2,2,1,2,2,1,2,2,2,2,5,5,7,3,10,9,7,5,8,5,5,8,5,5,6,6,5,6,5,5,5,5,5,4,4,4,4,4,4,4,4,4,4,4,4,1,1,4,4,4,4,4,4,4,4,4,4,4,7,7,7,7,7,7,7,7,7,7,7,7,1,1,7,7,1,1,5,10,1,1,1,1,6,4,4,4,6,7,7,1,1,1,1,5,5,7,7,5,7,5,5,4,7,5
1647,4,2,1,243,243,2,1,6,2,-1,5,10,10,1,6,2,4,2,2,3,2,1,6,4,1,2,5,1,1,1,1,1,2,1,1,1,1,1,2,1,1,2,1,6,5,7,3,10,7,4,4,10,2,2,6,3,1,4,8,7,5,5,6,7,5,7,2,4,2,6,5,4,7,7,7,5,5,1,3,3,7,1,7,5,7,4,6,7,6,7,7,7,4,7,6,7,6,7,7,7,7,1,7,1,1,7,2,1,1,1,8,1,1,1,1,1,4,4,1,7,7,5,4,5,5,2,4,5,5,7,4,5,7,5,2,1,5
1648,4,2,3,243,243,3,1,5,1,0,4,7,7,2,6,1,4,2,2,7,1,1,6,5,1,2,5,1,2,1,2,1,2,1,1,1,1,1,2,2,1,2,1,6,7,5,6,10,10,7,6,9,7,9,2,6,4,5,3,9,8,5,7,7,7,6,4,2,2,5,3,3,6,6,5,4,5,1,4,2,2,5,3,5,2,5,5,5,5,5,5,6,5,7,4,7,6,6,7,7,6,5,6,1,2,6,3,1,1,7,5,1,1,1,1,4,3,5,1,5,6,5,6,3,2,4,5,7,5,7,5,7,5,5,4,5,5
1649,4,2,3,243,243,3,1,6,2,0,2,10,10,1,7,2,7,1,1,2,1,3,6,1,4,2,5,2,2,1,1,1,1,1,1,1,1,1,2,2,2,1,1,8,5,6,3,10,9,4,6,7,7,7,3,4,3,5,5,8,6,5,7,6,6,5,5,2,2,4,5,3,6,6,5,2,6,2,8,6,2,6,2,3,2,5,5,7,6,6,5,6,6,7,3,7,7,7,7,7,5,4,7,1,1,7,4,1,1,2,6,1,1,1,1,6,6,1,1,6,7,6,5,4,4,4,5,5,5,5,5,7,5,5,4,5,5
1650,4,1,5,243,243,5,3,2,1,-3,1,10,10,3,9,10,2,2,2,2,1,4,7,6,2,4,4,2,2,2,1,1,1,1,2,2,1,1,1,1,1,1,1,6,4,7,5,10,9,9,7,10,6,6,1,8,8,8,6,5,8,5,6,7,5,7,4,2,2,6,7,5,7,7,5,5,6,4,3,2,5,4,5,5,5,4,5,5,5,6,6,6,6,6,5,7,7,6,6,6,4,3,7,5,1,7,2,1,2,4,4,1,7,1,1,4,6,2,2,6,6,6,7,1,1,2,5,7,7,7,7,7,5,7,7,5,5
1651,4,1,4,243,243,2,2,7,12,0,2,7,7,6,6,7,6,1,2,1,4,4,4,5,6,5,4,2,2,2,2,2,1,2,2,2,2,2,2,1,2,1,2,4,3,8,5,9,7,6,6,8,5,5,6,7,7,7,5,6,7,5,7,7,7,5,4,6,4,6,7,5,6,6,5,6,6,5,1,2,6,5,5,4,5,5,5,6,6,7,6,7,2,5,4,7,7,7,7,7,7,1,2,1,1,7,4,2,1,6,6,1,1,1,1,4,1,1,6,1,7,6,6,2,1,1,7,7,5,7,7,7,7,7,5,7,5
1652,4,1,1,243,243,1,1,2,11,-2,5,1,5,8,3,7,5,2,2,1,3,2,1,7,3,4,5,2,2,2,2,2,2,2,1,2,2,2,2,1,2,2,1,2,1,3,6,10,5,3,10,7,9,1,5,9,10,6,7,10,10,5,6,2,4,6,5,3,4,5,4,3,7,7,7,6,5,5,5,9,7,1,7,4,6,1,5,3,4,5,3,6,4,7,4,5,5,5,5,6,6,6,7,2,1,7,4,1,1,9,1,1,1,1,1,4,5,5,5,5,4,2,5,2,1,1,5,6,7,7,4,5,7,5,6,5,5
1653,4,1,5,243,243,3,3,5,12,1,2,7,6,2,4,4,5,2,2,1,1,2,4,2,1,4,5,1,1,1,1,1,1,1,1,1,1,1,1,1,1,2,1,4,4,8,4,6,5,6,4,7,3,2,4,5,4,5,7,2,3,5,5,5,4,5,4,4,4,3,7,5,4,5,4,4,2,3,1,1,4,4,3,4,3,5,5,6,5,4,6,5,5,5,3,6,6,7,6,6,5,1,2,1,1,6,3,1,1,3,4,1,3,1,1,4,5,4,1,4,6,4,4,4,1,3,7,7,7,5,7,5,7,5,4,5,5
1654,4,1,2,243,243,1,1,6,12,1,5,7,8,5,6,2,6,2,2,5,2,5,5,3,5,4,4,2,2,1,1,2,1,1,2,1,2,1,2,1,1,2,2,5,4,5,6,8,8,5,6,7,5,6,2,7,4,6,5,8,8,5,6,6,6,5,5,4,4,3,5,5,5,5,5,5,5,1,3,9,3,5,3,3,3,5,4,4,4,4,4,6,6,6,6,6,6,5,4,6,5,4,5,1,2,5,6,2,2,6,3,3,2,2,1,5,5,4,2,4,5,6,5,4,3,3,7,5,5,5,5,7,7,5,5,5,5
1655,4,2,4,243,243,3,6,4,1,3,1,8,8,2,6,2,7,2,2,4,4,4,5,5,4,4,4,1,1,1,1,1,1,1,2,1,1,1,1,1,1,2,1,6,3,6,5,9,4,3,2,9,6,6,4,8,6,7,7,2,5,5,6,6,6,4,5,5,5,6,5,6,6,5,7,5,5,1,6,7,2,6,2,3,6,5,5,7,7,7,7,7,7,7,5,7,7,7,7,7,7,7,7,1,1,7,1,1,1,2,10,1,4,1,1,1,1,1,5,1,1,3,4,4,4,4,7,7,7,7,7,7,7,5,7,4,5
1656,4,1,1,243,243,2,1,7,10,-1,5,8,5,6,5,5,6,1,2,5,5,2,3,6,1,2,5,1,1,1,1,2,1,2,2,1,1,1,1,1,1,2,1,3,3,7,4,10,10,5,3,10,8,6,7,8,2,3,5,5,10,5,2,3,4,4,5,5,5,5,4,4,6,6,6,4,5,6,1,1,5,6,4,6,4,5,5,5,5,5,5,5,5,7,2,7,7,7,4,5,6,7,7,1,7,7,7,1,1,7,5,7,7,4,7,4,1,5,7,1,4,6,6,6,2,5,5,7,7,5,5,5,7,7,3,4,5
1657,4,2,5,243,243,4,3,3,1,0,1,8,8,1,7,1,6,2,2,4,1,2,5,1,1,1,5,1,1,1,1,1,2,2,1,1,1,2,1,2,1,2,2,1,2,6,4,4,6,4,4,4,7,3,4,4,4,4,6,4,4,5,6,6,5,5,4,3,4,4,5,4,5,5,4,4,4,3,6,6,4,5,5,5,4,4,4,5,6,6,6,7,7,6,5,7,6,7,7,7,7,2,7,1,7,7,3,7,7,2,4,1,3,1,1,4,7,4,7,6,4,4,3,4,3,4,7,5,5,5,7,7,7,5,4,3,5
1658,4,2,1,243,243,1,3,2,3,0,3,8,6,2,8,3,8,2,4,1,6,3,6,1,4,1,6,1,2,2,1,1,1,1,1,1,2,1,1,2,1,1,2,6,8,4,4,7,7,7,7,7,7,7,6,6,7,7,5,6,7,5,6,6,6,6,6,5,2,5,5,5,5,2,5,5,5,4,7,7,2,2,2,6,6,5,5,5,2,5,6,6,6,6,6,5,6,6,6,6,6,6,5,6,6,6,6,2,6,5,6,4,4,1,1,2,2,2,6,2,2,1,1,4,1,4,5,5,5,5,5,5,5,5,5,5,5
1659,4,2,2,243,243,3,1,4,12,4,2,8,8,6,5,7,8,2,2,5,2,4,4,2,4,1,5,1,1,1,2,2,2,1,2,1,1,1,1,2,2,2,2,5,7,3,4,10,9,6,5,4,3,5,5,6,4,8,3,6,6,5,6,5,5,5,5,6,6,5,6,6,5,5,5,6,3,4,1,1,5,6,6,6,6,4,6,7,6,5,6,7,7,7,4,6,7,7,6,7,7,7,7,1,1,7,3,1,1,3,6,7,3,1,1,5,5,4,1,5,7,5,5,1,1,5,7,4,5,7,5,7,5,5,5,1,5
1660,4,2,5,243,243,3,1,6,1,0,4,10,10,1,8,1,5,1,3,2,1,5,6,5,1,5,5,2,1,1,1,1,1,1,2,1,1,1,1,2,1,2,1,7,6,4,1,10,10,8,5,10,7,8,4,6,4,6,6,8,2,5,7,6,5,4,5,2,2,5,6,6,6,5,6,6,4,1,8,8,4,7,3,3,2,6,5,7,7,7,7,7,6,7,6,7,7,7,7,7,7,5,7,6,1,7,3,1,1,2,8,1,4,1,1,7,7,1,1,7,7,5,6,1,1,5,7,7,7,7,7,7,7,7,4,1,5
1661,4,2,3,243,243,3,1,8,12,2,2,8,8,1,4,1,7,2,3,1,1,5,3,3,2,5,1,2,2,1,1,2,2,1,2,2,1,1,2,1,1,2,1,7,3,8,8,10,8,2,3,8,4,4,4,9,8,7,7,6,4,5,6,6,5,3,5,2,3,5,7,6,5,5,5,3,5,1,3,1,2,6,2,5,1,6,6,7,5,5,6,6,5,5,3,7,6,6,7,7,7,1,7,1,1,7,3,1,1,1,7,1,6,1,1,6,5,5,1,6,7,6,6,4,2,3,5,7,5,7,5,7,7,7,5,5,5
1662,4,2,1,243,243,1,4,4,12,0,3,9,5,4,5,6,2,1,3,3,4,5,5,4,6,3,2,1,1,2,1,1,2,2,1,1,1,1,2,2,2,2,2,9,5,6,4,6,5,6,5,7,5,6,8,4,7,6,4,4,6,5,4,4,4,3,6,5,4,4,2,3,5,3,5,4,7,1,2,4,6,5,6,4,2,5,4,6,2,4,6,5,5,6,3,5,5,4,4,3,6,5,7,2,1,4,2,1,2,6,6,1,6,3,6,5,6,4,5,3,4,5,5,2,1,3,4,7,6,5,1,7,4,4,5,2,5
1663,4,1,2,243,243,2,1,8,12,2,5,10,9,3,9,4,6,2,2,3,4,4,3,5,5,3,3,2,1,1,2,1,1,2,1,1,1,2,1,2,2,2,2,8,8,4,4,8,8,7,8,8,7,7,7,8,8,7,4,8,8,5,5,5,6,6,5,6,5,6,5,5,5,5,5,5,5,5,8,8,5,4,5,6,5,6,6,5,5,5,5,5,6,5,5,6,6,5,5,6,5,5,5,5,5,4,5,5,5,8,8,5,5,5,6,5,4,5,4,5,4,5,4,5,5,4,5,3,3,4,4,5,5,5,5,4,5
1664,4,1,2,3,4,3,1,5,10,1,1,6,7,6,6,7,6,3,3,2,4,2,3,5,4,6,6,2,2,2,1,1,1,2,2,2,1,2,1,1,1,2,2,7,8,5,4,6,6,7,8,7,7,7,7,7,7,7,4,9,8,5,6,5,5,6,6,5,5,6,6,6,6,6,6,7,6,6,7,6,6,6,6,7,6,7,5,5,7,6,5,6,5,6,6,6,5,6,6,6,5,5,4,6,5,5,6,6,6,6,8,3,4,4,4,4,2,4,2,4,2,5,7,6,6,5,5,5,3,5,5,7,5,5,7,4,5
1665,4,1,3,243,243,3,1,7,2,-2,6,8,7,6,8,8,8,1,2,5,6,5,3,6,5,4,5,2,1,2,1,1,2,1,2,2,1,2,1,1,2,2,1,7,8,3,4,8,7,8,8,7,7,8,7,8,8,7,4,9,7,5,5,6,4,4,5,6,5,5,5,4,5,6,5,4,4,5,7,8,5,5,4,5,4,5,5,5,4,6,4,5,4,3,6,4,5,5,5,6,6,4,6,5,1,7,4,1,1,6,8,5,3,4,4,4,5,5,6,5,5,4,5,4,4,5,4,4,6,6,3,4,5,4,3,4,5
1666,4,2,2,243,243,3,1,8,10,0,5,8,6,7,8,5,7,2,3,6,6,5,4,5,7,5,6,1,2,1,1,1,1,1,2,1,1,1,2,1,2,1,1,8,8,4,4,6,8,7,7,7,7,6,6,7,8,7,5,6,6,5,6,6,5,6,5,7,6,5,6,6,5,6,6,7,6,6,7,7,5,5,6,5,6,7,6,6,6,7,6,6,6,6,5,6,7,7,5,6,6,6,6,7,5,7,5,6,7,9,7,4,5,5,4,6,6,5,6,4,4,3,2,6,2,5,5,5,7,5,7,5,7,7,5,5,5
1667,4,1,1,243,243,1,1,1,1,2,1,7,8,7,8,5,10,2,2,2,3,4,3,6,3,5,2,1,2,1,2,1,1,1,2,2,2,1,2,2,1,1,2,8,8,3,3,8,7,8,8,8,8,8,8,8,7,7,3,7,8,5,2,2,4,6,1,7,1,3,1,5,6,5,2,4,1,4,8,8,4,4,2,4,3,5,3,5,1,4,4,5,1,3,4,3,4,3,3,2,5,6,6,1,3,5,3,2,2,8,9,3,5,6,3,4,4,4,2,4,2,5,3,4,4,5,5,3,1,6,2,3,3,4,4,5,5
1668,4,2,1,243,243,1,1,8,12,1,4,5,6,6,5,5,6,2,2,3,1,3,1,3,3,3,3,1,1,1,1,1,2,2,1,1,1,2,1,1,1,2,1,4,7,6,7,6,4,6,7,6,6,4,4,6,5,4,6,5,5,5,6,6,2,4,5,5,5,5,5,6,6,5,4,5,6,5,4,7,5,5,6,3,4,5,6,6,3,3,5,4,5,6,6,6,6,5,6,6,4,4,6,3,5,4,6,3,3,4,7,5,6,4,4,4,5,4,6,5,5,4,5,5,3,4,5,5,5,5,5,5,5,6,5,6,5
1669,4,1,1,243,243,2,1,6,12,0,3,10,8,8,10,7,4,2,2,5,6,4,4,4,4,5,5,2,2,1,1,2,2,1,1,1,2,2,2,1,1,2,1,8,9,3,4,8,9,9,8,8,9,8,7,7,8,7,4,7,8,5,6,5,6,5,5,6,6,5,6,5,6,6,5,6,5,6,9,8,6,6,5,5,6,5,6,5,6,6,5,5,6,6,5,6,5,5,5,6,7,7,7,7,7,7,7,7,7,10,8,7,6,6,6,6,7,6,6,6,5,5,5,6,7,6,5,7,5,4,7,5,5,5,5,7,5
1670,4,1,4,243,243,2,1,5,1,0,2,8,7,7,6,7,6,2,2,4,6,3,6,3,5,4,4,2,1,1,1,1,2,1,2,1,2,2,1,1,2,1,2,7,8,4,3,8,8,8,8,8,8,7,8,8,8,8,3,8,8,5,4,5,5,3,3,3,3,4,4,4,4,4,4,4,5,3,4,6,4,4,4,5,4,4,4,5,5,5,5,5,5,4,5,5,6,6,5,5,5,5,4,4,3,4,4,1,4,8,8,2,2,2,3,4,4,4,4,4,4,3,3,3,3,3,5,5,5,5,5,5,5,5,5,5,5
1671,4,1,2,243,243,3,1,7,2,0,6,7,7,8,7,8,7,2,2,6,5,4,6,4,5,5,6,2,1,1,2,2,2,1,1,2,1,1,1,2,1,1,2,9,8,3,3,8,8,7,8,8,7,9,8,8,8,7,3,8,7,5,5,5,5,4,5,6,6,6,5,6,6,5,5,5,6,6,8,8,6,5,6,5,5,4,6,5,6,6,6,5,7,6,6,6,5,6,5,6,5,6,5,4,5,4,6,5,6,8,8,5,6,5,6,6,6,4,6,7,6,5,4,4,6,5,4,3,5,5,5,5,3,5,6,3,5
1672,4,1,4,243,243,3,1,3,12,0,2,10,10,1,8,6,3,2,2,5,1,2,7,7,3,1,5,1,1,1,1,2,1,1,2,1,1,1,1,1,1,2,1,6,5,4,1,10,10,7,5,10,4,7,2,1,1,3,5,10,5,5,7,7,7,5,5,1,4,4,4,3,5,5,5,4,4,1,1,1,1,7,1,6,1,7,7,7,7,7,7,7,5,7,5,7,7,7,7,7,6,5,7,1,1,7,4,1,1,1,10,1,5,1,1,7,7,4,1,7,7,1,1,7,4,4,7,7,7,7,7,7,7,7,7,7,5
1673,4,2,5,243,243,3,5,5,2,0,2,6,5,4,5,1,7,2,2,1,1,1,5,6,1,4,4,2,2,1,2,1,1,2,2,2,2,1,1,2,1,2,2,5,3,5,5,6,6,6,5,7,3,5,2,4,5,4,6,5,5,5,6,5,5,5,4,2,3,5,4,5,2,5,3,1,1,1,6,7,3,6,3,3,3,6,6,6,6,3,6,7,7,7,3,7,7,6,7,7,7,6,7,1,1,7,5,1,1,4,4,1,3,3,3,6,6,6,1,5,6,4,5,6,4,4,7,5,7,5,5,7,5,7,3,5,5
1674,4,2,1,243,243,1,1,6,12,0,5,7,6,5,7,7,6,2,4,3,4,3,4,3,3,3,4,1,1,1,1,1,1,1,2,1,1,1,1,1,1,2,2,7,7,5,5,7,6,7,7,6,7,8,7,7,7,7,4,7,6,5,4,4,3,4,4,5,3,5,4,5,4,5,5,5,5,5,6,7,5,5,4,5,5,4,5,5,5,5,4,4,4,5,5,4,5,4,4,4,5,4,5,5,4,5,5,1,2,7,7,4,4,4,4,4,4,5,4,4,5,5,5,4,3,3,3,4,5,4,4,4,4,4,4,4,5
1675,4,2,4,243,243,3,3,8,1,3,3,8,7,2,5,3,7,2,2,2,1,5,3,6,6,2,4,1,2,1,1,1,1,1,1,1,1,1,1,1,1,2,1,7,7,7,3,9,6,4,5,7,8,5,5,5,4,8,6,6,6,5,5,5,5,5,5,4,3,5,6,6,5,5,5,5,5,2,8,8,5,3,6,3,3,4,5,6,6,6,5,7,7,7,5,7,7,7,7,7,7,6,7,2,2,7,3,2,2,4,8,2,4,2,2,5,5,5,2,5,5,5,5,3,2,5,5,5,5,7,7,7,7,5,5,5,5
1676,4,2,3,178,243,3,1,4,2,0,4,10,10,1,10,3,1,2,1,2,5,3,5,4,2,5,3,1,1,1,1,2,1,1,1,1,1,2,1,1,1,2,2,10,9,8,5,5,5,6,6,6,6,6,6,7,6,7,5,6,6,5,6,6,5,6,4,5,4,4,5,4,3,3,3,3,6,5,5,5,7,5,4,5,4,4,3,5,5,6,6,7,7,7,2,7,5,7,7,7,4,4,4,1,1,4,4,1,2,5,5,4,4,3,4,4,4,3,3,5,4,4,5,5,4,4,3,4,4,5,4,5,3,4,5,3,5
1677,4,1,3,243,243,3,1,7,1,3,4,2,2,6,1,1,9,2,2,1,1,5,1,1,3,6,2,1,1,1,1,2,2,1,1,2,2,1,2,2,1,2,2,2,1,10,5,10,7,4,2,1,6,6,3,3,2,6,7,8,8,5,7,6,7,2,7,5,6,5,7,6,5,1,5,5,6,1,3,1,1,7,1,1,1,7,7,6,7,7,6,6,4,7,2,7,7,6,7,6,4,1,7,1,1,6,4,1,1,1,10,1,1,1,1,6,7,4,1,3,7,6,4,1,1,1,6,7,7,7,6,7,6,7,3,7,5
1678,4,2,1,180,180,3,2,5,2,1,2,2,7,5,5,4,3,1,2,4,1,2,4,3,4,4,4,1,2,1,1,1,2,1,2,2,1,2,2,1,2,1,2,6,7,5,6,6,5,6,6,6,9,6,4,6,5,6,6,7,5,5,6,6,6,6,6,6,6,6,6,6,6,6,5,5,6,6,5,7,2,7,7,7,7,7,7,7,7,6,7,5,6,6,6,6,6,6,1,1,7,1,3,4,4,4,2,1,4,9,6,4,6,7,6,1,1,1,1,1,1,4,4,6,7,4,5,6,6,6,6,6,6,6,6,2,5
1679,4,2,1,243,243,2,1,5,12,0,4,10,8,2,6,1,5,2,2,5,5,6,7,4,1,5,4,1,1,1,1,1,1,1,1,1,1,1,1,2,2,2,1,2,4,6,5,10,7,8,7,7,5,7,5,5,5,7,6,9,5,5,6,6,6,6,5,4,2,4,5,5,5,5,5,5,4,2,1,2,2,6,3,5,3,5,6,6,3,4,7,6,7,7,3,7,7,5,7,6,7,6,7,1,1,7,5,1,1,5,2,1,1,1,4,5,2,5,2,1,5,6,6,5,4,5,7,5,4,7,7,7,7,5,7,7,5
1680,4,2,2,204,204,3,1,6,12,0,5,9,9,4,7,2,6,2,2,5,6,5,6,1,4,1,4,1,1,1,1,1,1,1,1,1,1,1,1,1,1,2,1,4,3,5,4,8,9,4,4,8,2,4,6,2,2,1,4,3,3,5,6,5,5,5,5,2,2,3,3,3,3,5,6,3,5,3,3,5,3,3,2,2,2,5,5,5,2,4,5,7,7,6,6,7,6,6,6,6,6,5,6,1,1,6,4,1,2,2,7,1,1,1,1,3,4,5,5,2,5,4,6,2,1,3,4,7,5,7,5,7,7,5,5,5,5
1681,4,2,3,243,243,3,1,7,3,0,3,10,10,6,9,6,5,2,2,4,4,4,4,3,1,3,5,1,1,1,1,1,1,2,1,1,2,1,2,1,2,2,1,8,8,3,3,7,6,8,8,8,9,8,8,9,9,10,3,8,8,5,6,7,5,7,4,4,4,4,4,4,4,6,5,4,4,4,8,8,4,4,5,4,4,6,6,4,6,6,6,4,5,7,5,5,3,5,6,4,6,7,7,4,1,6,2,1,1,8,9,3,3,1,3,4,4,4,3,4,4,1,1,6,1,6,4,5,5,5,4,7,4,4,4,4,5
1682,4,2,3,243,243,2,1,6,12,-1,3,7,8,3,6,1,6,2,2,5,4,5,5,2,2,3,4,1,2,1,1,1,1,1,2,1,1,1,1,1,2,2,1,4,4,6,5,10,5,6,5,6,6,5,5,6,6,5,6,5,6,5,6,7,6,5,6,6,5,5,5,6,5,5,5,4,5,4,1,3,6,3,5,4,4,4,6,5,6,6,6,5,6,7,4,7,6,6,6,5,5,6,7,1,1,6,7,1,4,7,5,1,7,4,1,5,5,6,6,5,6,4,4,3,3,3,4,5,5,5,5,5,7,5,5,5,5
1683,4,2,2,243,243,2,1,7,10,0,5,8,9,4,7,4,3,2,1,5,5,3,6,5,4,2,4,1,1,1,1,1,2,1,2,1,1,1,1,1,2,2,1,4,6,7,5,7,7,9,8,7,7,6,7,4,3,4,3,3,7,5,7,5,5,5,4,2,1,3,5,2,6,5,4,6,5,2,5,5,5,3,6,3,4,2,5,6,6,6,7,7,6,7,4,7,6,7,6,7,7,7,6,5,1,7,4,1,1,5,4,3,4,5,4,3,3,5,2,4,5,6,6,1,1,1,4,5,4,6,6,7,5,5,4,5,5
1684,4,1,3,243,243,3,1,7,10,-2,5,9,10,2,8,7,4,2,2,2,6,5,7,2,2,1,5,1,1,1,2,1,1,1,1,1,2,1,2,2,1,2,2,6,7,2,1,10,8,7,2,10,8,5,10,4,3,3,3,4,4,5,7,6,7,6,5,5,2,5,2,3,7,6,6,5,5,1,1,1,5,3,5,2,2,6,6,7,7,7,6,7,6,7,7,7,7,7,7,6,6,3,7,5,1,6,3,1,2,1,2,4,2,2,1,7,7,7,1,6,7,6,2,7,6,6,7,7,3,7,5,7,3,7,5,2,5
1685,4,1,5,243,243,2,1,8,9,-3,4,7,7,3,4,1,7,2,2,2,1,5,2,2,2,1,6,1,2,2,1,1,1,1,1,1,2,1,1,1,2,2,2,4,6,7,7,9,8,5,3,5,8,3,4,3,2,2,3,2,9,5,6,5,6,4,4,1,2,3,4,2,3,5,4,4,4,1,4,5,5,4,5,5,5,3,6,5,6,5,5,7,7,7,4,6,7,6,7,7,7,7,7,1,1,6,4,1,1,3,5,1,4,1,1,5,5,5,5,5,5,3,4,5,3,5,7,7,5,5,4,7,5,7,5,4,5
1686,4,2,5,243,243,3,6,5,1,-1,2,10,8,3,7,3,4,1,2,4,4,4,6,4,1,3,4,1,1,1,1,1,1,1,1,1,1,1,1,1,1,1,2,7,7,7,8,7,7,6,4,8,5,6,5,6,4,6,7,6,7,5,7,7,7,5,5,2,4,5,7,7,6,6,6,5,5,4,6,6,7,3,7,5,5,3,2,7,4,3,6,7,6,7,5,7,6,6,7,7,4,6,6,1,1,6,6,1,1,5,4,1,7,1,1,4,4,3,2,5,6,2,6,2,2,1,7,7,7,7,7,7,7,5,5,5,5
1687,4,2,4,243,243,2,3,7,12,0,4,8,8,3,5,3,4,2,2,4,2,1,5,6,3,2,5,1,1,2,2,1,2,1,1,1,2,1,1,2,2,2,2,4,5,5,6,10,7,7,6,8,3,4,4,4,3,3,5,9,5,5,4,5,4,5,3,3,3,4,4,4,5,5,5,4,4,1,2,2,3,3,3,4,4,4,4,7,7,7,6,7,7,7,4,7,6,6,5,6,6,6,6,2,1,7,4,1,1,2,10,3,5,3,2,6,4,7,1,7,7,6,7,4,4,5,5,5,5,7,5,7,7,7,4,4,5
1688,4,2,2,244,244,3,3,5,9,-3,2,6,6,5,4,8,7,2,2,5,1,3,4,3,2,2,3,1,1,1,1,1,2,1,1,1,1,1,1,1,1,2,1,4,5,3,3,10,6,7,8,8,4,7,5,6,5,5,3,6,7,5,7,5,5,5,4,3,4,4,5,2,5,4,6,5,5,1,1,1,7,5,6,5,5,4,5,7,3,5,7,6,6,6,6,6,5,7,7,5,7,5,7,5,1,7,4,1,1,4,6,3,3,1,1,4,2,3,1,5,6,7,5,1,1,2,5,4,3,5,5,5,7,5,5,2,5
1689,4,1,5,243,243,3,2,10,2,0,7,9,10,3,9,3,2,2,3,5,2,1,6,6,1,2,6,1,1,1,1,1,2,1,1,1,2,2,1,1,2,2,2,9,9,4,3,6,9,2,9,9,9,2,8,4,3,3,3,10,10,5,7,6,2,5,6,5,5,6,5,6,4,5,3,5,5,5,2,5,6,3,5,6,3,5,5,6,6,6,6,6,5,7,2,6,2,7,7,6,6,2,7,1,1,6,5,1,1,3,8,6,7,6,3,6,7,4,2,6,7,4,6,5,4,5,5,5,4,5,7,7,5,5,5,5,5
1690,4,2,4,243,243,1,1,3,12,-5,5,10,10,1,10,1,2,2,2,1,1,4,6,6,1,2,6,1,1,1,1,1,1,1,1,1,1,1,1,2,2,1,2,9,10,9,8,10,6,9,9,10,10,5,8,6,3,5,2,9,10,5,7,7,7,7,1,7,1,4,6,3,7,7,6,3,5,3,2,5,7,1,7,5,7,1,2,4,7,2,2,7,7,7,7,7,7,5,7,6,6,7,7,7,1,7,4,1,1,8,1,1,7,7,1,6,6,2,2,6,5,5,6,4,1,1,7,7,1,2,7,7,7,5,5,4,5
1691,4,2,3,81,81,2,1,4,10,-3,5,6,3,2,3,1,6,2,2,6,5,2,5,5,1,2,5,2,2,1,1,1,1,1,1,1,1,2,1,2,1,2,2,6,5,7,6,9,9,9,7,7,9,5,7,6,4,4,3,5,6,5,5,6,3,7,3,3,3,5,3,5,5,6,3,2,2,1,1,1,6,1,6,4,6,3,3,6,6,5,6,5,6,6,3,6,6,6,6,6,7,7,1,1,7,6,6,2,1,8,1,1,1,1,1,4,5,6,1,2,5,4,6,2,1,1,4,7,4,7,7,7,5,5,3,5,5
1692,4,1,5,243,243,1,5,7,10,0,3,7,4,2,2,1,7,1,2,1,1,4,4,4,1,2,6,1,2,1,1,1,1,1,2,1,1,1,1,2,1,2,2,4,6,5,3,10,4,2,2,9,3,2,1,2,1,2,8,9,2,5,6,4,4,4,6,1,1,4,1,3,4,4,4,4,1,1,1,1,3,4,1,2,1,6,6,6,5,6,4,6,6,7,1,7,1,5,7,7,7,6,7,1,1,1,6,1,1,1,6,1,2,1,1,6,6,6,1,6,6,7,7,1,1,2,5,7,7,7,5,7,5,5,5,7,5
1693,4,1,5,243,243,3,1,8,10,4,6,9,7,3,8,2,7,2,2,1,1,5,5,3,2,7,1,1,2,1,1,2,1,1,1,2,2,1,1,1,1,2,1,7,5,4,4,10,3,10,2,9,3,7,7,9,8,10,8,5,7,5,5,5,4,4,5,5,4,7,7,7,5,4,4,4,3,2,1,1,1,2,1,2,2,7,7,5,7,6,5,7,2,7,2,7,7,2,7,7,7,5,7,1,1,7,6,1,1,1,10,7,1,1,1,1,1,5,1,1,2,3,5,1,1,3,5,5,5,7,7,7,5,7,2,5,5
1694,4,2,2,243,243,1,1,6,12,-1,5,8,8,6,6,6,4,2,2,5,2,5,5,4,1,2,6,2,2,1,2,1,1,1,1,1,2,2,2,2,1,2,2,6,5,6,7,10,7,4,3,9,5,5,1,4,3,1,3,6,5,5,7,6,6,5,3,3,4,3,1,2,6,6,5,5,5,1,3,8,4,5,5,5,5,5,5,7,6,2,5,7,7,7,5,7,7,7,7,7,7,7,7,5,1,7,7,1,7,4,1,1,4,5,1,7,5,4,1,5,7,6,6,3,3,3,7,7,2,5,4,7,7,4,4,4,5
1695,4,2,6,243,243,3,1,8,12,2,1,9,10,1,6,1,7,2,2,5,1,5,3,3,1,4,2,2,2,1,1,1,1,1,1,1,2,2,1,2,2,2,2,5,3,8,6,9,8,8,6,5,7,6,3,7,6,6,7,7,7,5,6,6,6,3,6,3,4,5,4,5,6,5,6,4,2,1,1,7,2,6,4,2,2,6,6,6,6,6,6,7,6,7,3,6,6,6,6,6,7,6,7,1,1,7,2,1,1,1,7,1,7,1,1,6,6,6,1,6,6,6,6,1,1,2,7,5,5,7,5,7,7,5,7,4,5
1696,4,2,2,243,106,3,1,5,3,0,5,10,9,2,10,1,2,1,3,1,1,5,5,1,1,1,6,1,1,1,1,1,1,1,1,1,1,1,1,1,2,2,2,10,8,7,3,10,9,2,2,9,4,1,7,2,2,1,2,3,9,5,7,7,4,7,6,6,1,4,6,6,7,5,5,7,4,1,6,6,7,3,7,5,7,2,3,7,7,7,7,7,7,7,7,7,7,7,6,7,6,7,7,4,1,7,4,1,1,2,6,2,4,2,1,1,1,3,1,1,1,1,1,4,1,4,4,4,5,4,5,5,7,4,4,2,5
1697,4,1,3,243,243,3,1,5,1,0,4,8,8,1,3,2,8,2,2,4,2,4,4,5,4,5,5,1,1,1,1,1,1,1,1,1,1,1,1,1,2,2,1,7,5,7,5,9,7,6,7,9,6,6,5,7,7,8,7,2,6,5,6,5,5,5,4,2,4,5,4,6,5,5,5,5,5,2,3,3,5,6,5,5,4,4,4,5,6,6,5,6,7,6,4,7,6,6,7,7,7,4,6,1,1,7,5,2,3,2,8,1,1,1,1,6,6,4,2,6,6,1,7,1,1,3,5,7,5,7,7,7,5,7,4,5,5
1698,4,1,5,243,243,3,1,7,12,0,4,6,7,3,3,1,8,2,2,2,1,5,2,5,1,3,4,2,2,1,1,2,1,1,2,1,2,1,2,1,2,2,1,5,3,8,4,5,4,2,2,9,2,5,1,7,7,3,6,3,5,5,7,7,7,6,5,2,4,6,6,5,6,6,6,6,6,1,2,7,3,7,3,1,1,6,6,7,7,7,7,5,6,7,2,7,7,6,7,7,4,6,7,1,1,6,6,1,1,4,8,1,4,1,1,7,7,7,1,7,7,2,1,6,6,7,7,7,4,7,7,7,7,7,7,7,5
1699,4,1,4,243,243,3,1,8,1,3,4,9,8,8,9,7,8,2,3,5,5,5,4,4,3,5,5,1,1,2,2,1,1,1,2,2,2,2,2,1,2,1,1,8,7,4,4,8,7,7,8,5,5,8,7,6,6,7,5,7,7,5,5,6,5,5,5,6,5,4,5,4,6,6,5,5,4,4,8,7,5,5,4,5,6,4,5,6,4,4,4,6,4,4,5,4,5,4,5,5,5,3,4,4,5,5,4,4,3,8,7,4,4,4,3,4,4,4,5,4,6,3,4,3,3,4,4,5,4,4,5,4,5,5,4,5,5
1700,4,2,4,243,243,3,1,3,1,0,4,10,10,2,6,2,6,1,1,7,5,2,7,5,4,7,7,2,2,2,2,1,2,2,2,2,2,1,2,2,2,2,2,9,6,4,1,9,9,8,6,8,9,9,8,7,8,9,2,8,9,5,6,6,6,5,5,6,5,6,6,6,5,5,5,3,5,2,5,8,5,6,5,6,6,6,6,6,6,6,5,7,7,7,4,7,7,7,7,7,3,2,7,1,4,7,4,1,3,9,8,1,4,1,1,3,6,6,3,6,6,5,4,4,4,2,5,5,5,5,5,5,7,4,5,5,5
1701,4,1,4,243,243,3,1,5,1,0,4,7,6,2,5,1,6,1,2,3,1,4,3,5,1,5,2,2,2,2,1,1,2,1,2,2,2,2,2,1,2,2,1,5,6,4,3,8,7,8,5,8,7,5,3,7,7,7,8,4,6,5,6,6,6,6,3,4,4,5,6,6,5,5,5,5,4,3,6,3,4,5,4,3,3,5,4,6,6,6,5,6,6,6,4,6,6,6,6,6,7,7,7,1,1,7,3,1,1,2,8,1,1,1,1,5,5,5,1,5,5,4,4,4,4,4,5,5,5,5,5,5,5,5,5,5,5
1702,4,1,2,255,243,1,1,7,1,1,5,6,5,3,7,6,7,2,2,6,3,7,6,4,1,5,6,2,2,2,1,1,1,1,1,1,1,1,2,1,1,1,2,4,5,7,7,4,5,5,6,5,5,7,3,5,5,6,6,5,5,5,7,6,6,7,7,5,4,5,3,7,7,7,6,6,7,1,6,7,3,6,4,5,6,5,7,5,4,5,7,7,7,7,6,6,7,7,7,7,7,7,7,7,1,7,1,1,1,6,6,1,1,1,1,3,6,5,6,4,3,1,4,4,4,3,7,7,7,7,7,7,7,7,7,7,5
1703,4,2,3,180,180,1,1,6,2,-3,5,8,6,3,7,2,9,2,2,6,2,6,5,2,4,2,5,1,2,1,2,2,1,1,1,1,1,2,2,2,2,2,1,5,5,4,1,3,10,10,5,10,6,5,10,2,2,2,1,9,5,5,7,7,7,6,6,4,4,4,5,5,4,5,4,3,5,4,3,7,5,5,6,2,4,5,5,4,4,5,5,7,5,7,3,7,7,6,3,7,7,7,7,1,1,5,5,2,2,1,1,2,5,5,4,3,5,4,4,4,7,3,2,4,1,1,7,7,7,7,7,7,7,4,7,5,5
1704,4,1,2,243,243,1,3,6,10,2,2,7,5,6,6,6,6,2,2,4,4,3,5,4,4,5,5,2,2,1,1,2,2,1,1,2,1,1,1,2,2,2,2,5,7,6,6,8,6,7,6,6,5,8,6,7,6,6,6,7,6,5,6,5,5,5,5,4,5,4,6,5,5,4,5,4,5,5,6,6,5,3,4,3,5,4,5,5,6,5,5,6,4,5,4,5,6,5,5,5,4,5,5,4,4,4,5,5,4,6,7,3,3,5,4,4,3,3,5,4,3,1,1,1,1,1,5,4,4,5,4,4,4,4,4,5,5
1705,4,2,3,243,243,3,1,2,12,1,5,10,10,1,8,6,3,2,2,7,6,1,7,6,1,3,4,1,1,1,1,2,1,1,2,1,1,1,1,2,2,2,1,6,6,9,9,10,10,6,6,10,4,4,5,7,3,7,3,9,7,5,6,5,6,6,3,6,4,3,6,2,6,6,5,5,5,5,1,1,7,7,7,7,7,1,1,7,2,5,7,6,5,7,5,7,7,7,7,7,6,2,7,2,1,7,3,1,1,4,2,1,4,1,1,5,7,5,1,7,7,6,6,1,1,1,5,7,1,7,7,7,7,5,7,7,5
1706,4,1,4,243,243,3,1,8,2,-1,2,8,8,9,8,9,9,2,3,5,4,5,5,5,6,6,5,1,1,2,2,2,1,1,1,2,2,2,1,1,1,1,1,8,9,3,2,8,9,9,9,9,9,9,9,8,9,9,2,9,8,5,6,6,6,6,6,6,6,6,6,6,5,6,6,6,3,6,8,8,4,4,6,5,5,5,4,4,5,6,5,4,6,6,6,5,5,5,6,5,6,7,6,4,2,7,4,1,1,8,8,6,6,6,6,3,6,7,6,6,5,6,6,6,6,5,7,5,5,5,5,5,5,5,5,5,5
1707,4,1,5,243,243,3,1,4,12,3,4,10,10,1,7,3,6,2,2,6,5,3,5,2,1,5,5,2,1,1,1,1,1,1,1,1,1,1,2,2,1,2,2,5,7,8,8,10,9,8,3,10,6,9,2,3,2,4,4,9,7,5,6,6,6,5,5,1,2,3,2,5,3,5,2,3,5,1,3,2,6,3,5,2,2,6,6,6,7,7,5,7,7,7,7,7,7,7,7,7,7,6,7,6,1,6,5,1,7,1,1,1,6,1,1,7,7,7,1,7,7,5,5,5,1,1,5,7,7,7,5,7,7,5,5,1,5
1708,4,2,5,243,243,3,2,6,2,3,5,3,4,5,2,2,3,2,2,1,1,2,6,6,2,6,1,2,2,2,2,1,1,1,1,2,2,2,2,2,1,2,2,4,2,7,6,9,9,2,4,9,8,3,3,10,8,5,8,5,5,5,6,6,6,6,5,4,4,6,6,7,5,6,5,6,5,1,2,8,5,4,5,3,5,4,4,6,5,6,5,6,4,6,3,5,4,5,6,7,7,4,7,1,1,7,4,1,1,6,7,1,1,1,1,6,6,2,1,5,6,6,6,1,1,2,5,5,7,5,5,5,7,5,5,4,5
1709,4,1,3,243,243,2,1,9,2,3,7,6,6,7,8,6,10,2,3,6,4,6,5,4,5,5,4,1,2,1,2,1,2,1,2,2,2,1,2,1,1,2,2,7,6,4,4,7,6,7,8,7,7,8,7,8,7,8,3,8,8,5,5,3,5,4,4,4,5,5,5,4,4,5,5,5,6,5,7,7,4,4,4,4,4,4,4,5,4,5,5,5,4,5,4,5,4,5,4,3,7,7,5,2,6,7,5,4,7,7,7,6,6,5,5,6,6,4,6,5,5,5,6,5,6,5,6,5,6,5,5,4,5,5,5,5,5
1710,4,2,3,243,243,1,6,4,12,-3,5,10,10,1,7,3,7,2,2,5,4,1,7,4,1,2,5,2,1,1,1,1,1,1,2,1,1,1,1,1,2,2,1,8,7,7,7,9,10,7,9,10,4,5,3,1,2,1,5,7,7,5,7,7,7,4,5,4,5,7,4,4,7,7,6,5,5,4,1,2,2,1,6,7,4,4,5,7,6,4,7,7,7,7,4,7,7,7,7,7,7,5,7,1,1,7,3,1,1,5,9,6,7,6,3,7,5,3,1,5,7,4,4,4,1,4,7,5,4,5,5,7,7,4,4,4,5
1711,4,1,1,243,243,1,1,6,12,2,3,10,8,2,7,1,7,2,4,2,2,6,1,2,4,4,5,2,2,2,1,2,1,1,2,1,2,1,1,2,2,2,2,8,9,3,1,10,3,1,1,9,5,4,8,3,2,2,9,6,9,5,7,6,7,3,7,3,2,5,5,3,5,2,2,5,1,1,2,2,5,7,5,7,3,6,7,7,5,6,7,7,7,7,6,7,7,7,7,7,7,7,7,7,1,7,5,1,1,7,4,4,1,3,3,7,7,7,1,7,7,1,1,6,6,7,5,7,7,5,5,7,5,5,5,7,5
1712,4,2,4,243,243,4,3,5,12,0,2,7,6,6,6,6,6,2,2,2,2,2,2,2,2,2,2,2,1,1,1,2,1,1,2,1,2,1,1,1,1,1,1,5,6,5,5,6,6,6,6,6,6,6,6,6,6,6,6,6,6,5,5,5,5,6,5,5,5,5,5,5,4,5,5,5,5,5,7,6,5,6,5,5,5,5,6,6,5,5,6,5,5,5,5,5,6,5,5,5,7,7,7,5,6,7,2,1,2,6,6,6,6,5,4,4,5,5,5,5,4,5,4,5,5,5,5,5,5,5,5,5,5,5,5,5,5
1713,4,1,2,243,243,2,1,6,12,0,2,7,7,4,8,3,6,1,3,5,7,2,5,3,2,5,6,1,1,1,1,1,1,1,1,1,2,1,1,1,1,2,1,7,3,5,4,8,9,9,6,10,9,9,6,7,7,7,3,8,7,5,7,6,7,6,5,6,3,5,7,6,7,7,7,7,7,6,2,3,3,3,2,2,2,6,7,7,7,6,7,7,7,7,5,7,7,7,6,7,5,2,7,1,1,7,3,1,1,3,8,1,4,1,1,6,6,2,1,7,6,2,6,3,1,1,7,7,7,7,7,7,7,7,5,2,5
1714,4,2,2,243,243,1,1,6,1,1,6,6,7,2,6,4,7,2,3,1,1,1,3,1,1,1,5,2,1,2,1,1,2,1,1,1,1,2,1,2,2,2,2,7,4,9,5,10,3,4,4,7,6,6,6,3,2,2,5,4,4,5,7,6,7,5,5,2,5,3,3,5,5,4,5,3,4,1,5,5,5,5,5,6,3,4,5,5,2,2,3,7,5,7,2,7,7,7,7,7,6,6,7,1,1,7,4,1,1,2,9,1,4,1,1,6,3,5,1,3,6,6,6,5,1,3,5,5,7,5,5,7,7,5,5,3,5
1715,4,1,5,15,243,3,1,6,1,3,4,8,8,1,6,1,7,2,2,4,1,4,6,4,1,1,5,1,1,1,1,1,1,1,1,1,1,1,1,1,1,1,1,7,2,9,6,10,7,7,5,10,7,5,2,4,1,2,4,2,2,5,7,7,7,5,4,2,4,4,4,3,5,6,3,1,2,1,2,2,5,6,4,5,3,4,5,6,7,7,7,7,7,6,3,7,7,7,7,7,7,7,3,1,1,7,2,1,1,1,8,1,1,1,1,1,1,1,4,1,1,6,6,3,2,2,7,7,7,7,7,7,7,7,7,5,5
1716,4,1,2,243,243,2,1,7,10,0,5,4,8,8,7,8,8,2,2,1,1,7,4,1,1,1,7,2,1,1,2,2,2,1,2,1,2,2,1,1,1,2,1,8,4,5,3,7,7,4,7,4,0,7,8,1,6,8,2,2,6,5,7,7,1,4,7,3,5,1,1,5,5,7,5,4,1,1,1,8,7,1,7,5,5,1,3,5,7,7,5,7,1,7,1,7,7,7,7,7,7,7,7,7,7,6,7,7,7,1,10,6,5,4,4,1,1,1,1,1,1,4,4,4,4,1,5,5,7,7,5,7,5,1,7,7,5
1717,4,1,4,243,243,1,1,5,1,3,6,7,4,3,3,3,5,2,3,5,1,4,5,5,3,5,4,1,2,1,1,2,2,1,1,2,2,1,2,1,2,1,1,4,3,6,4,10,8,7,4,9,6,6,6,3,4,6,5,4,5,5,6,6,6,3,5,1,2,5,6,3,5,4,4,4,5,2,2,6,5,4,3,6,2,6,6,6,5,5,5,6,6,6,5,6,6,6,6,6,6,3,7,1,1,6,3,1,1,8,6,1,1,1,1,6,6,5,1,5,6,6,6,2,1,2,5,4,7,7,5,7,7,5,3,4,5
1718,4,1,3,243,243,1,1,4,12,-1,5,10,10,3,8,4,5,1,2,4,6,2,5,2,2,4,5,2,2,2,1,2,1,1,2,1,2,1,1,1,2,1,1,7,5,5,4,10,7,4,5,6,6,8,4,4,5,7,5,8,7,5,6,5,5,5,5,3,2,4,4,5,3,5,6,4,3,2,3,5,5,5,5,3,3,5,5,7,6,5,5,7,7,7,4,6,6,5,7,7,7,6,7,1,1,6,7,1,1,4,6,1,1,1,1,6,5,4,1,5,7,6,4,3,3,3,5,7,5,7,5,7,7,5,7,4,5
1719,4,1,3,243,243,3,1,6,1,-3,5,8,8,2,5,6,5,2,4,1,1,2,5,3,1,5,1,1,1,1,1,1,1,1,1,1,1,1,1,1,2,2,1,5,7,7,6,7,8,7,7,8,5,5,7,8,6,8,8,5,7,5,6,6,6,6,6,4,3,6,7,6,7,7,6,6,7,2,7,8,7,5,7,5,5,3,4,7,2,5,7,7,7,6,3,6,1,7,7,7,6,7,7,1,7,7,7,1,7,6,7,1,1,1,1,6,6,6,6,6,6,6,7,4,3,3,5,5,5,5,5,5,5,5,5,5,5
1720,4,2,3,243,243,3,1,7,10,3,5,10,9,1,9,4,6,2,4,5,1,6,7,3,1,5,6,2,2,1,1,1,1,2,2,2,2,1,2,1,2,2,2,8,4,4,3,10,8,7,8,10,7,7,7,9,8,8,2,8,7,5,7,7,5,7,3,3,5,5,6,2,7,7,5,5,7,1,1,1,6,1,6,7,6,2,5,7,7,7,7,7,3,7,7,7,7,7,7,7,6,5,7,7,7,7,6,1,1,1,8,1,1,1,1,6,1,3,5,3,1,4,3,6,6,7,4,5,3,7,6,5,7,5,4,2,5
1721,4,1,5,243,243,3,1,5,2,-1,4,9,9,2,9,2,3,1,4,4,1,1,6,5,3,3,4,1,1,1,1,1,1,1,2,1,2,1,1,2,1,2,2,6,7,6,4,10,8,7,6,8,7,7,8,8,8,7,6,9,5,5,6,6,4,4,5,3,3,6,6,5,6,5,5,4,5,1,6,7,6,3,5,3,5,4,3,6,5,7,7,5,4,6,4,7,4,6,7,5,5,2,4,1,1,6,3,1,1,3,9,1,3,1,1,6,6,5,1,7,6,4,7,3,2,1,5,5,5,7,7,7,7,7,4,4,5
1722,4,2,1,243,243,1,6,3,12,0,2,8,9,2,7,1,2,2,3,1,1,3,1,1,5,1,1,1,1,1,1,1,1,2,1,1,1,1,1,2,1,2,2,8,6,4,2,10,7,7,5,7,5,3,7,3,1,1,5,7,5,5,7,6,7,6,4,2,4,4,4,4,6,6,5,1,4,1,1,1,5,2,4,3,4,3,2,5,4,4,5,7,6,7,4,7,7,7,7,7,6,5,7,1,1,7,2,1,1,1,1,1,1,1,1,7,4,1,1,6,7,6,6,2,1,1,5,7,4,4,3,7,7,5,1,5,5
1723,4,1,4,243,243,3,1,7,12,2,4,9,4,1,3,1,8,2,2,2,2,2,1,7,5,6,1,1,2,1,1,1,1,1,2,2,1,2,2,2,1,2,2,8,10,8,1,10,4,4,2,6,2,7,1,10,9,10,9,1,2,5,7,7,2,6,3,1,1,7,7,6,2,6,1,3,5,1,1,1,1,7,1,1,1,7,6,7,7,1,6,4,2,7,1,7,7,2,5,7,5,5,6,1,1,6,3,1,1,1,10,1,1,1,1,7,7,1,1,7,7,7,7,2,1,2,6,7,5,7,7,7,5,5,1,5,5
1724,4,1,5,243,243,5,3,4,12,5,2,10,8,2,8,2,4,2,2,4,4,4,5,2,1,7,1,1,1,1,1,2,1,1,2,2,2,1,1,1,1,2,1,9,6,4,2,10,8,6,3,8,3,6,8,10,9,9,9,6,7,5,6,6,6,6,6,4,4,6,7,7,6,6,5,4,4,4,1,1,3,5,5,5,2,6,6,6,7,7,6,7,7,7,4,5,7,7,7,7,7,6,7,1,2,7,7,1,7,7,10,1,3,2,1,6,7,6,4,6,6,4,6,7,7,1,4,7,7,7,7,5,5,5,7,5,5
1725,4,1,3,243,243,1,2,6,9,-3,5,6,3,1,3,1,7,2,2,7,1,3,4,4,2,1,6,1,2,1,1,2,2,1,2,1,1,1,1,1,2,2,2,5,3,5,3,9,10,8,4,8,7,5,2,2,1,2,2,7,8,5,7,7,3,5,5,4,4,4,4,1,5,5,5,2,4,1,2,5,5,3,2,3,3,6,5,7,5,5,5,7,6,7,4,7,7,7,7,7,6,6,7,1,1,6,4,1,2,2,4,1,1,1,1,5,6,4,1,3,5,6,6,3,3,4,4,7,5,7,4,7,3,5,5,4,5
1726,4,2,3,243,243,2,3,6,12,-4,2,8,8,2,7,2,6,2,2,1,2,4,3,2,6,4,3,1,2,1,1,2,2,1,1,1,1,2,1,1,1,1,2,7,5,8,5,10,6,8,5,8,3,6,3,8,7,8,7,5,6,5,6,6,5,6,4,2,4,6,7,7,6,6,4,5,5,2,1,1,6,5,4,2,3,5,6,6,6,4,6,5,5,7,2,6,7,6,7,7,7,1,7,1,1,7,7,1,1,4,7,1,3,1,1,4,5,2,1,6,7,7,6,2,2,2,7,6,5,6,7,7,7,5,3,5,5
1727,4,2,1,81,81,1,1,6,7,0,5,9,8,1,7,1,7,2,2,2,4,5,5,4,1,1,5,1,1,1,1,1,1,1,1,1,1,1,2,2,1,2,2,7,6,5,5,5,7,4,3,5,7,6,3,2,3,2,5,4,4,5,7,7,6,4,5,3,4,4,1,5,4,5,5,4,4,1,1,1,5,5,5,5,4,3,3,7,3,2,7,7,7,7,4,7,7,7,7,7,7,7,7,1,1,6,3,1,1,1,10,1,1,1,1,3,4,5,1,5,3,6,6,1,1,1,5,7,4,7,5,7,5,7,2,2,5
1728,4,1,5,243,243,1,1,6,1,2,2,6,2,3,5,1,5,1,2,6,1,4,5,2,1,5,2,1,1,1,1,1,1,1,2,2,2,1,2,2,1,1,2,3,2,6,3,10,9,3,1,2,0,8,1,7,8,7,8,1,5,5,7,6,6,3,6,1,6,6,5,5,5,5,2,2,4,1,1,1,2,7,1,2,1,6,6,7,3,2,6,6,7,7,2,7,7,7,7,7,4,2,7,1,1,7,4,1,1,2,5,1,7,1,1,6,6,4,1,6,7,6,6,4,3,2,5,7,7,5,7,7,7,6,3,2,5
1729,4,2,4,243,243,2,3,3,2,-1,2,6,7,2,4,2,4,3,4,4,4,4,4,4,4,4,4,1,1,2,1,1,2,1,1,1,1,1,1,2,1,2,2,6,5,8,5,7,5,5,5,5,3,5,5,5,5,5,6,5,5,5,5,4,4,4,4,3,4,4,4,5,4,4,4,4,4,4,2,1,5,4,5,4,4,4,4,5,4,4,4,6,6,6,4,6,6,6,6,6,6,6,6,1,1,7,2,1,1,5,3,1,1,1,1,4,4,4,4,4,4,5,1,7,1,2,5,5,4,5,5,5,5,5,5,4,5
1730,4,2,3,181,181,3,1,5,2,0,5,10,10,1,8,1,6,2,2,1,1,3,5,4,1,4,5,1,1,1,1,2,1,2,2,1,1,1,1,2,1,2,2,1,3,9,3,8,7,5,5,7,4,4,6,4,3,6,6,7,6,5,7,5,6,6,6,2,2,4,4,1,5,4,2,2,2,1,7,7,2,6,2,2,1,4,5,7,7,6,7,7,7,6,4,6,6,7,7,7,6,7,6,2,6,7,7,1,1,1,9,1,2,1,1,7,7,7,1,7,7,7,6,1,1,2,7,7,7,7,7,7,5,7,5,2,5
1731,4,1,3,243,243,1,1,8,12,0,7,8,5,6,6,7,7,2,3,5,6,5,5,3,5,4,4,1,2,2,2,1,1,2,1,1,2,1,1,2,2,2,1,7,5,4,5,5,5,6,7,4,5,7,7,8,7,7,6,5,6,5,6,5,4,4,5,5,4,5,5,4,4,5,5,5,6,4,5,7,5,5,5,6,4,4,5,5,3,5,4,5,3,5,5,6,4,5,4,5,4,5,6,4,5,5,5,5,5,6,7,4,5,5,5,5,5,5,4,3,4,5,4,5,4,4,4,5,5,6,4,3,5,5,4,5,5
1732,4,1,4,243,243,1,1,7,1,0,4,2,4,1,1,1,6,2,2,1,1,3,2,1,2,1,5,2,2,1,1,1,1,2,1,1,2,2,1,1,2,1,1,2,2,6,5,10,8,1,1,2,2,6,1,2,1,2,3,4,7,5,7,7,6,6,4,2,3,4,2,3,6,6,3,4,7,1,2,5,2,6,1,2,3,5,6,6,4,4,5,5,7,7,3,7,7,6,7,7,3,5,7,1,1,7,2,1,1,4,5,1,3,1,1,5,6,4,1,2,6,6,6,1,1,2,5,5,5,5,4,7,4,7,3,5,5
1733,4,1,3,243,243,3,1,9,2,3,6,10,10,10,10,10,8,2,2,7,6,6,7,7,7,7,6,1,1,1,1,1,1,1,2,1,1,1,1,1,2,1,1,10,9,1,2,10,10,10,9,10,10,10,10,9,9,10,1,9,10,5,7,7,7,6,7,6,6,7,7,7,7,6,6,7,6,7,10,9,7,7,7,6,7,7,7,7,7,7,7,7,7,7,7,7,7,5,7,7,7,7,7,4,1,7,2,1,1,10,9,6,2,6,7,1,3,6,7,1,1,2,1,7,1,7,7,6,7,7,7,7,3,7,7,7,5
1734,4,1,3,243,243,2,1,1,2,4,1,10,10,9,9,9,9,4,3,7,7,6,7,6,6,7,7,2,2,1,1,1,2,2,2,1,1,2,1,2,1,1,2,10,9,1,2,10,10,9,9,10,10,10,10,10,9,9,1,10,8,5,4,6,6,5,7,6,6,7,6,6,6,6,7,7,6,7,10,9,7,7,7,6,7,7,6,3,6,7,7,7,6,7,6,6,7,6,7,7,5,7,6,6,6,5,5,7,7,9,10,7,6,6,7,6,6,5,7,7,7,6,5,7,7,7,7,7,6,7,5,7,7,6,6,7,5
1735,4,2,1,243,243,2,1,7,1,3,6,10,10,3,10,3,4,2,3,2,3,3,5,3,2,2,5,1,1,1,1,2,1,2,2,1,1,1,1,2,1,2,2,7,5,5,4,10,10,3,4,10,3,5,5,2,3,2,4,7,6,5,5,5,6,5,6,2,5,5,5,3,5,6,5,3,6,1,5,3,6,5,5,5,1,3,6,7,7,7,7,7,7,7,7,7,7,7,7,7,6,6,7,1,1,7,2,1,1,2,9,1,3,1,1,7,7,1,1,7,7,6,7,1,1,5,5,5,7,7,7,7,7,5,7,5,5
1736,4,1,3,243,243,1,1,4,12,0,3,5,3,2,2,1,5,2,2,2,2,2,3,2,2,2,5,2,2,2,2,2,2,2,2,1,2,2,2,2,2,2,2,2,3,6,5,9,4,4,4,7,3,5,4,7,4,5,6,2,4,5,6,6,6,5,5,4,4,5,7,5,5,5,5,4,5,3,2,2,3,5,4,3,3,5,5,6,5,5,5,5,5,6,5,5,4,6,6,6,3,4,7,1,1,7,5,1,1,1,2,1,1,1,1,4,4,4,1,2,5,2,6,2,1,2,5,7,5,7,5,5,7,7,7,5,5
1737,4,1,4,243,243,3,1,5,1,1,5,7,5,6,6,4,5,2,2,3,3,3,5,3,4,4,3,2,1,1,2,1,2,1,1,2,1,1,1,1,1,1,2,8,7,5,4,7,6,5,7,5,7,7,6,5,7,5,6,7,8,5,4,4,6,5,4,6,4,5,6,4,4,5,5,5,4,5,4,5,5,5,5,3,4,4,4,5,4,2,5,4,4,5,4,5,4,5,3,4,4,4,4,1,1,3,3,1,7,4,4,3,3,4,5,5,3,6,3,4,5,4,4,3,5,5,4,5,5,4,3,4,5,4,4,5,5
1738,4,1,5,243,243,3,1,6,1,3,6,8,9,1,8,1,8,2,2,1,1,4,6,5,6,5,2,1,1,1,1,1,1,1,1,1,1,1,2,2,1,2,1,4,2,9,3,10,10,7,4,8,7,6,2,8,7,6,7,7,7,5,7,6,7,3,6,2,3,6,4,5,4,5,3,3,3,1,8,9,5,3,5,6,2,6,5,6,7,5,5,7,6,6,6,6,7,7,7,7,6,6,7,5,2,7,3,1,1,3,8,1,6,7,1,6,6,2,1,4,6,6,6,5,4,3,7,5,5,5,7,7,5,5,5,5,5
1739,4,2,2,243,243,2,1,2,11,-4,3,6,8,2,5,2,7,1,2,3,6,5,4,5,2,6,6,1,1,2,1,1,2,2,1,1,1,1,1,2,2,1,2,7,6,7,2,10,7,9,4,7,2,3,3,3,2,3,3,6,4,5,6,7,5,6,4,6,3,3,2,4,5,4,5,3,4,2,1,7,5,4,5,2,3,3,5,5,2,5,5,3,5,5,1,7,5,5,6,7,3,5,4,1,1,6,5,2,1,2,3,1,1,1,1,3,2,4,1,4,2,6,6,1,1,3,6,6,2,5,5,7,7,2,1,2,5
1740,4,1,4,243,243,3,1,6,1,1,2,6,6,2,3,1,6,2,2,2,1,4,1,2,2,4,1,1,1,1,1,1,1,1,2,1,2,1,1,1,1,2,1,3,2,9,4,10,7,4,2,6,2,5,2,7,7,7,9,7,4,5,6,6,6,4,3,2,2,5,7,5,5,5,4,5,5,1,2,2,5,6,3,5,3,5,5,7,7,7,7,6,6,6,4,7,6,7,7,7,4,7,7,1,1,7,4,1,7,1,7,1,1,1,1,6,6,4,1,7,7,2,4,3,2,2,5,5,5,7,5,5,7,3,5,4,5
1741,4,2,5,243,243,3,1,5,2,0,2,6,7,3,3,1,5,2,2,6,1,2,5,2,1,2,3,1,2,1,1,1,1,1,1,2,1,2,1,1,1,2,1,7,5,8,5,5,8,8,7,6,6,5,3,8,5,4,8,5,6,5,6,7,5,6,4,1,4,5,6,5,5,6,4,5,4,1,1,4,3,4,2,3,3,4,5,6,5,6,5,7,5,7,4,7,7,6,7,7,7,3,6,1,1,7,4,1,1,5,1,1,6,1,1,4,4,5,1,5,5,7,6,1,1,1,5,5,5,5,1,7,7,7,5,5,5
1742,4,2,3,243,243,1,1,6,12,0,4,10,2,1,6,1,8,2,2,4,1,3,4,5,2,1,4,1,2,1,1,1,2,1,2,1,1,1,1,2,1,2,2,6,6,3,3,10,9,8,2,8,3,7,5,2,3,8,6,8,7,5,6,6,7,5,5,2,5,4,2,2,4,6,3,4,4,2,2,2,2,6,2,6,2,6,6,1,2,6,6,6,6,6,5,6,6,6,6,6,7,6,7,1,1,7,5,1,1,2,9,4,5,2,5,7,1,4,4,7,7,7,7,3,5,5,7,7,7,7,5,7,7,7,6,6,5
1743,4,1,4,243,243,4,3,1,10,0,3,10,10,1,6,1,5,2,2,1,7,5,6,7,1,7,1,1,2,1,1,1,2,2,2,1,1,1,1,1,1,2,1,7,2,10,10,10,10,10,10,10,1,6,10,10,10,10,5,10,6,5,7,7,7,7,2,1,1,7,7,7,7,7,7,7,7,1,1,7,1,2,3,7,1,7,7,7,7,7,7,7,7,7,7,1,7,7,7,7,7,3,7,1,1,7,5,1,1,1,1,1,1,1,1,7,7,1,1,7,7,2,3,7,6,7,4,7,7,7,7,7,7,7,7,1,5
1744,4,2,2,243,243,2,1,7,12,0,2,9,7,6,9,7,7,2,2,5,2,5,3,4,2,4,4,2,2,2,2,2,2,2,2,2,1,1,1,2,2,2,2,6,8,5,4,7,8,5,6,6,5,8,8,6,8,7,4,8,7,5,5,5,5,5,6,4,4,5,4,5,5,6,6,4,6,4,4,4,4,4,4,5,3,5,6,6,4,5,5,7,7,7,5,6,6,6,7,7,7,5,6,1,1,7,4,1,1,4,8,1,1,2,1,4,5,4,5,4,5,4,5,5,4,4,5,5,5,7,7,7,5,5,5,5,5
1745,4,2,2,243,243,3,1,6,2,0,6,7,10,2,4,4,6,1,4,2,5,5,4,5,5,5,5,1,1,1,2,1,1,2,1,2,1,2,2,2,2,1,1,5,5,8,8,5,5,3,4,5,4,4,6,9,4,6,7,3,4,5,5,4,6,5,5,7,5,4,7,6,5,4,5,3,6,6,4,5,4,3,4,5,5,4,5,4,5,7,5,4,4,5,5,6,2,3,3,6,7,5,3,5,5,5,5,1,1,7,3,6,4,3,5,4,6,6,5,3,4,6,6,5,4,6,5,5,6,5,6,5,6,5,5,6,5
1746,4,2,4,243,243,3,1,5,1,1,5,8,8,2,6,3,3,2,3,1,1,2,6,3,1,2,3,2,2,1,1,1,2,1,1,1,1,2,1,2,1,2,2,8,7,7,4,10,8,5,5,9,6,6,5,5,3,2,4,7,7,5,7,5,5,4,6,2,4,4,6,3,4,4,5,4,5,1,3,3,4,5,3,3,2,5,6,6,7,6,6,5,7,7,5,6,7,6,7,7,6,6,7,1,2,7,3,2,1,2,2,1,1,1,1,5,6,6,1,5,6,4,4,4,2,1,5,5,5,7,5,7,5,7,5,5,5
1747,4,1,1,243,243,1,4,7,3,1,4,6,8,3,8,7,8,2,3,4,4,4,7,4,4,4,4,1,1,2,1,1,1,1,2,1,1,1,1,1,2,1,2,7,7,4,4,7,7,8,9,9,8,8,8,9,7,8,3,9,7,5,5,5,5,5,5,5,5,5,5,5,5,5,5,5,5,5,7,6,7,7,7,7,7,5,5,5,5,7,7,6,6,6,6,6,6,6,6,6,6,6,6,6,6,6,6,2,6,8,8,6,6,6,6,6,6,5,5,5,6,4,4,4,4,4,5,4,6,5,4,5,5,5,5,5,5
1748,4,1,5,247,243,1,6,5,2,0,2,6,8,2,6,6,5,1,1,5,3,2,5,5,2,5,2,2,1,2,1,1,1,2,2,1,1,1,2,1,1,2,2,5,6,6,6,9,5,6,6,8,6,6,6,9,8,7,6,7,5,5,6,6,5,5,4,5,4,5,6,4,5,5,5,5,5,4,7,6,6,4,5,3,4,5,5,5,4,4,4,5,5,5,4,4,5,5,5,5,6,6,6,3,2,6,2,2,6,6,6,2,2,1,3,4,5,4,2,5,3,5,4,3,2,4,5,5,5,5,5,7,5,5,4,5,5
1749,4,2,1,243,243,1,1,6,11,-5,5,8,5,1,6,1,6,2,2,1,1,7,5,2,2,1,6,1,1,1,1,1,2,1,2,1,1,1,2,2,2,2,2,2,1,9,1,5,4,3,3,5,3,2,6,3,1,1,4,1,4,5,7,7,5,6,4,5,2,3,1,2,4,5,4,4,4,1,5,6,5,3,7,2,5,4,6,7,5,7,7,7,7,7,5,7,7,7,7,7,7,7,4,1,1,7,4,1,1,3,4,1,2,1,1,2,2,3,4,4,4,2,2,5,4,3,7,7,4,3,4,7,5,4,2,4,5
1750,4,2,1,243,243,1,1,8,1,0,3,10,7,1,6,1,5,2,2,5,3,4,3,4,5,4,4,1,1,1,1,1,2,2,1,1,1,1,1,2,2,2,2,5,3,6,3,7,4,4,4,4,5,9,7,5,6,7,6,3,7,5,6,6,6,6,5,6,6,6,6,6,6,6,6,6,6,6,3,3,6,6,6,6,6,6,6,6,6,6,6,6,6,6,6,6,6,6,6,6,5,4,4,6,5,5,4,5,4,4,7,4,4,4,4,5,4,4,5,6,4,4,4,2,4,5,4,4,4,4,4,4,2,6,5,4,5
1751,4,1,5,243,243,3,5,5,1,0,4,8,7,1,7,1,8,2,2,1,1,4,4,4,1,3,2,1,2,1,1,2,1,1,1,1,2,1,1,2,1,2,2,4,4,5,4,10,7,6,4,9,7,4,9,8,8,8,8,7,6,5,7,7,7,4,4,4,4,7,6,5,7,5,5,4,4,1,6,7,3,4,3,1,1,6,7,4,7,6,3,5,7,6,6,7,7,6,7,7,5,6,4,1,1,7,4,2,1,1,5,2,1,1,1,7,7,1,1,7,7,5,5,3,4,5,5,7,7,7,7,7,7,7,4,4,5
1752,4,2,4,243,243,1,3,7,1,-4,2,8,10,1,8,1,10,2,2,1,1,7,2,6,1,1,5,2,1,1,1,1,1,1,1,1,2,1,1,1,2,2,1,4,5,5,2,10,4,1,1,1,3,2,1,6,1,8,6,1,1,5,6,6,6,3,5,2,2,3,7,3,7,5,6,2,6,1,3,6,2,6,2,1,1,7,7,7,3,7,6,7,7,7,4,7,7,7,7,7,7,4,6,1,1,7,3,1,1,1,6,1,3,1,1,7,7,1,1,7,7,7,1,4,3,1,7,7,7,7,7,7,7,7,5,5,5
1753,4,2,3,243,243,4,1,6,12,3,3,6,7,1,4,1,9,2,2,1,1,6,3,3,1,3,1,1,1,1,1,1,1,1,1,2,1,1,1,2,1,2,1,1,2,7,6,10,4,9,3,4,2,3,1,9,7,9,10,2,2,5,6,6,7,3,5,3,3,6,7,7,2,3,2,4,4,4,1,2,2,7,1,7,1,7,7,7,7,7,7,2,4,7,2,7,7,7,7,7,2,1,5,1,1,7,3,1,1,2,9,1,4,1,1,5,6,4,1,7,7,4,7,2,2,3,5,5,7,7,7,7,7,7,4,5,5
1754,4,1,3,243,243,3,1,6,12,0,5,6,4,2,5,2,7,2,2,1,1,5,2,2,1,1,6,2,2,2,2,2,1,2,2,1,2,2,2,1,2,2,2,2,5,4,4,10,7,6,6,6,5,6,5,7,6,7,4,6,6,5,6,6,6,6,5,3,5,5,5,2,4,6,3,2,2,1,1,1,6,7,6,6,6,6,7,7,7,7,6,7,2,6,2,7,7,7,7,7,6,4,7,1,1,7,6,1,1,1,5,1,2,1,1,7,7,4,1,7,7,7,6,1,2,5,5,7,5,5,5,7,7,7,5,3,5
1755,4,2,4,243,243,3,1,4,12,0,3,8,8,6,9,2,4,2,2,3,1,2,6,5,2,1,5,2,2,1,1,1,2,2,1,1,1,1,1,1,2,2,1,5,7,6,3,10,7,6,4,8,1,4,3,1,1,2,4,3,5,5,5,6,5,5,4,4,4,3,4,4,6,6,7,5,6,3,1,2,5,4,5,5,4,4,4,6,6,4,6,6,5,6,4,7,6,6,6,5,6,1,6,1,1,5,3,1,1,3,5,1,3,1,3,1,5,1,1,3,6,6,6,1,1,1,5,7,5,7,4,7,7,5,4,5,5
1756,4,2,2,243,243,2,1,3,12,-4,2,9,9,2,9,1,3,2,2,5,4,4,6,2,1,3,4,1,1,1,1,1,1,1,1,1,1,1,1,2,1,2,2,6,6,4,4,10,8,5,6,7,7,6,7,3,4,4,5,8,6,5,7,7,6,5,6,2,2,5,6,5,6,5,4,5,5,4,1,2,5,4,4,5,5,5,6,6,6,5,6,7,7,7,6,7,7,7,7,7,7,7,7,5,1,6,3,1,1,1,5,3,4,1,4,6,4,5,1,5,6,2,4,3,3,4,7,7,7,5,7,7,5,5,4,4,5
1757,4,2,3,243,243,3,1,7,4,1,6,9,9,1,7,1,8,2,4,4,1,6,5,2,4,5,2,2,2,1,1,1,2,2,2,1,1,1,1,2,1,2,2,7,6,3,2,9,7,5,6,5,6,7,4,8,8,7,6,5,5,5,6,6,4,4,5,5,4,5,6,6,4,4,5,5,3,1,6,7,5,5,4,4,6,6,5,6,5,6,5,6,6,6,4,7,6,7,7,6,5,6,5,5,1,5,6,5,3,6,6,3,1,1,1,4,2,2,5,1,2,5,5,5,3,6,7,5,4,5,5,5,7,5,3,5,5
1758,4,2,3,243,243,2,1,7,12,-3,4,4,4,1,8,1,6,2,3,1,1,7,5,4,1,1,6,2,2,2,2,2,2,2,2,2,2,2,2,2,2,2,2,5,1,4,4,10,4,3,1,2,0,2,1,1,1,1,3,1,7,5,7,5,7,5,6,5,5,3,5,2,5,5,2,1,1,1,1,1,4,5,3,2,2,4,5,7,7,5,5,7,7,7,2,7,7,7,7,7,7,5,7,1,1,7,4,1,1,1,1,1,1,1,1,1,5,2,3,1,1,7,7,3,1,1,7,5,5,5,5,7,5,7,1,2,5
1759,4,2,5,243,243,1,1,7,1,0,2,10,10,1,8,1,8,1,4,2,6,3,5,5,5,5,5,2,2,1,1,1,1,1,2,1,1,1,2,1,2,2,1,5,5,4,4,10,7,6,2,7,3,5,4,6,4,7,6,2,6,5,7,7,5,3,5,2,4,5,6,6,6,5,3,4,4,2,2,8,5,4,6,6,4,4,4,5,6,4,5,7,6,7,5,7,7,6,7,7,7,1,7,1,1,7,3,1,1,1,10,1,4,1,1,7,7,6,1,7,7,6,7,4,2,4,7,7,7,7,7,7,7,5,5,5,5
1760,4,1,4,243,243,1,2,4,1,5,2,10,10,1,10,1,3,2,2,2,2,5,6,6,3,7,1,1,1,1,1,1,2,1,1,1,1,1,2,1,2,1,1,7,5,8,7,10,8,3,4,8,3,6,3,10,6,10,9,6,5,5,6,5,5,3,6,5,6,7,7,7,7,7,5,6,5,1,9,8,5,5,5,6,3,3,6,7,7,7,7,7,7,7,5,7,7,5,7,7,7,1,7,1,1,7,6,1,1,1,10,1,5,1,1,7,7,6,1,7,7,7,6,1,1,4,5,5,5,7,5,7,5,5,5,7,5
1761,4,1,5,243,243,4,5,6,12,3,5,7,6,1,3,1,6,2,2,1,1,5,4,1,3,5,2,2,2,1,1,1,2,1,1,2,1,1,1,2,1,2,2,5,4,6,4,10,5,4,6,10,4,5,2,7,4,7,8,4,6,5,6,5,4,4,5,2,3,5,7,6,4,4,4,2,2,1,1,1,3,4,4,5,3,4,4,6,7,5,5,7,6,7,4,7,7,7,7,7,7,3,7,1,1,7,3,1,1,2,7,1,1,1,1,7,7,6,1,7,7,5,1,5,5,7,5,5,7,7,5,7,5,5,5,4,5
1762,4,1,5,243,243,4,1,9,8,-4,2,10,10,1,8,1,7,2,2,7,4,1,7,1,1,1,7,2,2,1,1,1,1,1,2,1,1,1,1,2,1,2,2,9,8,7,1,10,10,8,7,10,9,10,2,1,1,1,1,9,10,5,7,7,7,7,1,5,1,3,1,2,7,7,6,3,6,1,5,5,7,1,7,7,7,1,2,2,7,7,3,6,7,7,5,7,2,7,7,7,6,4,6,4,1,7,3,1,7,10,7,3,3,3,4,7,7,1,1,7,7,4,1,7,7,3,7,7,1,7,7,7,2,6,3,5,5
1763,4,2,6,243,243,4,5,6,1,0,2,7,7,2,5,5,7,2,2,1,1,4,5,5,2,1,6,2,2,2,2,2,2,2,2,2,2,2,1,2,1,1,2,6,4,5,3,10,7,6,4,7,2,5,6,3,3,2,3,8,6,5,6,6,6,5,5,4,4,4,1,2,4,4,2,2,2,1,7,7,4,6,4,2,6,5,6,6,6,4,6,6,5,7,2,7,6,6,6,6,4,4,7,1,1,7,5,1,1,1,5,1,1,1,1,4,4,4,4,4,4,4,5,4,1,5,7,7,5,5,7,5,5,7,7,1,5
1764,4,1,5,243,243,2,5,7,1,2,3,8,6,3,5,1,9,2,2,1,6,2,6,1,1,2,3,2,2,1,1,1,1,1,2,2,2,2,1,1,2,2,2,5,4,4,3,10,8,7,7,6,3,9,1,9,6,7,5,5,3,5,7,7,7,5,6,2,4,5,5,6,6,6,3,4,5,1,3,4,2,7,1,2,2,6,6,4,5,5,3,7,5,7,3,4,7,7,7,7,6,7,7,1,1,7,5,1,1,6,5,1,1,1,1,1,5,1,3,1,1,1,1,1,1,1,7,7,7,7,7,7,7,7,2,7,5
1765,4,2,1,243,243,2,2,7,4,-1,5,5,4,6,3,3,8,2,2,2,3,4,4,2,1,2,6,1,2,1,1,1,1,2,2,1,2,2,2,1,2,1,1,3,4,4,2,6,5,8,3,7,5,5,6,5,3,3,4,6,5,5,6,7,6,7,4,5,4,5,3,4,5,5,5,6,7,3,3,10,4,4,3,3,4,6,4,6,4,3,5,5,7,7,2,7,5,5,4,3,5,6,7,1,1,6,3,1,1,8,2,1,1,1,1,5,4,6,1,2,6,5,4,4,1,1,7,7,4,5,4,7,7,7,5,4,5
1766,4,2,4,243,243,3,6,7,1,-4,2,9,10,1,7,5,4,3,2,4,4,4,5,5,5,1,7,2,2,2,2,2,2,2,2,2,2,2,2,2,1,2,2,8,4,5,4,10,7,9,8,10,5,8,7,6,2,5,1,6,5,5,7,7,6,7,4,5,4,7,7,7,7,6,3,4,5,4,1,2,7,4,7,1,7,2,2,4,7,5,7,7,7,7,2,7,6,7,7,7,6,3,7,1,1,7,4,1,2,3,5,1,1,1,1,5,5,4,1,7,7,5,6,5,7,6,7,7,3,7,7,7,7,7,7,4,5
1767,4,2,5,243,243,3,5,7,1,0,2,10,10,1,5,1,7,2,2,1,1,4,6,3,1,1,6,2,2,1,1,1,1,1,1,1,1,2,1,2,1,2,2,7,7,5,2,10,7,7,4,7,9,5,4,1,1,1,2,4,7,5,7,7,3,7,3,2,5,4,2,3,2,5,3,2,3,1,7,7,7,6,5,2,6,3,4,7,6,4,5,5,4,7,5,7,7,7,7,7,6,1,7,1,1,7,3,1,1,2,7,1,1,1,1,6,7,6,1,6,6,6,6,3,2,4,6,7,3,6,7,7,5,6,5,4,5
1768,4,1,2,243,243,1,1,4,1,-2,5,3,3,3,4,4,7,2,2,3,2,5,2,5,5,6,2,1,2,1,2,1,1,1,2,2,1,1,2,2,2,1,2,3,2,8,5,6,4,6,2,6,2,3,2,8,7,8,9,2,8,5,6,6,5,5,4,3,3,6,7,6,5,6,5,5,4,1,4,5,3,5,3,2,3,6,6,6,4,5,6,7,5,7,4,7,7,6,7,3,6,4,7,1,1,6,3,1,1,2,3,1,1,1,1,5,2,2,1,3,6,4,4,3,2,3,5,5,5,7,5,7,7,5,5,7,5
1769,4,1,5,243,243,3,5,8,12,-2,1,10,8,1,8,1,6,2,2,1,1,4,6,4,1,2,6,2,2,1,1,1,1,1,1,1,2,2,1,2,1,2,2,7,6,4,3,10,8,9,2,9,7,8,5,3,3,3,4,3,7,5,6,7,5,6,5,1,1,3,5,4,6,5,5,4,4,1,6,5,5,4,5,5,2,5,6,6,7,6,6,7,7,7,4,7,7,7,7,7,7,7,7,1,1,7,3,1,1,1,10,1,4,2,1,1,1,5,7,1,1,2,2,4,2,7,7,7,7,7,5,7,7,3,3,2,5
1770,4,1,4,243,243,3,1,7,12,-1,6,2,2,8,2,1,8,2,2,6,3,1,6,2,4,1,7,2,2,1,1,1,2,1,2,1,2,2,2,1,1,2,2,2,2,1,1,3,10,5,4,7,4,8,4,2,1,2,1,3,9,5,7,6,6,6,5,1,2,3,4,5,6,6,6,5,7,1,1,4,6,2,6,5,7,2,3,3,7,6,5,7,7,7,7,7,7,5,7,7,1,1,3,1,1,7,6,1,1,6,1,1,6,4,1,7,7,7,1,7,7,2,1,7,7,7,7,5,5,7,7,7,7,4,7,3,5
1771,4,2,2,35,243,3,1,6,3,1,5,7,9,6,8,4,6,2,2,5,1,5,1,4,2,2,5,2,1,1,1,1,2,1,1,2,1,2,2,1,2,2,1,6,5,6,7,8,5,6,4,6,6,6,6,6,6,7,6,4,5,5,1,3,1,4,2,5,3,5,5,2,2,3,4,6,2,3,6,6,7,7,4,4,2,3,3,6,5,4,4,7,7,7,7,7,7,7,7,3,7,7,7,7,1,7,7,1,1,5,7,3,4,2,4,3,2,3,3,2,5,1,1,1,1,3,3,7,3,4,6,6,7,7,5,4,5
1772,4,1,2,243,243,1,1,6,1,-1,4,7,6,2,7,3,6,2,2,4,5,4,5,3,4,3,2,2,2,2,2,1,1,2,2,2,2,2,2,2,2,2,2,5,8,5,5,8,6,2,3,7,7,3,8,8,6,5,5,6,8,5,7,6,7,6,5,5,4,7,6,3,7,7,6,6,6,1,8,8,7,7,6,5,5,5,6,7,7,6,7,6,6,6,5,7,7,7,7,7,6,6,6,1,1,6,2,1,1,2,1,1,1,1,1,1,1,1,3,2,1,1,6,1,1,1,5,7,5,7,7,7,5,5,3,4,5
1773,4,2,4,243,243,2,1,6,12,2,4,9,10,1,5,1,5,1,2,6,4,1,5,6,3,2,2,1,1,1,1,1,1,2,2,1,1,2,1,1,2,1,1,5,4,8,7,10,7,4,4,5,5,5,1,10,6,6,8,7,6,5,6,7,6,6,2,2,4,6,5,5,7,7,3,4,6,2,1,1,5,6,2,3,3,5,5,7,7,5,7,5,5,6,4,6,2,6,7,5,7,7,5,1,1,7,2,1,1,1,10,1,1,1,1,4,6,2,1,6,7,2,7,1,1,1,5,7,4,7,5,7,7,5,7,3,5
1774,4,1,4,243,243,1,1,6,12,3,3,9,8,1,3,1,3,2,2,5,3,2,6,5,1,6,2,1,1,1,1,1,2,1,2,1,1,1,2,2,1,2,2,5,3,7,6,10,8,10,3,10,7,8,2,10,10,8,7,8,7,5,6,6,6,5,5,2,2,6,7,7,6,6,6,6,3,1,2,4,2,7,2,3,1,6,6,6,7,7,5,6,3,7,4,7,5,6,7,5,6,1,3,1,3,6,6,6,4,5,9,1,1,1,1,6,7,6,1,7,7,6,6,3,3,5,7,7,7,7,5,7,5,7,5,5,5
1775,4,1,1,106,106,1,4,5,7,0,5,10,1,7,10,8,1,2,1,4,4,4,6,4,4,4,4,1,1,1,1,2,2,2,1,1,1,1,1,1,1,1,1,8,1,10,3,1,1,1,1,1,0,1,1,1,1,1,10,1,1,5,3,3,3,3,3,3,3,3,3,3,3,4,3,4,4,4,6,10,1,2,1,2,1,1,1,3,2,1,6,6,6,6,6,6,6,6,6,6,7,7,6,7,6,6,6,6,7,6,6,6,6,6,6,6,5,6,6,5,6,5,6,5,5,6,5,5,5,5,5,5,5,5,5,5,5
1776,4,2,4,243,243,3,1,4,12,0,2,10,10,1,10,7,1,2,2,2,4,4,6,4,1,4,4,2,2,1,1,2,1,1,2,1,2,2,2,2,2,2,2,6,6,8,9,10,10,5,6,10,7,8,5,10,7,10,6,3,2,5,7,7,7,6,4,4,4,7,7,7,6,6,6,4,5,2,1,1,4,5,4,4,3,3,4,7,7,4,7,7,7,7,4,7,7,7,7,5,6,2,6,1,1,7,2,1,2,1,3,1,2,1,1,4,7,4,1,7,7,4,1,2,4,7,4,7,5,5,5,7,7,5,2,5,5
1777,4,2,2,243,243,2,1,4,12,-3,2,6,7,2,3,1,3,1,2,1,1,6,5,2,1,1,6,2,1,1,1,1,1,2,1,2,2,2,2,2,1,2,2,6,6,5,6,10,6,7,1,7,7,6,6,1,1,2,3,8,2,5,7,6,6,3,5,2,2,2,4,1,5,5,5,5,5,1,2,6,2,6,2,2,1,6,6,6,3,2,6,6,5,7,3,7,6,6,6,7,6,5,7,1,1,6,3,1,1,1,8,1,1,1,1,6,3,4,1,4,6,2,6,1,1,4,7,5,7,7,5,7,7,7,3,3,5
1778,4,1,3,243,243,2,1,6,12,2,5,6,5,3,5,1,7,2,2,5,2,4,5,2,2,2,4,2,2,2,1,2,2,2,1,1,1,2,2,2,1,2,2,7,5,4,2,8,7,3,4,8,6,3,2,6,4,4,6,5,5,5,7,7,7,4,5,2,2,5,4,4,5,6,5,3,4,1,2,3,2,5,2,2,2,6,6,6,7,4,6,7,5,7,4,7,7,7,7,7,7,1,6,1,7,7,4,1,7,2,8,1,1,1,1,6,5,2,1,5,6,6,5,3,2,2,5,7,7,7,6,6,5,6,6,2,5
1779,4,2,4,243,243,2,2,5,12,-1,5,7,7,2,6,1,5,2,2,4,1,5,5,5,2,2,4,2,2,1,2,1,1,2,2,2,2,2,1,2,1,2,2,5,5,5,3,8,6,3,6,8,6,8,3,2,2,2,6,5,7,5,7,7,5,5,4,4,4,4,6,5,6,7,6,5,5,2,1,9,4,4,2,5,4,4,3,7,7,6,6,7,5,7,4,7,5,7,7,6,7,6,7,2,1,6,2,1,1,7,2,2,3,1,1,6,7,4,1,6,7,4,7,1,1,2,5,7,4,7,5,7,3,5,4,4,5
1780,4,2,4,243,243,4,1,3,12,-1,2,9,8,2,7,3,4,2,2,4,3,3,6,5,2,4,5,2,2,1,1,1,2,2,2,1,2,2,1,2,1,2,2,5,4,6,3,10,8,2,3,10,6,3,1,3,2,2,3,9,4,5,5,6,5,4,6,4,2,4,5,5,3,5,5,2,4,2,3,5,6,6,5,4,4,5,5,7,6,5,7,7,7,7,4,7,7,5,7,7,7,7,7,4,1,6,3,1,1,5,5,1,1,1,1,6,7,3,2,6,7,4,4,4,4,4,6,6,7,7,6,7,6,6,6,4,5
1781,4,2,5,243,243,3,5,6,1,3,3,9,8,1,4,1,8,2,2,1,2,4,5,6,1,7,1,2,1,2,1,1,1,1,1,2,1,2,2,2,2,1,1,3,1,7,6,10,9,4,5,8,6,6,2,10,10,10,10,9,5,5,6,6,7,3,5,6,5,7,7,7,3,4,5,4,2,2,5,6,1,7,1,6,1,7,7,7,7,7,7,7,6,7,3,6,7,6,7,7,6,5,7,1,1,7,4,1,1,1,10,2,1,1,1,7,7,7,1,7,7,7,7,4,3,6,4,5,7,7,7,5,7,7,7,5,5
1782,4,2,3,243,243,1,1,3,12,0,2,9,7,1,8,1,6,1,2,2,2,5,3,2,2,1,5,1,2,2,1,1,2,1,1,1,1,1,1,1,1,2,2,9,3,9,8,10,6,5,5,6,2,4,3,4,5,4,4,7,4,5,6,4,4,3,5,2,4,3,6,5,5,5,5,4,4,2,2,7,4,4,5,5,2,5,5,6,4,2,6,5,6,6,2,6,6,6,6,6,4,6,4,1,1,6,2,1,1,2,9,1,1,1,1,7,3,2,1,7,6,7,7,1,1,1,7,5,7,7,4,7,7,5,3,3,5
1783,4,2,3,243,243,1,3,3,1,0,1,8,8,3,3,2,5,2,2,1,1,2,4,1,1,6,2,2,2,1,1,1,1,1,2,2,1,1,1,2,2,2,2,5,5,8,5,8,7,6,4,3,6,5,3,7,5,7,8,5,6,5,6,6,6,5,4,2,2,6,6,6,5,5,5,2,2,1,5,5,5,6,4,4,3,4,4,6,6,5,6,7,4,5,2,7,6,6,7,7,6,3,4,1,1,6,5,1,1,2,4,1,1,1,1,4,5,2,2,1,4,2,2,3,1,2,5,5,5,5,7,5,7,5,5,5,5
1784,4,1,4,243,243,3,1,5,12,0,1,8,10,1,8,8,6,2,2,4,4,4,4,4,4,3,4,2,2,1,1,1,2,1,1,1,1,1,2,2,1,1,2,5,5,5,3,10,5,6,5,5,6,5,5,6,6,6,6,5,5,5,4,4,4,4,4,4,4,4,5,5,4,4,4,4,4,2,1,1,4,4,4,3,4,5,4,5,4,4,4,5,4,5,4,5,4,5,5,5,6,6,7,1,1,7,4,1,1,6,5,1,1,1,1,4,4,4,1,4,5,1,1,1,1,1,5,5,4,5,5,5,5,5,5,4,5
1785,4,2,2,243,243,2,1,2,2,0,3,10,10,2,8,1,3,2,2,2,1,5,7,7,5,7,1,2,2,2,1,1,1,2,2,1,1,1,1,2,2,2,1,6,5,7,4,10,7,1,1,7,3,2,1,4,4,5,7,6,5,5,5,5,5,4,4,3,4,5,7,7,6,6,5,5,6,4,6,6,6,1,7,5,2,5,6,7,7,7,7,7,7,7,5,7,7,3,7,1,6,2,7,1,1,7,5,1,1,2,10,1,5,1,1,7,7,4,1,7,7,1,6,2,2,7,5,5,5,5,5,7,7,5,3,5,5
1786,4,1,3,243,243,4,1,3,12,3,2,8,7,6,7,1,7,3,3,2,2,6,5,5,2,3,4,1,2,1,2,1,1,1,1,1,2,1,1,1,2,2,1,10,3,6,2,9,9,7,8,6,10,9,10,5,8,8,8,3,9,5,7,7,7,6,3,1,4,6,6,4,7,6,6,6,7,3,5,7,6,1,6,3,3,6,2,3,3,3,5,6,5,3,1,7,3,1,5,2,6,4,4,1,1,6,6,2,2,10,1,1,1,1,1,2,1,6,4,2,4,1,1,1,1,1,5,7,7,5,3,7,7,2,7,4,5
1787,4,1,4,243,243,1,1,3,1,3,2,9,9,1,9,1,3,2,1,6,6,2,7,6,1,6,1,1,1,1,1,1,1,1,1,1,1,1,1,2,1,2,2,8,8,7,5,5,9,10,6,9,9,8,6,10,6,9,10,8,9,5,7,7,7,6,2,2,2,7,7,6,7,7,5,3,6,1,5,5,2,6,3,3,2,6,6,6,6,3,5,7,6,7,4,7,7,4,7,7,7,4,7,1,1,7,7,1,7,1,2,1,4,1,1,6,5,5,1,4,6,4,6,2,3,2,7,7,7,7,7,7,7,7,5,7,5
1788,4,1,4,243,243,1,1,3,9,2,2,7,9,6,8,2,4,2,2,7,7,3,7,4,2,3,2,1,2,2,1,2,2,2,2,1,2,1,2,1,2,1,1,5,4,5,2,10,10,5,4,6,3,5,1,7,5,7,4,8,8,5,7,4,6,6,4,3,4,7,7,6,7,7,7,4,7,5,4,9,2,4,3,2,4,5,5,6,6,7,6,6,6,7,3,7,7,7,7,7,5,5,7,5,2,7,6,1,1,7,5,1,7,1,1,6,4,2,1,5,7,7,6,4,1,3,5,7,5,7,4,5,7,5,5,1,5
1789,4,1,2,243,243,2,2,3,12,0,4,4,4,3,2,1,4,2,2,4,3,5,5,4,1,2,3,2,2,2,2,1,1,2,1,2,2,2,2,1,1,2,2,2,3,7,6,7,4,5,5,5,6,2,3,3,4,4,6,2,6,5,6,6,5,5,5,2,2,3,5,2,6,6,6,5,5,4,1,5,6,3,6,5,6,3,2,5,5,4,5,5,5,7,3,7,7,7,6,6,5,5,7,1,1,7,7,1,1,4,1,1,3,1,1,3,2,3,2,2,5,4,6,2,2,3,5,5,5,7,5,7,7,5,4,3,5
1790,4,1,4,243,243,3,3,3,2,-4,2,8,8,1,8,1,5,2,2,4,4,4,5,4,4,4,3,2,2,1,1,1,1,1,2,2,2,1,1,2,1,2,2,5,5,6,6,5,5,5,5,5,5,5,5,5,5,5,6,5,5,5,6,4,6,4,5,5,5,5,6,5,5,5,5,5,5,5,2,2,4,4,4,4,5,5,4,4,4,4,4,7,6,6,4,4,1,7,4,7,7,6,7,1,1,1,7,1,1,4,7,1,4,1,1,1,1,1,3,1,1,1,1,1,1,2,7,7,7,7,7,7,7,7,7,5,5
1791,4,1,4,243,243,4,1,6,12,1,2,2,3,1,1,1,9,2,2,4,4,4,4,4,1,4,4,2,1,2,1,1,2,1,1,2,2,1,1,1,2,1,2,3,2,10,3,10,9,2,2,2,8,3,2,2,2,1,9,2,3,5,5,6,5,4,5,4,3,4,4,4,4,4,5,4,4,1,2,1,3,5,4,3,3,6,5,6,5,3,5,6,6,6,3,6,6,6,6,6,7,7,7,1,1,7,3,1,1,1,9,1,4,1,1,4,4,4,4,4,4,4,4,4,2,4,5,5,7,5,5,5,5,5,7,3,5
1792,4,2,4,15,243,2,1,7,12,2,6,10,8,1,6,1,7,2,2,4,4,5,5,2,3,4,5,2,1,1,1,1,1,1,1,1,1,2,2,2,2,2,2,4,2,3,1,10,8,2,6,7,6,6,1,1,1,4,5,1,4,5,7,7,5,1,6,4,2,4,5,6,1,2,1,2,4,1,2,10,4,6,3,3,1,7,7,7,7,6,7,7,7,7,6,7,7,7,7,7,7,7,7,1,1,7,2,1,1,1,8,1,1,1,1,7,7,1,1,7,7,6,2,5,3,4,5,7,7,7,7,7,7,5,5,5,5
1793,4,2,1,243,243,2,1,4,12,0,2,6,5,6,5,7,6,2,2,3,2,3,5,2,1,1,4,1,1,1,1,1,1,2,1,1,2,1,1,2,2,2,1,4,3,6,3,10,8,4,6,4,6,4,5,4,6,5,3,6,4,5,6,6,5,7,5,3,4,5,4,4,6,6,5,4,4,5,1,2,5,4,5,4,4,5,5,6,4,3,6,5,6,7,4,7,5,7,5,7,3,4,7,1,1,6,7,2,1,5,6,1,1,1,1,1,1,5,5,1,4,6,5,4,1,2,6,7,5,5,4,5,5,5,1,4,5
1794,4,1,2,243,243,2,1,6,12,1,6,7,7,5,1,1,8,2,2,3,3,6,3,4,1,6,4,1,1,1,1,1,1,1,2,2,2,1,2,2,2,2,1,5,10,6,6,10,10,1,1,10,3,6,1,7,5,5,6,5,9,5,7,7,7,7,4,1,2,6,4,6,2,5,2,4,5,1,5,5,7,1,7,2,5,2,4,2,5,5,3,6,7,7,4,7,6,6,7,6,7,7,7,1,1,7,3,1,1,7,1,5,7,4,5,5,5,6,1,4,4,1,1,6,4,5,5,7,7,5,3,7,5,5,5,5,5
1795,4,1,3,243,243,3,1,5,12,0,3,7,5,4,5,5,6,2,2,5,4,3,2,4,1,1,6,2,1,1,1,1,1,1,2,2,2,1,1,2,2,1,2,4,3,3,3,10,7,5,4,4,5,7,4,6,1,5,4,5,5,5,6,4,3,5,5,2,2,4,5,5,5,4,5,3,4,1,1,1,3,6,2,3,2,6,5,6,6,1,5,7,1,7,4,6,5,7,7,7,7,4,7,1,1,7,3,1,1,1,6,1,3,1,1,4,4,4,4,6,6,5,4,3,4,2,5,7,7,7,1,7,7,5,4,5,5
1796,4,1,4,243,243,1,3,2,10,-1,3,5,10,3,5,2,4,3,2,1,2,6,5,3,1,2,5,1,1,2,1,1,1,1,1,1,2,1,1,1,2,1,1,10,8,7,6,10,4,10,10,10,2,5,4,2,2,6,4,10,8,5,7,7,7,7,2,5,5,5,5,4,7,7,7,5,7,5,1,8,5,4,5,4,6,5,2,5,5,5,4,2,2,7,3,7,7,7,7,7,1,1,7,1,1,7,3,1,1,8,1,1,2,1,1,5,6,6,4,5,5,5,5,3,4,2,7,7,4,5,4,5,7,5,5,4,5
1797,4,1,4,243,243,3,1,8,2,1,7,7,10,1,8,1,7,1,2,5,1,4,6,1,4,1,7,2,2,1,1,1,1,1,1,1,1,2,1,2,1,2,1,7,3,5,4,10,8,1,2,3,1,2,1,1,1,1,3,7,6,5,7,7,6,5,5,1,3,3,5,7,5,7,4,2,3,1,7,7,7,6,7,6,5,5,5,3,3,4,3,6,6,5,5,7,7,6,7,7,5,7,7,5,1,7,3,1,1,7,7,3,3,1,1,5,6,1,1,5,6,6,7,1,2,2,5,7,4,7,7,7,5,7,5,5,5
1798,4,2,5,243,243,1,1,5,12,0,2,7,7,1,1,1,8,2,2,3,1,2,5,4,1,4,4,1,1,1,1,1,1,1,2,1,1,1,1,1,1,2,2,4,5,10,9,10,8,9,8,8,7,8,6,6,5,3,6,5,7,5,6,6,6,6,2,2,2,4,7,5,7,7,6,3,2,1,1,1,4,6,4,3,4,3,3,6,3,3,5,6,6,6,2,6,6,6,6,6,7,7,6,1,1,7,4,2,1,5,1,1,5,1,1,6,6,7,6,6,6,5,3,5,4,5,5,7,5,7,7,7,7,4,5,4,5
1799,4,1,5,158,159,3,1,6,1,-1,5,8,8,2,7,2,6,2,4,3,1,4,6,3,1,1,6,2,1,1,1,1,1,1,1,1,1,1,1,2,1,2,2,6,3,6,2,3,7,7,3,10,8,9,7,5,2,2,1,4,8,5,7,7,4,5,4,2,4,5,3,5,5,7,6,1,2,1,8,8,7,1,5,5,5,2,3,2,7,5,2,7,7,7,4,7,7,6,7,7,7,7,7,1,1,7,3,1,1,7,5,4,4,2,1,4,3,4,5,2,4,4,4,6,4,5,7,5,5,5,5,7,5,7,5,2,5
1800,4,2,1,243,243,1,1,1,12,0,4,5,4,3,2,1,1,3,2,2,4,1,6,6,1,4,4,2,2,2,2,1,2,1,1,2,2,2,1,2,2,1,2,5,1,10,10,10,10,1,1,1,0,1,1,8,1,5,6,5,8,5,6,5,6,6,1,5,2,4,6,7,6,7,6,4,7,1,1,6,6,2,6,2,7,4,7,7,4,4,7,7,7,7,3,6,7,7,7,7,7,7,7,1,1,7,5,7,1,1,1,1,4,1,1,4,4,4,1,4,7,1,5,4,3,1,5,7,4,5,7,7,7,5,5,7,5
1801,4,1,2,180,180,2,1,6,2,0,2,7,7,6,2,6,10,2,2,2,1,5,4,2,2,4,4,2,2,2,1,2,2,1,2,1,2,1,2,1,2,1,1,3,6,7,5,7,4,3,2,3,5,2,3,3,4,4,8,4,4,5,7,6,6,6,6,6,4,6,2,4,5,4,6,2,4,1,4,6,4,4,4,3,4,3,4,5,6,6,3,5,6,7,3,7,5,4,4,3,7,7,7,4,1,6,5,1,1,7,1,1,1,1,6,5,3,4,6,6,5,3,4,5,5,1,4,7,5,5,5,7,7,5,7,4,5
1802,4,2,2,243,243,1,1,5,2,-3,5,7,5,2,4,1,6,2,4,2,2,5,3,4,1,2,6,1,2,2,1,1,2,1,1,1,2,1,2,1,1,1,1,5,2,5,3,10,6,5,7,7,6,6,2,7,6,7,4,2,5,5,6,6,6,6,2,4,3,5,6,3,6,6,5,5,4,2,5,6,7,1,7,6,6,2,2,6,3,2,2,6,7,6,7,7,6,6,6,7,7,7,6,6,2,7,7,1,1,2,8,1,3,1,1,6,5,2,2,6,7,2,4,5,1,1,5,5,2,5,5,5,7,5,4,3,5
1803,4,2,3,209,243,3,1,6,8,-4,7,6,4,1,5,7,8,1,2,5,1,2,5,3,6,1,7,1,1,1,1,1,2,1,2,1,1,1,1,1,2,1,1,6,7,6,6,7,8,6,2,8,1,8,4,1,1,1,1,6,9,5,6,7,5,7,3,6,7,1,1,1,6,6,2,2,2,2,1,9,7,1,7,5,7,1,1,5,7,7,5,7,7,7,7,7,3,7,7,7,4,5,7,4,7,7,7,7,7,1,10,1,3,1,1,7,7,1,1,7,6,7,7,1,1,1,7,7,1,5,7,7,7,7,1,7,5
1804,4,1,3,243,243,3,1,9,11,-2,5,5,5,6,6,4,5,1,1,3,4,5,4,4,5,5,5,1,1,2,1,1,2,1,1,1,2,2,1,1,2,2,2,3,6,7,6,4,6,6,6,6,5,6,3,3,7,3,9,4,4,5,3,4,4,5,4,4,5,4,4,4,4,5,3,4,4,4,7,4,4,5,5,5,5,6,4,5,5,4,5,4,3,4,4,4,4,5,5,4,5,5,4,5,6,3,4,5,5,5,5,5,4,4,3,3,4,4,5,4,4,4,5,6,5,6,5,3,5,2,5,4,5,4,3,5,4
1805,4,1,3,243,242,3,1,8,12,2,6,8,8,6,5,6,5,2,3,4,2,4,6,4,4,4,5,1,1,2,1,2,1,1,1,1,1,2,2,1,2,1,2,5,7,6,6,8,5,5,6,5,7,5,5,6,7,6,4,5,7,5,4,4,5,6,5,4,5,3,4,4,5,5,4,4,5,4,6,6,5,4,5,4,5,4,5,5,5,4,4,6,5,4,4,4,4,5,5,5,4,5,7,5,1,6,3,1,3,7,8,4,4,5,5,5,4,6,6,4,4,5,5,4,6,7,4,5,5,5,4,4,4,5,3,5,4
1806,4,2,2,243,243,2,1,6,12,-2,4,8,8,1,5,1,8,2,2,5,4,5,6,1,1,1,5,2,2,2,2,2,2,2,2,1,2,1,1,2,1,2,2,7,2,4,3,8,9,3,4,8,6,4,1,1,1,1,1,7,9,5,7,6,6,6,2,2,2,2,1,1,5,6,4,5,5,1,1,1,7,2,6,2,4,5,6,5,2,2,3,7,2,7,4,7,7,7,7,6,6,1,7,1,1,7,5,1,1,2,3,1,1,1,1,6,2,5,1,3,6,5,5,2,1,2,7,5,5,5,4,7,7,5,5,3,4
1807,4,2,2,243,243,1,1,5,12,-3,5,7,3,1,6,5,5,2,2,6,4,4,7,4,1,1,5,2,2,1,2,1,2,2,1,1,1,2,1,2,1,2,2,4,3,6,6,5,7,5,7,6,6,5,5,2,1,1,3,7,5,5,5,4,5,5,5,7,5,4,4,1,5,5,4,4,4,4,1,3,3,5,4,4,3,4,5,5,5,4,4,7,6,6,2,7,6,7,7,7,7,6,6,1,1,6,7,2,1,1,8,1,1,1,1,6,5,3,1,5,5,4,4,3,1,3,5,5,3,5,5,4,7,5,4,4,4
1808,4,1,4,243,243,3,1,6,1,4,3,7,6,6,7,7,7,2,2,5,4,4,5,4,7,5,4,2,2,2,2,2,2,2,2,1,2,1,2,2,2,1,1,7,7,5,5,7,7,8,6,7,7,7,6,8,7,6,4,7,6,5,4,6,4,4,4,4,4,7,4,5,4,4,4,4,4,4,7,7,4,4,4,4,4,4,4,4,4,4,4,4,4,4,4,4,6,4,4,4,7,7,7,1,1,7,2,1,2,7,7,1,1,4,1,4,1,4,4,4,2,2,3,3,3,3,4,4,4,4,4,4,4,4,4,4,4
1809,4,2,3,208,208,1,1,3,2,0,4,10,10,1,5,10,8,3,4,4,6,5,6,6,1,6,7,1,1,1,1,1,1,1,2,1,1,1,1,2,1,2,1,10,10,4,3,10,10,7,3,10,7,6,9,2,2,9,5,10,6,5,7,6,6,6,5,2,2,2,4,5,6,7,2,2,6,1,1,1,6,3,7,3,7,2,7,7,6,7,7,7,7,7,7,7,7,7,7,7,7,7,7,7,1,7,3,1,1,1,10,3,3,1,1,4,5,3,5,4,6,7,6,2,1,5,7,7,5,7,4,7,7,5,7,1,4
1810,4,2,4,243,243,3,3,6,12,0,3,8,9,2,6,5,6,2,2,1,4,4,5,6,4,5,2,2,2,1,1,1,1,1,2,1,1,2,1,2,1,2,2,5,5,4,3,8,6,7,6,6,4,5,3,8,5,7,6,4,5,5,6,6,5,4,5,2,3,5,6,5,6,5,5,4,5,1,1,7,3,6,2,4,2,6,5,7,7,6,6,6,6,7,3,7,7,7,7,7,6,2,7,1,1,7,3,1,1,1,5,1,1,1,1,7,7,7,1,7,7,6,7,1,1,1,7,7,7,7,7,7,7,7,5,5,4
1811,4,1,5,243,243,3,2,4,12,-1,4,9,9,2,8,1,5,1,1,3,4,2,4,3,1,3,2,1,1,1,1,1,1,1,1,1,1,1,1,2,1,1,2,5,7,6,7,6,9,7,6,6,5,5,5,7,5,5,6,6,5,5,6,6,6,7,2,4,4,6,6,6,6,6,5,2,4,1,1,1,4,6,3,5,4,3,3,6,6,3,6,6,4,7,4,6,7,6,7,7,5,6,6,1,1,7,3,1,1,2,5,1,2,1,1,6,6,6,1,6,6,4,2,4,3,2,5,5,4,5,4,5,7,5,2,1,4
1812,4,2,1,243,243,1,1,5,12,0,4,8,6,4,3,2,6,2,2,3,5,2,3,4,2,2,4,1,2,2,1,2,1,2,2,1,1,1,1,2,2,2,2,3,5,8,4,10,7,6,9,7,2,4,3,7,4,3,6,7,6,5,5,7,5,6,3,4,4,5,6,4,7,7,3,4,4,1,1,1,7,2,5,7,6,3,4,7,4,5,6,5,5,7,1,7,6,7,7,3,2,5,4,1,1,4,2,1,1,1,1,1,4,1,1,4,5,4,4,4,5,5,6,2,1,1,4,5,5,5,5,7,4,4,4,4,4
1813,4,1,2,243,243,3,1,6,12,0,3,8,8,1,7,1,6,2,2,4,3,4,5,4,1,1,4,1,2,1,1,1,1,1,1,1,2,2,1,2,1,2,2,5,5,9,5,10,6,10,6,8,7,5,8,5,3,3,6,4,5,5,6,6,7,7,1,2,4,6,5,2,7,7,6,6,7,2,1,1,5,3,5,4,6,2,2,5,5,4,5,5,5,5,2,5,5,5,5,6,6,1,7,1,1,6,4,1,1,2,1,1,1,1,1,3,3,2,4,2,5,4,6,2,1,1,5,5,4,5,5,5,7,5,5,5,4
1814,4,2,4,243,243,3,2,5,1,0,2,10,10,1,10,1,6,2,2,1,1,4,6,2,7,5,4,1,1,1,1,1,1,1,1,1,1,1,1,2,2,2,2,10,10,4,2,10,10,8,7,10,7,7,5,7,5,6,5,2,5,5,7,7,7,5,4,1,4,7,7,6,7,7,5,6,5,1,3,3,4,1,4,6,3,5,3,7,7,5,6,7,7,7,7,7,7,7,7,7,7,7,7,4,1,7,2,1,1,1,8,1,1,1,1,7,1,1,1,2,7,5,5,1,1,5,7,7,5,7,7,7,7,5,4,7,4
1815,4,2,4,243,243,3,6,4,12,0,2,10,10,1,7,1,4,2,2,1,1,4,5,5,1,5,3,1,1,1,1,1,1,1,1,1,1,1,2,1,2,2,1,4,4,5,4,10,6,5,3,7,7,3,3,4,4,4,9,1,5,5,7,6,5,5,4,4,3,6,7,5,5,6,2,5,4,1,4,8,7,6,7,7,4,6,6,7,5,6,6,7,5,5,1,7,2,7,7,7,7,7,7,1,1,7,5,1,1,4,8,1,1,1,1,7,6,4,1,7,7,2,1,5,7,7,7,5,5,7,7,7,7,7,5,5,4
1816,4,2,4,243,243,3,6,3,1,2,4,8,5,2,5,1,7,2,2,1,1,2,5,5,2,4,3,2,2,1,1,1,1,1,2,2,1,2,1,2,2,1,2,4,3,6,5,8,5,3,3,8,5,5,3,3,5,3,6,3,7,5,6,6,5,4,5,2,2,4,4,5,5,5,4,3,2,1,3,7,6,6,4,6,3,5,6,7,6,3,6,7,6,7,5,3,7,5,7,6,7,6,7,7,1,6,4,1,1,2,5,1,4,4,1,5,7,6,1,5,6,5,6,1,1,2,5,7,5,7,5,5,7,5,2,4,4
1817,4,2,2,243,243,3,1,7,12,0,3,10,10,1,6,3,5,2,2,3,2,3,2,3,1,1,3,1,1,1,1,2,2,1,2,2,2,1,1,2,2,1,2,4,4,7,6,10,6,2,1,1,4,4,1,3,3,3,9,3,5,5,3,4,5,6,4,4,4,4,6,5,7,6,6,4,4,2,1,1,2,6,4,6,3,3,7,7,5,5,7,7,7,7,2,7,7,7,7,7,6,6,7,1,1,7,4,1,1,1,5,3,3,1,3,3,1,4,4,1,1,1,5,3,1,5,7,6,7,5,7,7,7,7,4,7,4
1818,4,2,2,243,243,2,1,5,12,2,2,6,7,8,7,8,7,2,2,5,4,5,5,4,5,3,3,1,1,1,1,1,2,1,2,2,1,2,1,1,2,2,1,7,8,4,2,8,7,7,7,8,8,7,8,8,8,7,5,7,7,5,6,4,3,6,4,4,4,6,5,4,3,4,3,4,5,7,7,8,4,4,6,5,6,5,2,5,3,4,4,5,5,3,5,4,3,6,3,6,5,6,6,4,4,5,3,4,6,8,6,4,7,6,3,6,5,4,4,3,6,6,5,2,5,6,4,6,7,6,3,5,4,3,4,2,4
1819,4,1,3,243,243,3,1,9,3,2,6,5,7,5,8,4,6,1,1,5,3,4,5,3,3,4,4,2,1,2,1,2,1,2,1,1,2,2,2,1,2,2,1,7,7,6,4,7,6,6,7,7,4,5,6,6,7,7,5,6,6,5,3,3,3,5,3,2,5,3,5,3,1,3,3,3,4,2,7,8,5,4,4,3,3,5,5,5,2,3,2,3,5,4,5,6,2,3,4,4,4,4,5,4,5,4,4,5,4,8,7,6,3,1,4,6,5,6,1,2,3,4,3,4,3,4,4,6,4,4,1,7,5,6,1,4,4
1820,4,2,4,243,243,1,6,2,10,-2,4,5,5,1,5,1,4,1,1,1,7,1,6,6,1,6,1,2,1,1,1,1,1,1,1,2,2,2,1,2,2,2,2,5,5,10,4,10,10,8,8,10,10,9,8,9,7,8,10,2,10,5,7,7,6,7,1,1,4,7,7,7,7,7,6,7,7,1,1,1,7,2,6,3,7,1,2,6,7,4,7,7,7,7,2,7,2,5,7,7,7,6,7,1,1,6,4,1,1,7,1,1,1,1,1,7,7,7,1,5,7,5,5,5,1,5,4,7,3,7,7,5,7,7,2,2,4
1821,4,1,4,243,243,3,1,8,2,3,3,6,7,7,7,7,7,3,3,4,4,4,5,5,4,5,5,1,2,2,2,1,1,2,2,1,2,2,2,1,2,1,2,7,5,5,4,7,7,6,6,7,7,6,7,7,6,6,5,6,7,5,5,5,5,5,5,5,5,5,5,5,5,5,5,5,5,5,7,6,5,4,5,5,5,4,4,4,5,4,5,4,5,4,5,4,5,5,4,5,5,5,5,4,4,5,4,4,5,7,6,5,5,5,4,5,4,4,4,5,5,5,4,5,5,4,4,4,5,4,5,5,4,5,5,4,4
1822,4,1,1,208,208,3,2,4,3,3,3,6,5,7,4,5,4,1,2,2,3,3,3,3,2,5,3,2,1,2,2,2,2,2,2,1,1,2,1,1,2,2,2,7,5,6,5,7,4,5,5,7,3,8,4,6,6,6,4,5,7,5,3,4,3,3,3,3,3,2,1,2,6,4,6,5,7,4,5,6,4,2,5,3,3,6,4,3,5,5,3,4,3,2,4,5,5,3,5,1,6,6,4,3,3,4,5,4,4,6,5,5,3,4,4,3,4,3,3,2,3,4,3,4,6,4,3,3,7,3,1,4,5,6,4,3,4
1823,4,2,2,243,243,2,1,6,12,-1,4,8,6,3,8,2,5,2,2,5,6,4,4,4,5,5,5,2,1,2,1,1,1,1,1,1,1,2,1,2,1,2,2,8,6,8,2,10,5,8,4,10,5,4,5,3,4,4,7,5,5,5,7,5,5,5,5,6,6,5,6,5,5,4,6,5,6,4,1,5,5,6,6,5,6,7,6,5,5,4,5,6,4,4,5,5,6,6,5,5,5,5,5,5,6,5,5,6,5,4,7,5,4,4,5,4,5,4,5,5,5,6,6,6,5,5,5,4,4,5,6,4,4,5,4,5,4
1824,4,2,4,243,243,4,3,8,12,0,3,7,6,5,5,6,5,2,2,4,4,4,4,4,4,4,4,1,1,1,1,1,2,1,1,2,2,1,2,2,1,2,2,7,7,4,4,7,7,6,7,6,6,6,6,6,6,6,5,7,6,5,4,4,4,4,4,4,4,3,4,4,3,4,3,4,4,4,8,6,3,3,5,4,4,3,4,4,4,4,4,4,4,3,4,4,3,4,4,4,4,5,5,6,4,6,2,4,4,5,6,4,4,4,4,4,4,4,4,4,4,4,5,5,5,4,4,4,4,4,4,4,4,4,4,4,4
1825,4,2,2,32,106,3,1,9,3,1,3,6,7,7,8,7,8,4,4,5,7,6,5,6,4,6,5,2,1,1,2,2,1,1,1,1,1,1,1,1,2,1,1,8,7,4,5,7,6,6,6,7,7,7,6,7,7,7,3,7,6,5,6,6,6,6,6,6,5,6,5,7,6,6,7,5,5,5,8,7,6,5,5,7,6,6,5,7,5,7,5,4,5,6,7,5,6,6,5,5,6,4,7,5,5,2,4,6,7,8,8,6,6,6,6,5,6,6,5,5,6,7,5,5,7,4,3,7,6,2,4,6,7,4,5,4,4
1826,4,1,3,243,243,1,1,9,2,0,5,8,7,4,7,7,6,2,2,4,3,3,4,4,3,3,3,1,2,2,2,1,2,2,1,1,2,2,1,2,2,2,2,3,3,8,4,5,4,2,3,3,1,3,2,3,4,2,9,4,3,5,5,5,4,5,4,5,4,4,5,4,5,5,5,4,4,4,5,5,4,5,3,5,4,5,4,5,6,6,6,7,6,7,4,7,5,7,7,6,7,7,7,1,1,7,7,1,1,6,5,2,3,2,2,1,1,1,1,1,1,1,5,1,1,1,4,4,5,4,7,4,7,5,5,5,4
1827,4,2,2,243,243,3,1,6,12,0,4,6,6,3,6,5,6,2,1,5,2,5,4,4,3,2,5,2,2,1,1,1,1,1,1,2,2,1,2,2,1,2,2,6,5,4,3,10,7,3,2,7,4,5,3,2,2,2,6,5,5,5,5,6,5,6,5,4,2,4,1,4,4,5,5,4,5,1,3,2,4,5,4,5,2,5,5,6,5,4,5,6,3,7,5,7,6,6,6,6,6,2,6,1,4,6,5,4,3,2,5,1,1,1,1,5,5,4,2,5,5,4,4,4,5,3,5,5,5,5,5,5,5,5,4,3,4
1828,4,1,3,243,243,2,3,6,10,-1,6,5,5,6,5,6,5,1,3,4,3,3,4,3,4,4,2,2,2,1,2,2,1,1,1,1,1,2,2,2,1,1,2,6,6,5,5,6,6,7,7,7,5,6,6,7,7,6,5,6,7,5,1,2,4,3,2,2,2,1,2,1,3,3,1,1,2,1,6,7,1,2,2,3,1,3,1,1,1,4,4,1,3,1,3,2,1,1,1,1,1,2,2,2,1,4,2,1,1,6,7,1,3,1,1,3,1,1,4,1,3,1,4,2,2,2,4,4,1,4,1,2,4,2,3,1,4
1829,4,1,2,171,243,1,2,2,3,1,4,8,6,3,6,5,5,2,3,5,4,5,3,4,6,6,6,1,1,1,1,2,2,1,2,1,2,1,2,1,2,2,1,5,5,4,6,6,5,7,5,5,4,4,7,7,5,5,7,7,7,5,6,6,5,3,6,4,3,4,5,5,4,5,7,6,5,6,9,9,6,3,3,4,3,6,5,6,6,1,2,7,4,6,5,3,6,4,5,5,4,7,5,3,2,6,7,2,2,8,7,4,2,5,4,2,4,4,5,2,6,2,1,5,2,2,5,7,4,7,2,4,5,3,5,5,4
1830,4,2,1,243,243,2,1,7,2,0,2,4,5,1,3,1,5,2,2,1,1,4,4,5,1,1,7,1,1,1,1,1,2,1,1,1,1,1,1,2,2,2,1,1,2,7,7,4,3,5,5,6,4,6,6,4,5,5,6,7,5,5,4,4,3,5,5,5,1,4,4,3,5,5,4,7,3,7,7,1,6,5,6,5,5,5,3,5,3,5,3,4,5,5,6,2,5,4,5,6,7,6,3,6,5,4,4,4,5,6,6,6,4,2,5,5,4,3,2,2,4,4,4,6,5,5,3,3,4,4,3,3,3,6,4,3,4
1831,4,1,5,243,243,3,1,8,12,0,6,7,4,6,5,2,5,1,2,2,1,4,5,2,1,2,6,1,1,1,1,1,1,1,2,2,1,2,1,2,1,2,2,5,2,6,3,10,5,5,3,6,8,3,1,2,2,2,3,7,6,5,3,2,3,3,6,2,3,3,2,1,2,2,1,1,1,2,6,8,6,6,1,2,2,6,7,3,7,5,5,7,6,7,1,6,6,4,3,7,5,3,6,1,1,4,3,1,1,2,8,1,1,1,1,4,4,5,3,2,5,6,4,3,2,1,2,5,5,7,3,5,1,7,4,4,4
1832,4,1,3,243,243,3,1,5,12,-2,5,8,5,2,5,1,6,2,2,5,1,4,6,3,3,3,2,2,2,1,1,1,1,1,1,2,2,2,1,2,2,2,2,6,8,6,4,10,9,9,2,9,6,4,9,3,4,7,6,2,7,5,7,7,6,7,1,5,4,6,5,6,6,7,5,2,4,1,1,1,7,7,6,3,4,4,6,5,7,4,6,7,7,7,4,7,7,6,7,7,6,3,7,1,1,7,4,1,1,2,5,1,1,1,1,1,1,1,1,1,1,1,3,4,3,4,7,7,4,5,5,7,5,5,4,3,4
1833,4,2,3,35,243,3,1,7,6,0,2,9,9,7,7,9,10,2,2,2,2,3,6,2,3,6,2,1,1,1,1,2,2,2,2,1,2,2,2,1,1,2,1,6,6,3,5,6,6,7,8,6,5,8,7,7,7,6,4,6,7,5,4,3,6,6,6,6,6,6,7,6,6,6,5,7,5,7,8,8,7,7,6,6,7,7,7,7,7,7,6,7,6,4,7,7,7,7,7,7,7,7,6,6,6,7,5,6,6,9,9,2,1,3,2,4,6,6,6,6,4,6,6,6,6,3,4,3,4,4,5,4,3,5,5,3,4
1834,4,1,2,243,243,3,1,6,10,2,5,7,3,4,2,2,9,2,2,5,7,3,5,4,1,3,2,1,1,1,1,2,1,1,2,2,2,1,2,2,2,2,2,7,6,3,7,7,6,5,7,10,7,8,8,7,7,6,2,6,7,5,7,6,7,6,2,4,4,4,3,6,4,6,5,3,7,5,8,6,5,3,5,5,6,6,5,6,4,5,5,5,5,6,6,5,5,6,5,5,6,5,4,3,5,7,7,2,5,7,7,5,2,4,6,2,6,5,4,5,5,4,3,4,4,3,2,5,7,5,4,6,6,5,6,7,4
1835,4,1,1,163,163,1,4,9,3,1,2,10,10,1,10,8,2,2,2,5,5,7,7,7,6,4,7,1,1,1,2,2,1,1,2,1,2,1,1,1,2,2,2,2,4,4,5,10,10,5,10,5,10,10,9,7,10,6,7,10,8,5,7,7,6,6,3,4,4,7,7,1,7,7,7,7,2,1,7,5,7,7,7,2,4,5,6,7,1,5,7,7,7,7,7,7,7,7,7,7,7,7,6,7,1,7,6,1,1,7,3,2,1,1,5,7,1,4,7,7,7,1,7,6,6,1,7,7,7,7,7,7,7,7,7,7,4
1836,4,2,5,243,243,1,3,8,1,-5,2,10,9,2,9,2,2,2,2,4,4,4,4,4,4,4,4,1,1,1,1,1,1,1,2,1,1,1,1,2,1,2,1,2,3,8,7,7,5,5,6,5,5,6,5,5,4,5,6,5,5,5,5,5,4,4,4,4,4,4,4,4,5,4,4,4,4,4,2,2,6,4,6,2,5,3,5,6,4,5,6,7,7,7,7,7,7,7,7,7,7,6,7,7,1,7,1,1,1,5,1,1,1,1,1,1,1,3,3,1,1,3,3,4,3,5,5,4,4,4,1,7,5,5,7,4,4
1837,4,1,3,243,243,3,1,7,1,-2,5,7,6,7,6,7,6,2,2,5,4,4,6,5,5,5,4,1,2,2,2,1,1,1,2,1,2,1,1,2,1,2,1,6,7,5,5,6,5,5,5,7,5,7,5,7,6,5,5,5,6,5,5,4,5,6,5,5,6,5,5,4,5,5,5,6,4,5,7,7,5,5,4,4,3,5,6,4,4,5,5,5,5,5,7,5,6,4,6,5,6,5,5,4,5,6,6,4,4,8,7,6,5,5,4,3,4,4,4,5,5,4,5,3,4,4,5,5,4,4,4,7,5,5,5,4,4
1838,4,2,3,180,243,3,1,10,2,4,3,10,9,8,7,10,7,2,2,5,6,5,5,7,6,6,5,1,1,1,1,1,1,2,2,1,1,2,2,2,2,1,2,10,9,2,3,8,7,9,7,7,8,7,8,8,9,7,3,8,6,5,6,7,6,7,6,6,6,7,6,5,7,7,6,6,7,6,9,8,7,7,5,6,7,7,7,4,7,7,6,3,7,6,6,7,6,7,7,6,4,6,6,6,6,7,5,6,7,9,9,5,6,7,6,4,4,6,5,6,4,6,6,5,6,5,6,5,6,7,3,5,6,5,5,5,4
1839,4,2,2,243,243,3,2,5,11,0,3,10,10,4,10,5,9,2,2,5,6,4,7,5,7,7,5,1,1,1,1,1,1,1,1,1,1,2,1,2,2,2,1,10,9,2,1,10,10,10,10,10,10,10,10,10,10,10,1,10,9,5,7,7,7,7,7,7,7,7,7,7,7,7,7,7,7,7,10,10,6,7,7,7,7,7,7,7,7,7,7,7,7,7,7,7,7,7,7,7,7,7,7,7,1,7,4,1,1,9,9,4,3,4,4,4,4,4,4,4,4,5,4,4,4,4,4,4,4,4,4,4,4,4,4,4,4
1840,4,1,1,243,243,1,3,3,12,-5,5,8,8,1,6,1,4,2,2,4,4,2,6,1,1,1,2,2,2,2,2,1,1,2,2,1,2,2,2,2,2,2,2,5,2,5,4,10,9,7,7,10,6,5,9,1,1,1,9,9,10,5,7,7,6,7,1,5,4,1,2,1,7,7,7,5,7,1,1,1,7,2,6,4,7,1,2,1,5,2,2,7,7,7,6,6,5,4,7,4,7,7,7,1,1,7,2,1,1,7,1,1,1,1,1,2,3,3,1,1,1,3,7,1,1,1,6,7,1,2,5,7,6,2,2,2,4
1841,4,1,1,33,32,1,2,7,2,5,7,9,10,2,10,10,10,2,1,7,1,3,7,1,4,3,7,1,2,2,1,2,2,1,1,1,1,2,2,1,2,2,2,6,5,5,6,2,5,6,5,9,5,4,8,5,7,6,3,8,6,5,5,3,1,4,5,2,5,7,3,5,2,2,2,7,3,5,7,7,2,3,6,2,2,2,3,5,4,2,5,3,2,3,3,3,4,3,3,2,2,3,6,2,4,2,4,3,3,6,5,3,2,2,2,1,3,4,3,1,2,1,4,5,3,4,5,2,1,4,4,1,1,1,2,1,4
1842,4,1,5,243,243,3,1,6,12,0,5,2,2,9,2,5,6,2,2,4,1,2,4,4,1,1,5,1,2,2,1,1,2,1,1,1,2,2,1,1,2,1,2,2,2,8,4,3,9,8,7,6,6,8,8,4,6,5,2,8,7,5,6,7,6,6,5,3,3,4,4,4,7,7,5,5,7,1,1,5,2,4,1,2,4,5,6,5,3,4,5,5,4,7,1,2,3,1,2,3,3,3,7,1,1,6,5,1,1,6,6,1,1,1,1,4,4,4,4,4,4,1,6,1,1,1,5,7,5,7,4,7,7,7,3,2,4
1843,4,2,1,171,171,1,4,6,3,0,2,10,8,1,3,1,8,2,2,4,4,6,5,3,4,2,6,2,2,2,2,2,1,2,2,1,2,1,1,2,2,2,1,5,1,6,5,3,5,2,8,5,0,1,3,1,7,1,3,1,2,5,7,7,6,5,6,2,4,5,2,3,6,5,6,5,4,4,8,8,6,7,3,4,3,6,6,6,4,4,7,6,7,7,7,7,7,7,7,7,7,7,7,6,1,7,7,1,1,1,1,1,1,1,1,7,7,7,1,7,7,4,4,6,1,1,7,7,4,7,4,7,7,7,5,5,4
1844,4,1,3,243,243,3,1,6,12,-1,5,6,6,6,6,6,6,2,2,5,4,4,4,2,6,2,6,1,1,2,1,1,1,2,2,1,2,2,1,2,2,2,2,6,6,5,5,6,6,7,6,5,7,6,5,7,6,7,5,5,6,5,5,4,4,5,4,3,3,4,3,4,5,4,4,4,5,4,6,7,4,4,4,4,4,5,4,5,4,4,5,5,5,5,3,4,4,5,4,5,5,5,4,5,4,4,5,5,4,7,7,4,4,5,5,5,4,5,4,5,4,5,4,5,4,5,4,4,5,5,4,6,7,4,5,5,4
1845,4,1,3,243,243,1,1,5,12,-2,4,8,9,7,4,7,6,2,2,5,5,1,6,4,1,5,4,2,2,2,2,2,2,2,2,2,2,1,2,2,2,1,2,5,5,4,4,10,7,2,5,6,5,5,5,8,9,8,5,8,5,5,5,5,5,6,4,5,5,5,7,6,5,6,6,5,5,4,2,2,5,6,4,5,3,6,4,7,6,5,6,7,7,7,7,7,4,7,7,7,7,4,7,3,1,6,4,1,1,7,8,1,1,1,1,4,6,5,4,6,6,6,3,3,2,7,5,5,5,5,5,5,5,5,5,4,4
1846,4,2,4,243,243,4,1,7,1,0,4,7,8,3,7,1,6,2,2,1,2,5,5,2,1,1,6,1,2,1,1,1,2,1,2,1,1,1,2,2,1,1,2,7,8,6,5,3,7,1,1,7,1,3,1,2,1,2,3,1,1,5,7,7,5,5,4,4,4,4,4,6,4,5,4,5,5,4,1,1,3,6,3,2,3,5,5,6,7,4,6,7,2,6,7,7,7,7,7,7,7,7,4,4,1,6,7,1,1,5,8,1,1,1,3,7,7,1,1,7,7,5,4,6,6,6,7,7,5,7,7,7,7,7,5,4,4
1847,4,1,6,243,243,3,5,7,1,-3,5,7,8,1,1,1,8,2,2,1,1,2,2,1,1,1,7,1,2,1,1,1,1,1,2,1,1,2,2,2,1,2,2,3,1,10,5,10,10,3,3,5,6,6,1,1,1,1,1,6,7,5,7,6,6,5,5,1,4,1,1,1,3,5,3,1,1,1,1,1,4,3,4,3,2,4,5,5,7,4,5,7,5,7,1,7,7,7,7,7,5,1,7,1,1,7,7,1,1,1,10,1,1,1,1,7,7,1,1,5,7,6,6,1,1,3,7,7,7,5,7,7,5,4,3,4,4
1848,4,1,5,243,243,2,1,6,1,-2,5,8,8,4,8,9,4,2,2,5,6,1,6,5,1,2,4,1,2,1,2,1,2,2,1,2,2,1,1,1,2,1,1,5,6,7,6,10,8,7,7,8,7,8,4,5,4,7,5,8,8,5,2,7,6,6,5,3,4,6,6,6,5,7,3,4,6,1,2,2,7,1,6,6,6,2,2,6,6,6,7,7,6,7,7,7,7,7,7,7,6,5,7,5,1,6,7,1,1,6,2,1,6,1,1,7,6,6,1,7,7,3,5,5,4,4,7,7,7,7,7,7,5,5,3,2,4
1849,4,1,2,243,243,2,1,2,12,0,2,9,9,2,7,2,2,2,2,2,1,3,6,4,1,4,4,2,2,2,2,2,2,2,1,2,2,2,1,2,1,2,2,5,5,6,6,5,5,5,5,5,5,5,5,5,5,5,6,5,5,5,5,5,4,5,4,5,4,4,5,5,4,4,5,5,3,5,1,1,2,5,4,2,2,5,5,5,5,5,5,6,6,6,4,6,6,6,6,6,7,7,7,3,1,7,7,1,1,7,7,4,6,2,4,2,2,2,2,2,2,1,3,3,1,1,4,4,4,4,4,4,4,4,4,4,4
1850,4,2,3,243,243,3,1,5,3,0,2,10,10,1,10,3,4,1,1,4,1,1,7,4,1,2,6,1,1,2,1,1,1,2,2,1,1,1,1,2,1,2,2,10,7,9,4,10,8,10,10,10,9,9,10,4,3,5,6,8,5,5,7,6,4,6,2,4,4,6,5,5,7,7,6,4,7,1,4,4,6,7,6,4,7,5,5,4,6,4,5,7,6,6,2,6,7,7,6,7,7,7,6,1,4,6,7,1,1,3,4,1,1,1,1,1,4,4,5,6,1,4,4,1,1,4,5,5,5,5,4,5,7,5,5,4,4
1851,4,2,5,243,110,4,5,3,2,-2,2,9,8,1,6,1,5,2,3,1,1,1,3,1,1,1,6,1,1,1,1,1,1,1,1,1,1,1,1,1,2,2,1,4,6,5,4,10,2,2,6,7,0,7,1,1,1,1,5,1,6,5,7,7,7,7,5,2,4,4,6,4,7,7,7,7,7,1,2,2,6,6,6,3,3,6,6,7,7,4,7,7,7,7,5,7,7,7,7,7,7,7,7,1,1,7,4,1,1,1,2,1,1,1,1,7,7,7,1,7,7,7,7,1,2,1,7,7,7,7,7,7,7,7,5,3,4
1852,4,2,2,243,243,2,1,7,2,1,5,6,7,5,4,3,7,1,2,1,2,5,3,4,2,5,4,1,2,1,1,1,2,2,2,1,2,1,1,2,1,2,1,5,4,9,4,8,6,6,5,6,7,4,3,7,6,7,6,3,6,5,5,4,6,5,6,3,4,6,4,6,5,5,5,3,6,4,6,4,4,4,5,4,3,5,5,6,5,6,7,5,6,7,4,7,7,6,7,6,5,4,7,1,1,6,5,1,1,5,5,3,1,1,1,6,5,4,2,5,5,4,4,2,1,3,5,5,5,4,4,5,2,5,3,5,4
1853,4,2,1,243,243,2,6,5,2,0,2,6,9,4,6,1,5,2,4,2,5,4,5,4,2,3,4,1,1,1,1,1,1,1,2,1,1,1,1,2,2,2,2,5,3,5,4,7,4,2,4,1,2,1,2,4,4,4,7,5,3,5,6,6,6,4,4,3,4,4,7,4,4,4,4,4,4,4,5,1,4,5,4,4,4,4,6,5,4,4,6,4,6,7,4,5,6,7,7,7,5,7,7,1,2,7,5,1,1,1,1,1,1,1,7,4,6,4,2,3,3,2,7,1,1,2,7,7,4,7,7,7,1,4,4,4,4
1854,4,2,3,243,243,3,1,5,1,0,6,8,7,4,6,5,5,2,2,3,4,4,4,4,2,4,4,2,2,1,1,1,2,1,1,1,1,1,1,2,1,2,1,4,8,5,4,5,6,5,7,6,6,6,6,5,4,4,6,6,5,5,5,5,5,3,5,4,4,3,3,3,5,4,2,4,3,1,1,1,3,6,4,6,1,6,6,6,6,5,6,7,7,7,4,7,7,7,7,7,7,7,7,4,1,7,4,1,1,4,7,2,4,1,1,4,5,3,4,5,7,3,4,3,3,4,5,5,7,7,5,7,7,4,5,4,4
1855,4,2,4,243,243,3,1,7,12,0,5,7,8,2,4,2,5,2,2,4,1,4,5,4,1,4,4,2,2,1,1,1,1,1,1,1,1,1,1,2,1,2,2,3,4,8,6,6,6,4,4,6,6,5,5,5,6,3,6,7,5,5,6,6,5,5,4,2,4,4,5,5,3,4,2,3,2,1,1,3,6,2,6,6,4,4,5,6,6,5,6,6,7,6,3,7,6,6,6,6,6,7,5,1,5,7,7,1,7,3,8,2,6,2,1,6,6,5,1,6,6,6,7,2,1,1,5,5,5,7,5,7,7,5,4,4,4
1856,4,1,4,243,243,1,2,4,10,-2,5,9,9,1,8,1,2,2,2,1,5,2,6,1,1,1,6,2,1,1,1,1,1,1,1,1,1,2,1,2,1,2,2,8,8,9,9,10,10,8,8,10,10,8,2,2,1,2,2,10,9,5,6,6,2,5,3,1,2,2,3,1,6,6,2,4,4,1,1,1,7,3,6,3,5,2,4,5,3,2,4,4,7,4,3,5,2,2,6,3,7,7,7,1,1,7,5,1,1,1,5,1,1,1,1,6,5,2,1,1,5,1,7,1,1,1,7,5,1,4,4,7,4,4,4,2,4
1857,4,2,4,243,243,4,1,4,2,-2,5,8,8,1,4,1,5,2,4,4,4,2,6,1,4,1,6,2,2,2,1,2,2,2,1,1,2,2,2,2,1,2,2,5,5,7,3,7,7,3,1,6,5,4,1,1,1,1,6,2,5,5,6,6,4,7,2,2,4,2,2,5,5,6,4,2,4,1,4,8,6,7,6,3,6,2,4,6,6,1,5,6,7,7,4,5,6,3,7,6,6,7,7,1,3,7,4,1,1,1,1,1,7,1,2,7,7,6,1,7,7,7,7,1,1,1,5,7,5,4,7,7,5,5,4,4,4
1858,4,2,4,243,243,3,1,5,11,0,5,5,4,1,2,1,5,2,2,2,1,2,5,5,1,1,6,2,1,1,1,1,1,1,1,1,1,1,2,2,1,2,2,4,3,5,3,10,7,6,4,8,3,2,3,3,1,1,2,3,5,5,7,7,6,6,4,4,6,4,4,3,5,6,4,2,2,1,5,10,5,3,5,5,4,4,5,7,7,7,7,7,7,7,4,7,7,7,7,7,6,6,6,1,1,7,3,1,1,1,1,1,1,1,1,1,1,1,1,1,1,7,6,1,1,1,7,7,7,7,4,7,7,5,4,4,4
1859,4,1,3,243,243,3,1,7,4,3,7,8,8,2,5,6,6,2,4,4,4,4,4,4,4,4,4,2,1,1,2,2,2,1,1,1,2,2,2,2,1,2,1,6,5,5,6,5,5,4,4,4,5,4,4,4,5,5,7,5,5,5,4,4,4,4,4,4,4,4,4,4,4,4,4,4,4,4,6,6,4,4,4,4,4,4,4,4,4,4,4,4,4,4,4,4,4,4,4,4,7,7,7,7,1,7,7,1,1,6,6,4,4,4,4,4,4,4,4,4,4,4,4,4,4,4,4,4,4,4,4,4,4,4,4,4,4
1860,4,1,3,244,244,3,2,10,12,0,6,8,8,1,3,3,5,2,1,1,3,5,3,5,1,2,5,2,2,1,1,1,1,2,2,2,2,2,2,2,2,2,2,1,1,4,1,10,5,3,1,10,8,7,7,8,10,5,3,3,10,5,2,7,7,7,2,6,5,4,7,2,6,7,6,4,3,1,1,5,6,1,2,2,4,4,6,7,7,7,6,7,7,7,7,7,7,7,7,7,3,7,7,6,1,7,4,1,1,3,3,1,1,1,1,7,7,1,1,7,4,7,1,7,7,7,5,6,4,7,7,7,4,5,1,5,4
1861,4,1,2,243,243,3,1,8,2,-3,3,7,7,6,6,7,7,2,2,3,5,5,4,4,3,3,4,2,2,2,2,1,1,2,2,2,1,2,2,1,2,1,2,8,5,4,4,6,7,8,7,7,6,6,7,6,6,7,4,6,7,5,4,3,4,4,3,5,4,4,3,5,5,2,4,3,4,5,6,7,3,5,3,4,5,5,3,5,4,4,5,4,5,6,4,4,3,4,5,5,4,5,5,4,3,5,4,3,4,7,7,4,4,3,4,3,4,4,3,5,4,3,5,4,4,4,4,5,5,3,4,4,4,4,3,4,4
1862,4,1,5,243,243,3,3,5,12,2,3,9,8,2,8,1,4,2,2,1,1,4,6,3,1,3,2,1,1,1,1,1,1,1,1,1,1,1,1,2,1,1,2,4,2,4,2,10,10,6,3,9,4,6,1,2,1,5,4,6,5,5,6,5,6,1,6,1,2,4,2,1,3,4,2,1,1,1,1,1,1,7,1,2,1,6,7,5,6,4,2,6,4,7,1,7,7,5,7,6,6,1,6,1,1,7,3,1,1,3,9,1,1,1,1,3,4,4,3,4,5,4,4,4,3,3,5,5,5,7,4,5,7,5,4,4,4
1863,4,1,2,243,243,3,1,8,1,1,2,9,7,5,7,6,8,2,2,6,5,4,5,3,5,4,5,1,2,2,2,1,2,1,2,1,2,2,2,1,1,1,2,8,9,4,3,7,9,7,9,10,7,7,8,8,9,6,2,9,8,5,6,5,5,5,5,5,5,5,5,6,3,5,5,5,4,5,8,8,5,5,6,5,5,3,6,4,5,5,4,5,5,5,5,4,4,4,4,3,4,5,6,4,5,5,4,4,6,7,8,5,5,4,4,4,5,4,6,5,5,4,5,3,5,4,4,5,4,4,5,5,4,4,3,5,4
1864,4,1,4,243,243,4,1,5,12,1,2,6,6,1,3,1,7,2,2,2,1,4,4,4,1,6,1,1,1,1,1,2,1,1,2,2,2,1,2,2,1,2,2,6,6,7,5,10,5,8,2,3,2,5,3,7,8,7,8,5,7,5,6,6,6,5,4,4,5,6,7,7,4,5,3,3,4,1,1,1,3,4,4,5,3,5,6,6,5,4,6,7,4,7,2,7,7,5,7,7,6,3,7,1,1,7,4,1,1,1,5,1,1,1,1,6,6,5,1,5,7,5,6,1,2,4,4,5,7,7,4,5,5,5,5,3,4
1865,4,1,4,243,243,3,1,7,1,-1,5,10,8,1,8,1,4,1,1,3,1,4,3,3,1,1,4,2,2,1,1,1,1,1,1,1,2,2,2,1,2,1,1,6,6,5,5,10,7,7,10,7,6,8,7,4,4,4,5,5,7,5,7,7,5,6,3,5,4,4,4,3,6,5,4,4,6,1,6,6,7,1,6,6,5,3,2,6,7,4,5,4,6,3,2,7,2,5,7,6,7,7,4,1,1,7,6,1,1,1,1,1,4,1,1,5,5,4,4,4,5,5,5,4,3,6,5,7,4,5,5,7,7,5,2,2,4
1866,4,2,2,40,40,2,1,8,12,1,5,8,8,2,10,1,3,2,2,2,5,5,5,1,1,3,4,1,2,1,1,2,1,1,1,2,2,1,1,2,1,2,2,9,5,4,4,10,9,1,2,8,1,5,1,6,7,2,5,7,6,5,5,4,4,2,6,5,5,4,5,6,1,1,2,1,1,1,1,1,7,2,7,5,1,4,5,4,7,7,6,7,7,7,7,7,7,7,7,7,7,7,7,1,1,7,7,1,1,1,10,1,1,1,4,7,7,7,1,7,7,4,4,6,5,5,5,5,7,7,7,7,5,7,3,1,4
1867,4,2,3,243,243,1,1,5,3,0,3,10,10,1,6,5,6,2,2,4,1,4,4,7,4,4,4,2,1,1,1,1,1,1,1,1,1,2,1,2,1,2,1,6,5,6,6,10,10,5,6,7,6,7,6,5,5,7,6,6,5,5,4,4,4,4,4,4,4,4,4,4,4,4,4,4,4,4,2,6,7,3,3,2,4,5,2,7,6,6,6,6,6,6,1,6,6,6,6,6,7,3,7,1,1,7,4,1,1,5,5,1,1,1,1,4,7,4,1,4,7,7,7,1,1,1,4,4,4,4,4,4,7,4,4,4,4
1868,4,1,4,113,113,2,1,5,12,0,2,6,6,6,6,6,5,1,2,4,4,4,4,4,4,4,4,2,2,2,1,1,2,1,1,1,2,2,1,2,2,2,2,6,6,5,5,6,6,6,6,6,6,6,6,6,6,6,5,6,6,5,4,4,4,4,4,4,4,4,4,4,4,4,4,4,4,4,6,6,4,4,4,4,4,4,4,4,4,4,4,4,4,4,4,4,4,4,4,4,6,6,6,1,1,7,5,1,1,6,6,1,1,1,1,4,4,4,4,4,4,1,4,4,1,1,4,4,4,4,4,4,4,4,4,4,4
1869,4,1,2,180,180,1,1,5,12,3,2,7,6,6,6,7,4,1,1,7,3,4,4,4,4,6,4,2,2,2,2,2,2,1,2,1,2,1,2,2,1,1,1,5,7,5,5,6,6,6,6,6,3,6,6,6,6,6,5,6,6,5,3,2,2,4,3,4,4,4,4,5,4,4,4,4,4,3,5,6,4,4,4,4,4,3,4,4,4,4,4,2,4,2,2,4,2,2,2,4,7,7,7,7,1,7,6,1,1,6,6,3,3,1,3,4,4,4,4,6,4,3,1,3,1,1,4,4,4,4,4,4,4,4,4,4,4
1870,4,1,6,243,243,3,1,7,1,2,1,10,6,1,5,1,10,2,2,1,1,5,1,4,1,3,5,1,1,1,1,1,1,1,2,1,1,1,2,2,1,1,2,5,5,4,2,10,7,6,1,5,3,3,2,7,4,4,6,3,5,5,5,7,7,7,5,1,3,6,7,7,7,5,4,3,6,1,1,1,6,6,7,6,3,5,5,7,7,7,7,7,7,7,2,7,7,7,7,7,7,6,7,1,1,7,1,1,1,1,10,1,5,1,1,3,5,4,5,6,7,5,5,5,5,4,7,7,5,7,7,7,7,7,2,4,4
1871,4,1,2,243,243,1,1,5,12,0,5,1,1,10,1,5,8,2,2,4,4,4,1,4,1,4,4,2,2,2,2,1,2,2,1,2,2,2,2,2,2,2,1,1,1,10,10,1,1,5,1,5,0,1,1,5,5,5,10,1,5,5,7,7,7,7,1,4,1,7,4,4,7,7,7,4,4,4,5,5,7,1,7,4,7,1,4,1,1,4,1,4,4,4,4,4,4,4,4,4,4,4,4,4,4,4,4,4,4,5,1,1,1,1,1,1,1,4,4,1,1,1,7,1,1,1,4,4,1,4,4,4,7,4,1,4,4
1872,4,2,2,88,88,2,1,4,12,0,6,8,8,4,5,2,5,2,2,5,3,3,6,5,2,6,4,1,1,1,1,2,1,1,2,1,2,1,1,2,2,2,2,4,4,5,6,6,9,6,4,7,1,6,5,3,3,3,5,6,8,5,1,7,6,7,1,4,4,4,5,5,5,6,5,4,4,1,1,1,7,7,5,4,5,2,3,5,3,2,6,6,6,7,3,7,7,7,7,7,6,6,7,1,1,7,3,1,1,1,6,1,1,1,1,4,5,2,1,5,6,5,2,3,1,4,5,6,2,7,5,6,7,6,1,1,4
1873,4,1,2,243,243,2,1,5,12,0,4,6,6,3,5,3,6,2,2,2,1,5,4,4,4,6,1,2,2,1,1,2,2,1,2,2,1,1,1,2,2,2,2,5,6,6,5,8,6,5,5,5,5,5,6,6,7,7,10,5,6,5,5,4,5,4,5,5,4,6,7,7,5,5,5,5,4,4,2,1,4,5,4,4,2,5,5,5,5,5,5,5,6,6,3,5,5,6,6,6,6,5,7,1,1,7,4,1,1,2,7,1,1,1,1,4,3,4,4,4,4,5,3,5,5,5,5,5,5,7,5,5,4,4,5,4,4
1874,4,2,3,243,243,3,3,7,1,-3,3,9,6,1,8,1,6,2,2,4,4,6,5,4,2,1,7,2,2,1,1,1,1,1,1,1,2,2,2,1,2,2,1,5,5,5,7,10,6,8,6,8,8,5,5,1,1,1,3,5,8,5,7,7,7,7,1,4,4,4,4,4,6,7,5,5,6,2,8,9,7,1,7,7,7,1,1,6,4,2,5,7,6,7,6,7,6,7,7,7,7,4,7,1,1,7,2,1,1,1,1,1,6,1,1,7,7,7,1,7,7,3,1,1,1,7,7,7,7,4,5,7,7,7,3,7,4
1875,4,1,5,243,243,1,1,5,11,2,5,10,10,1,8,1,7,2,2,7,4,4,6,7,1,7,1,1,1,1,1,1,1,1,1,2,1,1,2,2,1,2,2,7,7,8,4,10,10,6,6,7,3,5,2,10,10,9,9,5,5,5,7,7,5,6,4,1,2,6,7,7,6,7,6,6,6,1,4,4,3,6,4,3,3,6,6,7,7,7,6,7,6,7,4,7,7,7,7,7,7,4,7,1,2,6,3,1,1,1,10,1,5,1,1,6,7,1,1,7,7,1,7,1,1,6,7,6,7,7,7,7,7,7,3,6,4
1876,4,1,2,243,243,1,1,3,3,1,4,9,4,3,7,1,4,2,2,1,1,2,5,5,4,2,4,2,1,1,2,1,1,1,2,1,1,2,2,2,1,1,2,4,5,7,3,10,6,4,3,10,6,3,1,3,5,3,5,7,4,5,7,7,5,6,4,4,4,5,7,7,7,6,4,4,5,3,6,4,5,3,5,4,3,4,6,6,4,5,4,6,7,7,7,7,7,6,5,6,7,6,7,7,1,6,3,2,2,2,6,1,5,1,1,5,5,4,1,5,6,5,7,1,1,1,7,5,5,7,5,7,4,7,3,5,4
1877,4,2,1,243,243,2,3,5,12,0,2,6,7,5,4,4,5,2,2,1,2,5,4,4,4,4,4,2,2,1,1,1,1,2,2,1,2,1,1,1,2,1,1,6,6,6,6,5,5,5,5,5,4,4,4,4,5,5,6,4,5,5,5,4,4,6,4,4,4,4,6,6,5,7,7,4,4,4,3,3,4,4,4,4,5,4,4,5,4,4,5,5,5,5,4,5,5,5,5,5,5,5,5,1,3,6,4,2,2,5,4,1,1,1,1,4,4,4,4,4,4,5,5,1,1,1,4,4,4,4,4,4,4,4,4,4,4
1878,4,1,2,243,243,2,1,7,4,3,5,7,9,8,8,8,8,2,3,5,5,6,6,5,4,4,5,1,1,1,2,2,1,1,2,1,2,1,2,1,1,2,2,8,9,3,2,8,9,8,8,8,7,9,7,9,9,9,3,8,8,5,5,6,5,6,5,6,6,4,5,5,5,7,6,5,6,6,8,9,6,5,7,5,6,6,6,5,4,5,5,5,5,5,6,6,6,6,7,6,6,5,4,6,5,5,7,6,5,7,9,6,6,6,5,5,5,6,5,6,5,6,5,4,5,6,5,4,7,5,5,5,4,3,3,4,4
1879,4,1,1,204,243,1,1,5,7,0,6,6,7,1,7,1,5,3,4,4,4,5,5,2,1,2,6,1,1,1,1,1,2,2,1,1,1,1,2,1,1,1,2,7,6,5,5,6,6,3,3,4,6,5,5,4,4,2,7,5,6,5,4,4,4,4,4,3,4,4,4,4,4,3,3,3,4,4,4,7,5,4,4,4,4,4,4,4,3,3,4,5,4,5,5,4,5,5,5,5,5,5,5,6,1,6,4,1,2,5,5,2,3,3,1,4,3,4,5,4,3,2,2,2,2,2,5,4,4,3,4,4,5,4,4,4,4
1880,4,2,3,243,243,3,3,7,1,-1,5,9,5,1,9,1,8,2,2,1,2,5,4,6,6,2,5,1,2,1,1,2,1,2,1,1,1,1,2,2,2,2,2,5,4,8,3,10,10,4,2,10,2,4,3,1,1,1,6,1,5,5,7,7,3,7,1,4,5,4,1,4,7,7,3,6,7,1,9,10,7,1,7,6,7,2,2,6,6,7,6,7,6,7,6,7,7,7,7,6,7,7,2,1,1,7,3,1,7,1,1,1,1,1,2,7,6,1,1,7,7,2,2,5,1,1,7,7,7,7,4,7,7,7,4,7,4
1881,4,2,2,243,243,1,3,1,12,0,4,7,7,7,1,1,1,2,2,4,6,1,6,4,1,6,4,2,2,1,1,1,1,1,1,2,1,2,1,1,1,1,1,3,7,6,3,10,10,10,10,10,7,1,5,10,10,10,10,1,10,5,7,5,6,7,1,1,1,7,7,5,6,7,6,1,6,1,1,1,7,2,7,2,7,2,2,6,1,6,7,6,7,7,2,7,6,5,6,5,7,6,7,1,1,7,6,1,1,9,1,1,4,1,1,6,5,6,1,6,5,1,1,6,6,1,7,7,1,7,7,7,7,7,5,1,4
1882,4,2,1,243,243,2,1,6,12,-3,4,7,7,3,6,3,5,2,2,4,5,4,5,4,2,4,4,1,2,1,1,2,2,1,2,1,1,1,1,1,2,2,2,6,6,6,6,8,6,4,5,7,6,6,5,4,5,4,6,6,5,5,7,4,5,4,4,5,4,4,5,4,4,5,5,4,4,4,1,1,5,3,6,5,4,5,5,4,6,4,5,7,7,7,4,7,7,5,7,7,6,6,7,1,1,6,4,1,1,3,1,1,4,1,1,6,4,4,1,6,6,5,7,1,1,2,5,5,5,6,5,3,7,5,4,3,4
1883,4,2,4,243,243,2,1,5,12,0,5,8,7,1,6,5,5,2,2,5,4,4,5,4,4,4,4,1,1,1,1,1,2,2,1,1,2,1,2,2,2,2,2,5,7,6,4,6,7,4,4,4,5,4,4,5,5,6,7,6,4,5,4,5,4,2,5,4,4,4,5,6,3,3,4,4,4,2,4,5,4,6,4,5,2,6,6,6,6,7,7,7,6,7,5,7,6,7,7,7,7,3,7,2,1,7,3,1,1,1,7,2,2,2,1,7,7,7,1,7,7,6,7,2,3,6,7,5,7,7,7,7,7,5,5,7,4
1884,4,1,5,243,243,2,1,4,1,-2,2,9,9,1,8,1,5,2,2,2,2,3,5,2,2,1,5,2,2,1,1,1,1,1,1,1,1,2,1,2,2,2,2,4,4,5,4,10,7,5,3,7,3,3,4,3,2,3,4,5,7,5,7,7,7,5,4,3,4,4,4,3,5,5,5,5,5,1,4,4,5,4,6,5,5,3,4,5,5,4,5,6,4,7,4,7,6,7,6,6,6,4,7,2,1,7,4,1,1,3,5,1,1,1,1,4,5,4,4,4,4,4,6,2,2,3,7,7,5,7,4,7,7,7,3,4,4
1885,4,2,2,180,180,3,3,7,2,-2,4,8,9,7,9,4,4,2,2,1,3,4,6,6,5,3,4,2,1,1,2,1,1,1,2,1,1,1,1,2,1,2,1,5,3,7,5,7,6,7,6,5,6,7,5,6,5,4,5,5,5,5,7,4,5,6,5,5,5,6,5,5,7,6,4,6,6,4,6,7,6,4,6,6,6,4,6,7,7,7,7,6,7,7,7,7,7,7,6,7,7,7,7,7,1,7,4,1,1,7,4,1,1,1,1,4,2,1,4,1,1,3,1,4,4,3,2,4,4,2,4,3,4,3,5,4,4
1886,4,1,3,243,113,2,1,9,12,0,1,7,7,7,7,7,8,2,2,4,4,4,4,4,4,4,4,1,2,1,1,2,2,2,2,1,2,1,1,1,1,2,1,8,7,4,4,7,7,8,8,8,8,8,7,8,8,7,4,8,7,5,5,5,5,6,6,6,6,6,6,6,6,6,6,6,6,6,7,8,6,6,6,6,5,6,6,6,6,6,5,7,7,7,4,7,5,6,7,7,7,6,7,4,1,7,7,1,1,6,6,2,4,3,2,6,7,1,1,6,6,3,1,7,7,5,5,4,4,4,6,5,4,4,5,4,4
1887,4,2,2,243,243,2,1,5,12,0,2,10,10,1,10,10,1,2,2,7,7,1,7,4,4,4,4,1,1,1,1,1,1,1,1,1,1,1,2,1,2,1,1,10,10,6,6,10,10,6,10,10,10,10,10,10,10,10,1,10,10,5,7,7,7,7,1,2,4,7,7,4,7,7,7,4,7,7,1,1,7,1,7,7,7,1,1,7,7,7,7,7,7,7,4,7,7,7,7,7,7,5,5,1,3,7,6,4,1,5,1,1,2,1,2,7,7,1,1,7,7,5,7,5,5,5,4,7,4,7,7,7,7,7,1,4,4
1888,4,2,1,136,136,1,1,7,8,0,5,10,10,2,10,4,4,2,4,5,4,3,6,4,1,1,5,1,2,1,1,2,2,2,2,1,1,1,1,2,1,2,2,3,3,5,4,4,8,5,4,5,5,3,4,3,3,3,2,10,5,5,7,4,6,4,5,4,4,4,2,2,5,4,4,4,4,1,6,5,4,5,4,4,4,5,4,7,4,4,5,7,7,7,6,7,7,7,7,7,7,6,6,5,1,7,5,1,2,1,10,2,1,2,1,4,4,4,4,4,4,2,1,1,1,1,5,7,7,7,7,7,7,7,7,2,4
1889,4,2,1,243,243,1,3,2,2,-4,3,2,2,2,3,2,2,1,1,4,3,4,4,4,6,4,4,1,1,1,1,2,1,1,2,1,1,2,1,2,1,2,1,3,2,9,9,2,2,3,4,2,1,2,2,2,2,3,9,2,2,5,3,3,3,3,3,3,3,4,4,6,4,4,4,4,4,4,2,2,4,4,4,4,4,3,4,4,4,4,4,4,4,4,4,4,4,4,4,4,3,4,4,4,6,4,7,4,5,2,2,1,4,4,4,4,3,4,4,4,1,4,4,3,4,2,4,3,4,4,4,4,4,4,4,3,4
1890,4,2,3,243,243,3,3,5,12,0,2,5,5,5,5,5,5,2,2,4,4,4,4,4,4,4,4,1,1,1,1,1,2,1,2,1,2,1,2,2,2,1,1,5,5,5,6,5,5,5,5,5,5,5,6,5,5,5,6,5,6,5,4,4,4,4,4,4,4,4,4,4,4,4,4,4,4,4,5,5,4,4,4,4,4,4,4,4,4,4,4,4,4,4,4,4,4,4,4,4,5,5,5,2,2,7,5,4,2,5,5,4,4,4,4,4,4,4,4,4,4,2,3,4,3,5,4,4,4,4,4,4,4,4,4,4,4
1891,4,1,4,243,243,3,1,5,1,1,5,10,9,1,4,1,7,2,3,2,1,4,3,4,2,5,5,2,2,2,1,2,1,1,2,2,2,1,2,1,2,2,1,6,5,8,4,10,10,6,2,10,6,5,2,8,2,5,4,9,5,5,7,7,7,5,5,1,4,6,5,5,7,6,6,6,6,1,2,2,5,6,4,4,2,3,6,6,6,6,6,7,5,7,5,7,7,7,7,7,7,1,7,1,1,7,2,1,1,1,3,1,4,1,1,7,7,4,1,5,7,4,2,6,1,3,5,7,5,7,7,7,4,7,4,5,4
1892,4,1,5,243,243,3,2,2,12,-2,5,8,10,1,9,1,2,1,1,6,6,2,6,4,1,2,7,2,2,1,2,2,2,2,2,1,2,2,1,2,2,2,2,6,7,6,4,10,8,7,5,9,9,8,6,5,2,1,2,6,7,5,7,5,4,6,4,5,4,4,4,5,5,6,5,5,4,1,1,2,7,7,6,6,5,6,3,6,7,5,6,7,7,7,4,7,7,6,7,7,6,6,7,5,1,7,4,1,1,2,2,1,1,1,1,7,7,7,1,7,6,7,3,4,1,4,7,7,3,4,2,7,5,7,3,3,4
1893,4,1,5,243,243,3,1,7,1,1,4,8,6,10,7,4,7,2,2,4,2,6,5,7,1,7,2,1,1,1,1,1,1,1,1,2,2,1,1,2,1,2,2,7,4,4,2,9,8,3,4,8,2,6,9,10,10,10,6,8,9,5,7,1,6,7,3,2,3,7,7,7,6,6,3,2,2,2,1,1,4,7,2,3,4,5,4,7,6,7,6,7,7,7,3,7,7,7,7,7,7,7,7,3,1,7,4,1,1,1,10,4,4,1,1,7,7,7,1,7,7,3,3,4,4,7,7,7,7,7,7,7,7,7,1,5,4
1894,4,2,1,180,180,3,1,7,2,0,2,10,10,8,10,4,5,1,3,6,6,2,7,6,5,2,4,1,1,1,1,1,1,1,1,1,1,1,1,1,2,1,1,8,6,2,5,9,7,4,8,9,7,4,4,7,5,5,3,7,8,5,7,6,5,5,4,2,2,6,6,5,5,5,3,6,6,6,8,7,7,7,7,3,5,4,4,7,7,7,7,6,6,7,6,7,6,6,7,6,7,7,7,7,1,7,7,1,1,7,8,4,7,3,3,3,4,4,6,1,2,2,1,5,4,7,5,7,5,7,1,7,7,7,5,5,4
1895,4,1,1,243,243,1,1,5,3,0,4,9,7,7,4,5,6,2,2,3,3,3,3,3,3,3,3,1,1,1,1,1,2,1,1,1,2,1,2,1,2,2,1,8,5,5,8,5,8,4,3,6,4,4,8,9,8,4,3,8,9,5,3,3,4,3,4,4,4,4,3,4,3,4,4,4,3,4,6,9,4,4,4,4,4,3,4,4,3,3,4,4,4,4,4,3,4,5,4,4,5,4,4,6,4,4,4,3,4,8,5,4,3,5,3,4,5,3,4,2,4,4,4,4,4,4,4,3,4,4,4,4,4,4,4,4,4
1896,4,2,1,243,243,2,1,5,10,0,3,10,10,1,7,4,5,2,3,5,6,5,7,2,1,1,5,1,1,1,2,1,1,1,1,1,1,1,1,2,1,2,2,10,10,8,4,10,10,10,9,8,10,3,7,5,5,5,5,10,6,5,6,7,5,7,5,1,4,6,5,4,6,7,3,5,5,4,1,1,5,7,5,6,5,5,6,7,5,7,7,7,7,7,2,7,7,7,6,7,7,7,7,3,1,7,4,1,1,6,7,2,7,1,4,7,4,5,2,7,7,6,2,2,1,6,7,7,7,7,7,7,7,7,4,1,4
1897,4,1,5,243,243,3,1,8,12,-1,2,9,9,4,6,1,6,2,2,2,1,2,5,3,1,2,5,1,1,1,1,1,1,1,1,1,1,1,1,2,1,2,2,7,8,6,7,10,7,9,4,8,7,7,2,4,2,4,5,8,9,5,6,6,5,3,7,2,2,3,4,3,2,2,2,2,2,1,2,3,2,3,2,2,5,5,6,3,6,3,3,7,6,7,5,7,7,7,6,7,6,1,6,1,1,6,7,1,1,3,5,1,1,1,1,5,5,5,1,2,5,1,7,1,1,1,6,6,3,5,4,7,5,5,4,3,4
1898,4,2,5,243,243,4,5,3,2,-5,1,10,10,1,8,1,10,2,2,1,1,4,5,1,4,1,7,1,1,1,1,1,1,1,1,1,1,1,2,1,1,2,1,2,2,3,1,10,6,6,6,6,9,6,6,1,1,1,2,9,5,5,7,5,7,4,5,1,2,2,4,5,5,6,5,4,5,1,6,5,5,5,5,5,4,6,6,7,7,7,7,7,6,7,5,7,7,7,7,7,7,1,7,1,1,7,4,1,1,1,5,1,1,1,1,7,7,7,1,6,7,7,7,3,4,4,7,7,7,7,7,7,7,7,7,7,4
1899,4,2,4,243,243,3,1,4,12,-1,4,8,7,3,8,7,7,2,4,3,1,4,4,4,3,5,4,1,1,2,1,1,1,1,1,1,1,1,1,2,1,1,1,7,5,5,3,9,7,5,6,5,5,6,5,5,5,6,6,5,5,5,6,5,4,4,5,4,4,4,5,4,3,5,4,4,3,2,5,6,5,3,5,6,4,4,5,6,4,2,5,5,4,5,5,7,4,5,5,5,7,7,7,1,1,1,1,1,1,6,5,1,1,1,1,4,5,5,1,7,7,7,7,1,1,1,4,4,5,4,4,4,5,4,4,5,4
1900,4,2,3,243,243,3,1,2,12,-1,4,8,7,1,9,1,7,2,4,2,1,4,4,5,6,3,4,2,2,2,1,1,1,1,2,2,2,1,1,2,1,2,2,5,7,6,6,9,8,5,6,7,6,7,6,8,5,7,3,6,7,5,6,7,6,4,5,3,4,5,7,2,6,6,4,4,6,4,2,4,3,4,3,5,3,3,6,7,6,5,6,7,7,6,6,7,7,7,7,7,7,7,7,1,1,7,3,1,1,1,7,1,4,1,4,7,7,1,1,7,7,7,7,1,1,7,5,5,5,7,7,7,7,7,4,7,4
1901,4,2,1,243,243,2,3,3,12,0,2,7,8,2,6,5,5,2,2,1,2,5,5,4,1,4,4,1,1,1,1,1,1,1,2,2,1,1,2,2,1,2,1,5,6,7,7,10,6,6,7,8,3,4,7,5,5,4,6,4,5,5,6,4,6,5,5,3,3,5,7,3,5,5,5,5,5,1,1,5,3,5,3,3,3,4,5,6,4,4,6,7,7,7,5,7,7,7,7,7,7,7,7,1,1,7,4,1,1,4,4,1,1,1,1,4,4,4,4,4,4,2,7,1,1,2,5,4,4,5,4,7,2,2,1,1,4
1902,4,2,3,243,243,1,1,2,12,-3,5,8,8,2,6,1,7,1,3,7,6,4,6,2,1,1,7,1,1,1,1,1,1,1,1,1,1,1,1,2,1,1,1,6,7,5,4,10,10,8,8,10,9,9,6,1,1,3,3,7,9,5,7,7,7,7,4,6,5,3,2,6,6,6,5,4,6,1,4,9,7,6,7,5,7,1,3,6,6,7,6,5,6,6,4,7,5,6,7,7,6,4,6,1,1,7,6,1,1,5,5,1,3,1,1,4,3,6,3,4,4,3,4,4,4,5,7,7,2,7,5,6,7,5,4,1,4
1903,4,1,3,180,243,3,2,6,2,0,3,6,7,6,7,7,7,1,2,3,4,3,3,4,5,3,4,2,1,2,2,2,2,2,1,1,1,1,2,2,1,1,1,7,7,5,4,6,7,6,7,8,6,5,6,7,6,6,5,6,6,5,6,6,6,4,6,4,5,6,5,4,6,6,6,5,6,5,6,7,5,5,6,5,5,6,5,4,5,5,6,4,6,6,5,5,5,5,6,5,7,6,6,1,6,7,6,1,1,7,6,1,2,2,3,3,3,2,3,3,3,4,4,4,4,5,4,5,5,5,4,4,4,5,4,4,4
1904,4,1,2,243,243,1,2,6,12,0,3,5,3,6,3,2,5,2,2,1,1,4,3,4,3,5,5,2,2,2,1,1,1,2,2,2,2,2,2,1,2,1,1,3,3,6,4,7,4,6,3,6,5,3,5,7,5,8,7,5,5,5,5,5,5,5,4,4,6,5,6,6,7,7,6,6,7,4,3,7,3,6,2,3,4,5,4,3,2,6,3,6,5,6,1,7,6,5,3,6,5,1,7,1,1,6,3,2,2,8,2,1,3,1,1,1,3,3,3,1,3,4,4,3,4,1,5,5,7,7,3,5,5,5,4,4,4
1905,4,2,4,243,243,4,1,2,11,0,2,8,9,5,6,8,2,2,2,7,1,4,6,7,1,6,5,2,2,2,1,1,2,1,1,1,1,2,2,2,2,2,2,6,5,7,3,10,8,6,6,10,7,5,6,10,8,5,5,6,7,5,6,7,6,5,5,1,4,6,7,6,6,6,6,5,5,1,1,8,3,6,3,2,3,6,6,7,7,7,7,7,6,7,4,7,7,7,7,7,7,5,5,1,1,7,2,1,1,1,9,2,1,1,1,7,7,4,1,7,7,3,3,3,1,6,7,5,5,7,7,7,7,7,5,5,4
1906,4,2,3,243,243,3,6,4,11,0,4,9,8,1,9,1,5,2,2,1,1,4,4,5,3,1,4,1,1,1,1,1,1,1,1,1,1,1,1,1,1,2,1,8,9,6,6,10,9,10,7,10,3,10,1,1,1,2,4,7,9,5,6,7,4,4,4,4,4,4,4,2,6,6,6,5,6,1,10,10,5,4,5,5,4,3,4,6,7,5,6,7,1,7,2,7,7,7,7,7,7,7,7,1,1,7,3,1,1,1,8,1,5,1,1,7,4,6,7,5,7,6,5,3,2,2,7,7,4,7,7,7,7,7,1,7,4
1907,4,1,5,243,243,3,1,6,1,0,4,8,8,1,7,1,6,2,3,3,2,4,5,5,2,1,4,1,2,1,1,1,2,1,1,1,2,1,1,1,1,2,2,6,7,5,5,10,7,6,7,5,6,5,6,6,6,6,5,7,6,5,7,6,5,5,7,4,5,3,3,4,5,5,4,4,4,1,6,6,5,4,5,4,2,5,4,4,7,4,4,7,6,7,4,7,3,6,7,6,7,5,5,1,1,4,6,1,1,6,6,2,2,1,1,6,7,6,1,7,7,6,4,4,3,6,5,7,7,5,7,5,5,7,5,7,4
1908,4,2,3,243,243,2,1,5,11,1,2,8,1,10,2,1,5,2,2,4,3,2,4,4,1,4,4,2,2,2,2,2,2,2,2,2,2,2,2,1,2,1,1,2,3,7,5,5,8,7,7,5,5,6,6,1,1,1,5,9,3,5,7,4,4,7,1,4,3,5,4,4,4,4,4,4,4,4,2,5,7,1,7,7,7,3,7,4,4,4,4,4,6,5,4,5,4,4,4,7,6,7,7,4,1,7,6,1,1,10,1,1,3,1,1,4,4,4,4,4,4,1,3,1,1,4,7,7,4,4,5,5,7,5,4,4,4
1909,4,2,2,243,243,1,3,6,12,0,3,10,10,4,8,10,7,2,2,5,7,5,6,5,4,5,3,1,2,2,1,1,1,1,1,2,1,2,2,1,1,1,1,5,5,5,4,10,10,7,5,7,7,5,6,10,8,8,7,10,7,5,6,6,6,4,7,6,4,6,7,5,5,5,6,5,6,3,3,5,5,6,4,3,1,6,7,6,4,6,6,6,6,7,5,7,6,7,7,6,5,5,7,1,1,7,5,1,1,4,8,2,4,1,1,4,4,5,7,5,4,5,7,3,5,4,5,7,7,7,7,7,7,7,5,5,4
1910,4,2,2,180,180,2,1,7,2,4,5,10,10,10,10,5,5,2,2,6,6,2,7,5,1,5,3,1,1,1,1,1,2,1,2,1,1,1,1,2,1,2,1,7,10,4,4,10,8,2,2,5,3,3,5,2,2,5,6,3,3,5,7,6,6,5,5,2,4,4,5,6,6,4,4,5,6,4,7,5,4,5,4,6,2,6,5,7,7,5,6,7,7,7,6,7,7,7,7,7,7,7,7,6,1,7,4,1,1,5,10,1,1,1,1,6,3,1,1,7,4,3,4,4,4,4,5,4,7,7,5,7,5,4,7,5,4
1911,4,1,4,113,113,3,3,7,12,-2,5,8,7,3,4,1,7,2,2,4,4,3,4,4,2,2,6,1,2,1,1,1,1,1,1,1,1,2,1,2,1,2,2,5,5,4,5,9,7,5,5,6,6,6,6,4,2,2,3,2,7,5,4,4,3,4,4,2,4,4,5,2,2,5,4,2,2,2,1,3,5,6,6,4,4,5,6,6,6,4,5,6,6,7,5,7,7,7,7,7,7,6,6,1,1,7,3,1,1,3,7,1,1,1,1,6,3,4,1,4,6,4,6,1,1,4,5,5,5,5,4,6,7,6,4,2,4
1912,4,1,4,243,243,2,1,1,12,-5,6,10,6,1,4,5,2,2,2,7,6,1,7,1,1,1,7,2,2,2,1,1,1,1,1,2,2,2,1,2,1,2,2,5,6,5,2,10,10,8,6,5,4,6,7,1,1,1,1,7,5,5,6,3,4,5,5,1,2,2,3,3,5,4,2,1,1,1,1,9,4,2,4,4,4,2,2,2,3,1,3,6,3,7,5,6,4,5,7,6,6,2,6,7,2,6,4,2,5,1,5,2,5,1,1,4,4,4,4,4,4,6,6,3,4,4,7,7,7,2,4,7,3,4,1,4,4
1913,4,2,4,243,243,2,1,7,12,-1,5,7,7,2,5,1,7,1,1,5,1,5,4,1,1,1,6,2,2,1,1,1,1,1,2,1,1,1,1,2,1,2,2,7,5,7,5,10,8,5,2,10,4,4,3,1,1,1,3,5,5,5,7,6,4,2,6,2,1,2,5,3,2,2,2,1,1,1,1,4,2,3,2,3,2,6,6,5,7,6,5,7,2,7,3,7,7,6,7,7,7,1,7,1,1,7,3,1,1,2,8,1,7,1,1,7,7,7,1,7,7,6,7,1,1,2,7,5,5,5,7,7,7,3,4,2,4
1914,4,1,5,243,243,1,1,6,1,1,5,8,7,1,5,2,5,2,4,2,1,2,3,1,1,1,3,2,1,1,1,1,1,1,2,1,1,1,2,2,1,2,2,4,7,5,2,10,9,9,6,9,7,6,5,4,5,5,5,8,7,5,6,7,6,4,4,2,4,5,4,4,5,5,3,4,5,1,5,7,5,2,5,5,6,6,6,7,7,6,7,7,6,7,3,7,6,7,7,7,7,7,7,1,1,7,4,1,1,4,5,1,1,1,1,7,7,7,1,7,7,5,6,1,1,1,5,7,5,7,5,7,7,7,4,1,4
1915,4,1,5,243,243,3,1,5,2,4,1,5,5,7,2,2,6,2,2,2,4,2,5,2,2,6,1,2,2,2,2,2,2,1,1,2,2,1,2,1,2,2,1,1,1,10,6,2,7,4,2,6,1,3,2,9,9,9,9,2,5,5,1,1,1,7,3,4,5,7,7,1,7,6,6,6,7,4,8,8,2,6,3,6,4,4,2,3,2,2,2,3,5,6,1,5,2,2,2,2,2,3,6,1,1,1,5,2,3,10,2,1,5,4,1,1,1,1,5,1,1,1,5,1,1,1,7,7,4,5,7,7,7,5,5,4,4
1916,4,1,5,243,243,3,1,8,12,1,4,6,5,6,6,6,6,2,2,4,4,4,4,4,4,4,4,2,1,2,1,2,1,2,2,2,2,2,1,2,1,1,2,6,5,5,5,6,6,6,6,6,5,6,5,6,5,4,5,5,6,5,4,4,4,4,4,4,4,4,5,4,4,4,4,4,4,4,6,6,4,4,4,4,4,4,4,4,5,4,4,4,3,4,3,4,4,4,4,4,4,4,4,4,4,4,4,5,4,6,6,4,4,4,4,4,4,4,4,5,4,4,4,4,4,4,4,4,4,4,4,4,4,4,4,4,4
1917,4,2,3,243,243,3,1,5,11,0,4,8,8,2,8,1,4,1,2,6,4,4,5,5,4,5,4,2,1,1,1,1,2,2,2,1,2,1,1,2,2,2,2,8,4,9,1,10,7,5,5,5,5,5,5,3,2,5,4,5,4,5,7,7,7,4,6,4,4,5,7,7,7,5,4,4,4,1,7,7,3,6,1,4,1,5,7,7,4,7,7,7,7,7,3,7,7,4,7,7,7,7,4,2,1,6,4,1,1,7,5,1,6,1,1,7,7,1,1,7,7,4,4,4,1,4,7,7,7,7,7,7,7,7,5,1,4
1918,4,1,6,243,243,3,1,7,12,1,5,8,8,3,6,2,6,2,2,4,1,2,5,3,1,2,2,2,1,1,1,1,1,1,1,1,1,2,1,1,2,2,1,8,7,9,4,10,10,7,7,10,7,8,5,4,2,3,5,5,8,5,6,7,5,5,5,1,2,4,6,5,4,5,2,4,4,2,1,1,5,2,4,3,4,5,4,4,5,3,3,6,4,7,4,6,6,3,6,6,6,1,7,1,1,7,3,1,1,3,5,1,2,1,1,5,6,4,2,4,6,6,6,2,2,3,5,5,5,7,7,7,7,7,5,5,4
1919,4,2,2,243,243,3,1,10,2,1,5,6,10,9,10,8,2,2,2,5,5,4,5,5,5,5,5,1,1,1,1,1,1,1,1,1,1,1,1,1,1,1,1,1,1,9,10,2,1,5,6,6,7,7,5,5,5,7,6,5,5,5,7,5,6,6,4,5,5,5,5,5,5,5,4,5,5,5,10,9,6,5,4,6,5,5,5,4,4,5,5,7,6,5,6,5,7,6,6,7,7,7,6,6,6,6,7,6,7,9,8,6,6,5,6,4,3,4,4,4,4,4,4,5,4,5,5,5,4,5,4,4,4,5,5,4,4
1920,4,1,3,243,243,4,1,5,2,0,3,6,7,6,5,3,5,2,2,4,3,4,5,4,3,5,4,2,2,2,1,1,1,1,2,1,1,1,2,1,1,1,1,4,5,6,6,3,5,6,5,6,4,6,5,5,5,6,6,7,5,5,5,6,5,6,4,5,4,6,6,6,5,5,4,4,5,4,3,4,5,4,6,5,5,3,5,4,4,5,4,5,5,5,3,5,5,4,5,4,4,3,7,1,2,4,5,7,2,7,4,1,4,1,1,4,3,4,2,3,5,5,6,5,5,5,5,4,4,5,4,5,5,5,4,5,4
1921,4,2,4,243,243,3,1,5,12,0,1,10,6,1,7,2,8,2,2,6,1,4,4,5,1,6,4,2,1,1,2,1,1,1,2,1,1,1,1,2,1,1,1,6,2,6,3,10,9,6,3,10,4,2,5,4,2,9,5,10,5,5,7,7,7,4,4,4,4,5,7,7,6,6,6,4,6,1,2,2,4,5,5,1,2,5,7,7,4,7,4,7,7,6,5,7,7,7,7,7,7,7,6,5,1,7,4,1,1,1,2,1,1,1,1,4,4,4,4,4,1,3,2,5,1,4,7,7,7,7,7,7,7,7,5,5,4
1922,4,2,2,243,243,2,1,5,12,0,4,6,8,6,4,3,8,2,2,5,4,3,5,3,1,4,3,2,2,1,1,2,2,1,1,2,1,1,2,2,2,2,2,6,2,3,2,6,8,6,2,4,4,3,4,5,2,2,7,4,4,5,6,4,6,6,5,4,6,4,6,7,5,5,4,5,4,4,1,1,4,6,3,5,4,5,6,5,6,4,5,6,5,5,4,3,6,7,7,4,6,5,4,5,1,6,6,1,1,4,7,6,5,5,6,3,3,4,5,4,4,2,6,2,1,2,5,7,7,4,5,5,7,4,5,2,4
1923,4,2,3,243,243,3,1,6,12,0,4,5,7,3,4,3,7,2,2,2,4,5,4,4,2,4,4,2,2,1,1,1,1,1,2,1,1,1,2,2,1,2,2,5,5,5,5,8,4,5,4,5,4,4,5,5,3,3,6,4,5,5,5,5,5,4,4,4,4,4,5,4,4,4,5,4,4,4,3,2,4,4,3,4,3,5,6,5,4,4,5,6,4,4,3,6,5,5,6,6,5,3,4,1,1,6,6,1,1,3,3,1,1,1,1,1,1,1,1,1,1,3,5,3,1,4,5,5,5,5,5,5,5,5,4,4,4
1924,4,1,2,243,243,3,1,7,12,2,6,7,1,1,5,1,6,2,2,1,2,6,5,7,1,1,5,1,2,1,1,2,1,1,1,2,1,2,1,2,1,2,2,7,6,6,6,5,6,1,2,7,3,2,2,1,1,1,6,4,5,5,6,6,4,2,4,4,4,4,5,2,5,4,4,1,1,1,3,1,6,1,2,6,3,3,3,5,6,2,5,6,7,4,5,4,6,7,6,6,7,7,7,1,1,7,4,1,1,1,5,4,2,2,4,4,4,4,4,4,4,4,3,6,1,6,4,4,4,7,4,5,5,4,6,5,4
1925,4,1,2,243,243,1,1,9,1,3,3,7,5,7,6,8,8,3,3,3,5,4,5,5,4,4,4,1,2,2,2,1,2,2,2,2,2,1,1,1,2,2,1,7,5,4,5,8,6,7,7,7,6,7,8,6,6,7,3,5,6,5,5,4,4,4,4,4,4,4,5,5,4,5,4,5,6,5,8,7,5,4,4,5,6,5,5,4,4,5,4,4,4,5,5,4,5,5,5,5,5,4,4,5,5,4,5,6,5,8,5,5,4,4,5,5,4,4,4,4,5,4,5,4,5,4,5,4,6,5,3,5,4,4,4,4,4
1926,4,2,5,243,243,3,6,5,12,-3,5,10,10,1,8,2,1,2,3,4,2,2,7,5,3,2,3,2,1,1,1,1,1,2,1,1,2,1,2,1,2,2,1,7,7,5,4,9,10,10,6,10,10,10,9,6,1,4,6,3,6,5,7,7,7,7,5,2,2,7,7,6,7,7,5,7,7,1,1,2,7,2,7,7,7,3,5,6,7,7,7,7,7,7,7,7,7,7,7,7,6,7,7,7,1,7,4,1,1,2,9,3,7,1,1,7,7,7,1,7,7,1,1,7,7,6,7,7,7,7,7,7,7,7,2,5,4
1927,4,1,5,243,243,3,2,7,1,3,4,8,8,1,5,1,8,2,2,2,1,4,5,4,1,2,5,1,2,1,1,1,2,1,1,1,2,1,2,1,1,2,1,6,6,6,3,10,10,7,2,6,2,8,8,4,3,3,4,2,6,5,6,7,6,5,5,3,3,6,4,5,6,6,2,2,1,1,3,2,5,5,5,3,2,6,6,6,7,7,5,7,6,5,4,7,7,6,7,7,5,3,7,2,1,7,6,1,1,2,4,1,7,4,1,6,6,6,1,6,7,3,7,6,2,2,5,5,7,7,4,4,5,5,3,5,4
1928,4,2,4,243,243,3,1,6,12,4,3,9,8,2,7,1,6,2,2,2,1,4,6,5,1,4,4,2,2,1,1,2,2,1,2,2,2,1,2,1,1,2,2,8,5,5,4,10,8,3,4,6,6,4,5,6,4,5,8,5,7,5,6,6,6,4,3,1,1,4,3,7,4,5,4,5,4,1,3,2,4,5,4,4,2,5,5,6,6,6,4,7,7,7,5,7,7,6,6,7,7,5,4,1,1,7,4,1,2,5,7,1,5,1,1,7,7,1,1,7,7,6,2,1,1,6,7,7,5,7,5,7,7,7,5,5,4
1929,4,1,5,110,110,5,2,6,11,0,5,2,1,1,2,1,5,2,2,1,4,6,1,6,4,4,4,1,2,1,1,2,1,1,1,1,1,2,1,1,1,2,1,1,1,1,1,5,5,7,4,7,5,8,6,6,5,6,6,7,5,5,4,4,4,6,3,1,4,4,4,4,4,4,4,4,4,4,1,9,3,3,4,4,5,4,4,4,3,4,5,7,7,7,4,7,2,7,7,7,7,4,7,1,1,1,7,1,1,5,5,2,2,2,2,5,5,6,2,3,5,4,4,4,4,4,4,4,4,4,4,4,4,4,4,4,4
1930,4,2,3,243,243,1,3,1,12,0,2,10,10,1,7,1,4,1,2,1,1,4,6,5,4,1,4,2,2,2,2,1,1,2,2,1,1,1,1,1,2,1,1,6,1,6,6,10,6,5,5,7,4,5,3,6,3,5,6,5,3,5,6,6,4,4,4,4,4,4,7,6,4,4,4,4,4,4,1,2,6,1,5,4,4,5,4,7,5,4,6,7,7,7,4,4,5,7,7,7,7,7,7,1,3,7,2,1,1,6,4,4,5,1,1,4,7,1,1,1,5,1,7,1,1,7,5,4,5,7,5,4,7,4,3,4,4
1931,4,1,2,243,243,2,1,7,9,1,5,10,8,2,7,5,7,1,1,3,1,5,5,1,1,4,5,1,2,1,1,1,2,1,2,1,2,1,1,2,1,2,1,5,8,6,4,10,7,6,7,8,4,6,2,3,3,4,4,8,6,5,6,6,4,5,4,2,2,4,5,4,5,6,5,4,6,1,4,6,5,3,5,4,4,3,2,7,4,3,7,6,3,6,7,7,6,6,7,7,7,1,7,6,1,6,6,1,1,6,3,1,3,1,2,6,4,4,2,7,7,6,6,2,1,1,4,5,5,7,3,7,5,5,7,2,4
1932,4,1,4,243,243,1,1,6,12,1,4,7,7,3,5,2,6,1,1,5,2,4,5,5,2,4,5,2,1,1,1,1,1,1,1,1,2,1,1,2,2,1,2,3,3,6,5,10,9,4,3,5,7,3,2,2,2,4,5,4,6,5,6,6,4,5,4,3,4,5,4,4,5,5,3,3,3,1,2,5,5,3,4,4,4,4,5,4,5,4,5,5,5,6,4,6,6,5,6,6,3,1,4,1,1,6,5,1,1,3,8,1,1,1,1,5,5,5,1,3,4,6,6,2,2,3,5,5,3,5,4,7,4,5,4,4,4
1933,4,2,4,243,243,4,3,1,12,0,4,10,10,1,10,1,1,2,2,1,7,1,7,4,1,1,4,1,1,1,1,1,1,1,2,1,1,1,1,2,1,2,1,5,4,8,8,10,10,7,10,9,10,5,1,1,1,1,6,2,2,5,7,6,7,5,7,6,3,4,7,5,7,7,7,7,7,1,1,1,7,7,5,1,1,2,7,7,7,7,7,7,7,7,4,7,7,7,7,7,7,7,7,1,1,7,3,1,1,1,7,1,1,1,1,7,7,7,1,7,7,7,7,1,1,4,7,7,7,7,7,7,7,7,7,7,4
1934,4,1,3,243,243,1,1,7,9,2,7,9,8,3,8,9,6,1,1,2,6,5,5,4,2,4,4,2,1,2,2,1,1,1,1,2,1,1,1,2,2,1,1,6,5,5,3,10,7,7,8,7,6,8,3,6,6,7,5,2,8,5,7,5,6,5,3,2,2,5,7,4,6,6,6,4,5,1,1,7,6,5,4,3,3,5,5,5,5,4,5,5,6,7,2,7,6,7,6,6,3,3,6,1,1,7,5,2,1,6,1,1,2,1,1,6,6,5,2,5,6,7,6,1,1,3,5,6,3,7,2,7,7,5,4,5,4
1935,4,1,3,243,243,1,2,3,12,0,3,5,4,3,2,3,3,2,2,2,5,4,2,4,4,2,4,2,2,2,2,2,2,1,1,1,2,1,1,2,1,2,1,3,4,7,6,5,4,4,3,4,3,5,3,3,3,4,7,3,4,5,6,6,6,4,4,4,4,4,5,6,4,4,4,4,4,4,5,4,4,4,4,6,4,4,5,4,4,4,4,4,4,6,2,6,6,6,5,4,4,4,4,4,4,4,6,4,4,4,3,3,2,2,4,4,4,4,4,4,4,4,4,4,4,4,4,4,4,4,4,4,4,4,4,4,4
1936,4,1,1,243,243,2,1,7,2,0,5,10,9,2,10,7,9,2,4,1,4,7,6,5,4,1,6,1,2,1,2,1,1,2,2,1,2,1,2,1,2,1,2,5,7,3,3,6,5,6,2,9,4,3,6,2,1,4,3,1,5,5,7,5,6,5,5,4,5,4,2,3,5,6,5,6,4,1,6,6,5,3,2,4,2,7,6,7,4,4,7,7,7,7,7,7,7,7,7,7,6,6,7,7,1,7,6,2,2,5,6,6,7,5,7,4,4,4,4,4,5,5,3,3,1,1,5,5,5,5,7,7,4,5,7,4,4
1937,4,1,4,187,187,3,1,7,2,0,3,8,9,6,8,1,7,1,2,6,5,1,6,4,2,4,5,1,1,2,2,1,1,1,1,2,2,1,2,1,2,1,1,4,5,3,3,3,5,4,5,4,4,4,5,5,4,4,6,6,4,5,2,4,5,5,4,4,4,5,4,4,3,4,4,5,5,3,6,6,5,5,7,5,4,3,5,6,7,6,6,6,6,6,4,6,6,6,6,6,6,5,6,3,6,6,6,6,4,8,7,5,5,5,6,4,4,4,4,4,4,2,4,5,4,5,4,4,5,4,3,5,4,4,4,5,4
1938,4,1,3,243,243,3,1,3,12,0,2,10,10,3,7,1,6,2,2,6,4,2,5,4,1,6,4,2,2,2,2,1,1,1,2,2,2,2,1,2,2,1,2,2,2,3,3,6,8,9,3,7,2,9,2,6,7,5,4,9,5,5,6,6,5,5,4,4,4,5,6,6,4,5,5,5,5,1,1,1,4,4,4,4,4,5,6,7,7,7,5,6,7,7,1,7,7,6,7,7,5,7,7,1,1,7,5,1,1,2,3,1,5,1,1,4,7,4,1,7,7,4,4,1,1,7,4,7,7,7,7,7,7,7,5,1,4
1939,4,1,3,243,243,1,1,9,10,3,4,9,9,1,8,1,10,2,2,5,4,5,6,4,1,3,2,1,1,1,1,1,1,1,1,2,1,1,2,2,1,2,2,7,7,4,2,9,6,9,8,8,8,7,3,8,9,7,5,7,9,5,6,6,6,4,4,1,1,5,6,5,6,6,4,1,1,1,1,1,5,2,6,6,4,6,5,6,6,6,6,6,6,7,6,7,6,6,7,7,7,7,7,7,1,7,6,1,1,5,9,1,4,1,1,6,6,6,1,6,6,5,5,3,2,7,7,7,7,7,5,7,7,7,5,3,4
1940,4,2,4,243,243,3,6,3,1,0,3,9,7,1,9,1,5,1,2,1,1,4,6,6,6,4,6,1,2,1,1,1,1,1,2,2,1,1,1,2,2,2,2,7,6,5,5,10,5,2,1,8,3,3,1,1,1,1,9,2,3,5,7,7,6,5,4,2,4,4,6,3,6,7,4,4,5,1,4,3,4,6,2,6,3,6,7,7,6,6,7,7,7,7,4,7,7,7,7,7,7,7,7,1,1,7,1,1,1,1,4,1,1,1,1,6,7,1,1,6,7,2,2,7,7,6,7,7,7,7,7,7,7,7,7,7,4
1941,4,2,5,243,243,4,1,7,1,-3,7,7,6,2,5,2,7,2,2,5,1,2,5,4,1,1,7,2,2,2,1,1,1,1,1,1,1,2,1,2,2,2,2,8,6,5,2,9,9,7,6,8,4,7,6,3,2,1,2,6,5,5,7,7,3,6,3,4,5,5,3,3,3,5,3,4,5,1,8,9,7,1,6,6,2,1,3,5,7,6,6,7,6,7,3,7,7,6,7,7,7,5,7,1,1,7,4,1,1,4,6,4,6,6,1,6,3,3,4,3,6,4,5,7,1,2,5,7,5,5,5,7,4,5,5,2,4
1942,4,2,5,243,243,3,1,7,2,3,5,6,6,2,5,1,9,2,2,1,1,3,4,2,3,1,4,2,2,1,1,2,1,1,2,2,2,1,2,1,2,1,2,3,2,5,9,3,2,3,2,4,8,4,3,3,2,3,8,8,7,5,7,7,5,3,6,2,4,4,5,4,2,5,3,3,3,1,2,10,2,5,3,7,1,5,5,4,6,4,5,7,7,6,4,7,6,6,7,7,6,7,6,3,2,7,3,1,1,1,4,2,2,1,1,5,7,4,1,6,7,4,6,5,1,7,5,7,5,7,5,7,7,4,5,3,4
1943,4,1,4,243,243,3,1,7,2,-1,3,9,9,2,8,1,3,1,4,3,2,3,5,5,1,2,5,1,1,1,1,1,1,1,1,1,1,2,2,1,1,2,2,7,8,7,3,10,8,4,2,7,1,7,5,1,1,2,5,3,4,5,6,6,6,5,5,3,2,4,3,3,6,6,3,6,3,1,7,5,3,4,3,4,3,4,3,7,7,4,7,7,6,7,6,6,6,6,6,5,7,7,7,1,3,6,6,2,2,2,8,1,1,1,1,7,7,4,4,7,6,6,3,5,5,4,5,7,5,7,7,7,7,5,3,3,4
1944,4,1,1,243,243,1,4,7,12,0,3,7,9,4,8,5,7,2,3,2,5,4,5,2,2,4,6,2,2,1,1,1,1,1,2,1,1,1,1,2,2,2,2,8,7,5,3,10,9,7,5,7,8,6,6,3,3,5,3,6,5,5,7,7,7,5,6,3,2,4,6,3,2,4,2,3,3,1,1,1,2,3,1,2,2,7,6,7,7,6,7,7,7,7,5,7,7,7,7,7,6,7,7,1,1,7,4,1,1,4,4,1,1,1,1,7,7,1,1,7,7,5,2,1,2,4,5,7,5,7,5,7,6,6,5,4,4
1945,4,2,6,243,243,1,2,4,12,-3,5,8,7,1,5,1,3,1,4,6,2,2,5,2,1,1,6,1,2,2,1,2,1,1,2,2,2,1,2,2,2,2,2,2,3,4,4,10,10,8,6,8,6,7,7,1,1,1,2,6,6,5,7,7,5,3,5,4,4,2,2,1,4,5,3,4,3,1,1,1,6,2,5,3,6,2,2,4,5,4,4,5,5,6,4,6,6,6,7,7,3,4,6,3,2,6,2,1,2,2,1,1,1,1,1,5,5,6,1,4,2,4,3,3,3,3,7,7,3,5,7,7,5,5,2,5,4
1946,4,1,3,243,243,3,1,5,5,0,5,7,7,7,7,6,6,3,2,4,4,4,4,3,4,4,4,1,1,1,2,1,2,1,2,1,2,2,1,2,1,2,1,6,7,4,4,7,7,7,7,7,6,6,7,7,6,6,5,6,6,5,4,4,4,4,4,4,4,4,4,4,4,4,4,4,4,4,5,7,5,5,5,5,4,5,4,5,5,5,4,4,4,3,4,3,4,4,4,4,4,4,3,4,4,4,4,4,4,7,7,4,4,4,4,4,4,4,5,4,4,4,4,4,4,4,4,3,4,4,4,4,4,3,4,4,4
1947,4,2,5,243,243,3,3,6,12,0,2,7,7,1,6,1,6,2,2,4,4,4,5,5,2,5,2,2,2,1,1,1,1,1,1,2,2,1,1,2,2,2,1,6,6,6,5,10,9,6,4,10,6,7,5,9,8,6,8,6,8,5,5,5,5,5,5,3,4,4,7,5,4,5,4,4,4,1,2,3,4,5,3,4,3,5,5,6,6,5,5,5,6,6,4,6,6,6,7,6,5,4,5,1,1,7,4,1,1,1,7,1,6,1,1,2,2,2,5,2,3,5,4,4,2,5,5,5,5,5,5,5,4,4,4,5,4
1948,4,1,4,243,243,3,1,7,12,0,4,3,6,4,3,6,6,2,3,1,1,3,6,7,1,2,5,2,2,2,2,1,1,2,2,2,2,2,2,2,2,2,1,5,7,4,4,8,5,4,2,8,2,5,1,4,3,6,3,9,4,5,6,7,5,7,2,1,4,5,4,6,6,7,6,6,7,2,4,2,2,7,1,4,3,6,6,7,7,6,7,7,7,7,3,7,7,7,7,7,7,7,7,1,1,7,3,1,1,5,2,2,3,3,2,7,7,2,1,7,7,1,6,4,2,5,7,7,6,6,7,7,6,6,6,1,4
1949,4,2,5,243,243,2,1,5,1,5,2,7,5,4,6,4,6,2,2,1,2,4,7,4,1,7,1,1,1,1,1,2,2,1,1,1,1,1,1,2,1,2,2,3,2,6,6,6,6,4,1,6,0,4,1,4,6,10,10,2,2,5,6,6,6,4,6,5,4,6,7,7,7,6,6,4,2,4,5,5,3,7,1,4,1,5,2,7,4,5,4,7,4,7,4,7,7,7,7,7,7,4,7,3,1,7,7,1,1,5,1,2,7,1,1,1,2,2,7,1,2,3,5,2,1,1,7,7,7,7,5,7,7,5,5,4,4
1950,4,1,2,243,243,1,3,3,12,-3,4,8,5,2,4,1,6,2,2,4,5,2,5,1,4,1,6,1,1,1,1,1,2,1,1,1,1,1,2,2,1,2,2,3,3,7,7,9,7,5,4,8,6,5,2,2,2,3,3,4,5,5,7,6,5,4,5,2,4,3,4,2,3,4,2,2,2,1,2,4,6,2,6,3,5,3,4,3,5,2,3,7,5,7,4,7,7,6,5,5,6,5,6,1,1,6,5,1,1,6,5,1,1,1,1,2,4,1,1,2,5,5,6,1,1,3,5,6,5,5,2,6,6,4,4,2,4
1951,4,1,2,243,243,2,1,6,12,0,3,8,7,3,6,6,7,2,2,2,4,4,4,3,4,4,4,2,2,2,2,2,2,1,2,2,2,2,1,2,1,2,2,4,4,6,6,6,5,6,4,5,6,6,5,6,6,6,6,6,7,5,4,6,5,4,4,4,4,4,5,4,4,6,4,5,5,4,1,1,4,4,6,4,4,4,5,6,4,4,5,6,6,5,5,4,6,5,6,7,6,4,7,1,1,5,4,4,1,3,4,2,4,4,4,4,4,4,5,5,4,4,4,4,4,3,4,5,4,4,4,4,3,5,4,4,4
1952,4,2,4,243,243,2,3,5,12,0,3,7,10,5,7,5,5,1,2,1,4,4,6,4,2,5,5,2,2,1,1,1,1,2,1,2,1,2,2,1,2,1,1,7,6,7,6,10,8,7,5,10,7,7,5,5,5,7,5,8,6,5,7,7,7,7,1,4,5,7,7,7,6,7,5,4,5,2,1,10,7,3,7,7,7,2,3,7,7,7,7,7,7,7,7,7,7,7,7,7,7,7,7,6,1,7,1,1,1,5,5,1,1,1,1,4,4,3,4,4,4,6,4,4,3,4,5,7,5,5,5,7,7,7,3,5,4
1953,4,2,4,243,110,1,1,5,2,0,7,8,8,3,5,5,5,2,2,2,4,5,3,4,2,4,5,1,2,1,1,2,1,1,2,1,1,1,1,2,2,2,1,5,5,8,6,7,5,5,5,6,6,5,4,6,5,6,7,6,4,5,6,6,5,7,2,2,3,4,6,3,5,6,6,6,6,6,6,8,6,2,6,4,6,2,2,5,4,3,7,7,7,7,6,7,7,7,7,7,6,4,6,3,1,7,3,1,1,4,2,1,1,1,3,4,2,2,1,7,6,7,7,2,1,4,5,7,4,5,4,7,7,5,4,4,4
1954,4,1,4,243,243,1,6,1,2,-3,3,10,10,1,9,1,1,1,1,1,1,4,6,5,1,3,4,2,1,1,1,1,1,1,2,1,1,1,1,1,2,2,1,9,5,4,3,10,5,5,5,5,6,5,7,3,5,7,4,4,5,5,7,5,5,4,5,4,4,5,5,4,6,5,6,6,5,5,7,8,5,6,5,5,3,6,5,6,4,6,7,7,6,7,7,7,7,7,5,7,7,5,7,7,1,7,4,2,1,8,6,1,1,1,3,5,2,4,6,2,3,1,7,1,1,1,7,7,5,7,7,7,7,7,7,4,4
1955,4,2,4,243,243,3,6,2,11,0,2,10,10,1,10,1,3,2,2,1,2,2,6,1,3,4,4,1,2,1,1,1,1,1,1,1,1,1,2,2,1,2,2,7,7,8,7,10,8,3,7,8,4,4,2,1,1,7,6,9,6,5,7,7,7,5,4,2,4,4,6,5,7,7,5,5,6,4,9,9,6,7,7,7,4,3,3,7,7,3,7,7,4,7,4,7,1,5,7,7,7,1,7,2,1,1,3,1,1,1,10,1,4,1,3,4,5,2,4,5,2,4,2,6,7,5,7,5,5,7,7,7,7,5,7,3,4
1956,4,2,3,243,243,2,1,2,10,-4,3,10,10,1,9,1,2,2,2,2,1,7,7,4,2,1,5,1,1,1,1,1,2,1,2,1,1,1,1,2,2,2,2,3,7,8,7,10,10,8,5,10,6,3,1,1,1,1,6,2,5,5,7,7,6,4,6,5,4,2,4,4,4,4,5,3,3,1,1,1,1,7,1,1,1,7,7,4,7,5,7,7,5,7,4,7,7,7,7,7,7,1,7,1,1,7,7,1,1,3,9,1,1,1,1,7,7,4,1,7,7,1,1,7,3,1,7,7,5,5,7,7,7,5,3,4,4
1957,4,1,5,243,243,1,6,5,1,0,4,10,10,1,8,1,6,2,2,1,1,4,6,4,1,4,5,1,1,1,1,1,1,1,2,1,1,1,1,2,1,2,2,8,6,5,4,10,8,8,5,10,8,6,7,5,2,6,4,8,4,5,7,6,6,4,5,2,4,5,7,5,5,5,5,4,5,1,5,5,6,4,5,5,1,6,7,7,7,7,7,7,5,7,5,7,1,7,7,7,7,4,7,1,1,7,1,1,1,4,2,1,1,1,1,2,4,3,5,1,7,4,1,1,1,5,7,7,7,7,7,7,7,7,3,4,4
1958,4,2,4,243,243,1,1,7,12,1,6,5,4,5,3,1,7,2,2,2,1,4,2,2,1,1,6,2,2,1,2,1,1,2,1,1,2,2,1,1,2,2,2,2,3,5,1,10,6,8,7,10,8,7,9,3,2,2,5,5,10,5,7,7,7,7,4,4,5,5,4,3,6,5,4,2,2,4,1,3,7,1,5,4,6,2,5,5,6,4,3,6,6,5,4,6,5,5,6,4,6,6,4,1,1,7,5,1,1,4,2,1,3,1,1,3,3,2,3,2,3,2,4,4,3,4,6,5,3,7,5,7,7,5,4,4,4
1959,4,1,4,243,243,3,1,7,12,0,2,8,7,2,6,7,7,2,2,2,1,4,5,6,1,6,1,1,1,1,1,1,1,1,2,2,1,1,1,2,1,1,2,3,3,7,1,10,7,1,4,7,5,4,4,3,8,8,8,6,6,5,7,7,6,5,5,4,4,4,4,4,4,4,4,4,4,4,1,1,7,1,7,4,7,1,2,6,4,4,6,7,7,7,4,7,7,7,7,7,7,7,7,7,7,7,7,7,7,1,10,4,4,3,1,4,4,4,4,4,4,6,6,6,6,6,4,4,4,4,4,4,4,4,4,5,4
1960,4,2,4,243,243,3,1,8,10,0,5,7,8,2,5,1,10,2,2,1,1,4,1,4,1,1,7,2,2,1,1,1,1,2,2,1,2,2,2,2,1,2,2,4,4,5,4,10,3,7,4,7,3,7,4,2,1,1,2,3,5,5,7,7,5,4,5,4,4,4,2,4,4,4,5,2,3,1,1,1,4,3,5,4,4,4,5,5,6,5,5,7,7,7,5,4,7,7,7,7,7,3,7,3,2,7,2,1,1,1,10,1,7,4,1,7,7,7,1,5,7,3,1,7,6,7,7,7,7,7,7,7,7,6,4,1,4
1961,4,1,3,243,243,4,1,6,2,3,2,7,6,4,6,5,6,2,2,5,4,5,5,1,3,2,6,2,1,1,1,1,2,1,2,2,1,1,1,2,1,2,1,6,3,7,5,7,8,7,6,7,5,5,4,2,3,6,4,6,6,5,5,5,6,3,5,5,5,3,4,4,5,3,4,4,4,3,7,6,6,5,4,3,3,5,5,6,5,5,5,6,5,6,5,6,5,6,5,6,6,6,7,5,1,7,6,1,1,6,6,5,5,5,3,4,5,4,5,4,5,5,4,1,1,5,4,7,5,7,5,7,5,5,5,5,4
1962,4,2,5,243,243,1,1,4,12,-4,5,8,8,3,8,1,6,2,2,6,1,5,5,6,3,5,5,1,1,1,1,1,1,1,2,1,1,1,2,2,1,2,2,5,5,6,8,10,9,5,7,7,4,6,7,1,1,4,6,7,8,5,7,6,6,5,6,2,2,2,6,5,6,6,5,6,5,1,1,1,5,5,3,3,3,5,3,3,5,5,3,6,5,7,4,5,7,5,6,5,4,2,6,1,1,6,5,1,1,2,5,1,1,1,1,3,5,3,1,3,3,4,6,2,1,1,7,7,5,5,4,7,7,5,5,5,4
1963,4,2,5,243,243,3,1,7,1,0,4,9,9,1,6,1,5,2,2,2,1,4,7,4,2,1,5,2,2,1,1,2,1,2,2,2,2,1,1,2,1,2,2,6,6,5,3,9,8,5,6,5,5,2,2,1,1,1,5,9,4,5,7,7,6,5,5,5,4,2,5,3,2,4,3,4,3,1,6,6,5,5,4,3,5,5,5,4,4,3,4,7,7,6,4,7,2,6,7,7,6,6,7,1,1,6,6,1,1,1,1,4,4,3,1,6,2,4,1,4,7,1,1,1,1,3,7,7,7,7,7,7,7,7,7,7,3
1964,4,2,3,243,243,2,3,5,12,-1,5,8,7,7,7,6,6,2,2,3,5,4,4,3,4,4,5,2,2,2,2,1,2,2,2,2,2,2,2,1,2,2,2,6,6,5,6,7,5,6,6,6,7,7,7,6,6,6,5,7,7,5,4,4,4,3,5,4,5,4,5,5,5,5,4,5,4,4,1,1,3,3,6,4,5,4,5,4,4,5,4,5,6,6,5,6,6,5,6,5,7,7,7,1,4,6,7,1,1,7,7,1,1,1,1,3,3,4,4,4,4,2,4,4,3,3,3,4,4,4,5,3,4,5,3,5,3
1965,4,1,5,243,243,3,1,6,9,0,3,8,7,4,5,2,6,1,2,3,1,3,5,5,5,5,3,1,2,2,1,1,2,1,2,2,2,1,1,1,1,1,2,7,6,4,1,10,10,3,8,10,4,5,3,10,8,10,3,5,7,5,7,7,5,7,5,2,2,5,7,5,5,7,5,7,7,1,1,1,2,7,5,3,2,6,6,7,7,7,5,7,7,6,2,5,6,4,7,7,7,5,4,1,1,6,4,1,1,3,10,1,2,2,1,3,5,2,6,4,6,6,4,4,3,3,5,7,3,7,4,7,5,7,5,7,3
1966,4,2,1,243,243,1,4,3,12,-4,3,9,10,1,7,1,2,2,2,2,5,5,5,1,1,1,7,2,2,1,1,1,1,1,2,1,1,1,1,1,2,2,1,5,1,6,5,7,6,5,1,5,3,5,5,1,1,1,4,5,5,5,7,6,6,7,3,5,6,4,3,2,5,6,7,5,5,1,1,1,6,3,6,5,4,3,3,7,6,2,7,7,7,4,5,7,7,7,7,7,2,7,1,1,1,6,7,1,1,1,1,1,1,1,1,7,7,7,1,6,7,7,7,1,1,1,6,7,1,5,4,7,7,4,4,2,3
1967,4,2,1,243,243,2,1,6,9,-3,5,7,7,1,7,1,7,2,2,4,5,3,6,1,1,1,7,1,2,1,1,1,1,1,2,1,2,2,1,2,2,2,2,5,5,5,5,9,9,2,5,7,7,5,7,1,1,1,3,7,8,5,6,6,4,7,2,4,7,4,1,1,7,6,5,4,6,2,1,1,7,2,7,6,7,2,2,4,5,2,3,6,6,6,2,7,6,6,6,6,7,6,6,1,1,6,5,1,1,1,1,1,1,1,1,5,5,5,1,4,5,2,7,1,1,1,7,6,3,5,3,7,7,3,3,2,3
1968,4,1,2,243,243,3,1,9,1,3,6,7,7,9,9,10,8,2,2,6,6,6,3,3,7,5,5,1,1,2,2,1,1,2,1,2,1,2,2,1,2,1,2,9,7,1,3,9,7,7,9,7,9,8,8,10,6,6,1,7,9,5,6,6,6,6,6,6,6,7,7,7,7,4,3,6,5,6,7,9,5,2,6,6,7,3,5,7,4,6,4,6,6,5,4,6,4,3,7,7,5,6,5,6,6,6,4,6,5,8,10,5,4,2,3,6,6,5,4,4,6,4,5,6,6,3,6,7,4,3,5,6,7,7,5,6,3
1969,4,2,3,243,243,3,1,4,2,1,4,7,5,6,7,6,5,1,2,4,3,5,3,4,3,3,4,1,1,1,1,1,2,1,1,2,2,1,2,1,2,1,2,6,5,5,5,5,6,6,5,5,5,6,5,6,5,6,6,6,5,5,5,3,3,4,4,4,5,4,4,4,3,3,4,4,3,6,6,7,5,4,4,4,4,4,3,3,5,4,2,4,2,3,3,3,4,4,3,5,4,4,5,4,2,3,4,5,3,5,6,4,5,4,4,4,4,2,3,3,3,5,5,4,4,5,3,4,3,4,5,3,4,4,4,5,3
1970,4,2,1,243,243,1,1,3,12,-2,3,4,3,2,2,1,4,2,2,1,3,4,4,2,6,3,5,2,2,2,2,2,1,1,1,2,1,1,1,2,2,1,1,3,3,2,7,2,5,5,6,9,2,5,2,3,3,3,4,3,5,5,3,3,2,5,5,5,6,6,5,3,2,6,3,1,1,7,6,3,7,5,4,4,5,5,2,1,7,3,4,4,2,2,4,5,6,4,5,1,6,6,5,2,3,5,4,1,3,5,4,4,4,2,6,4,5,2,6,3,3,6,5,6,1,5,3,4,6,2,3,5,2,6,2,4,3
1971,4,1,2,97,243,3,1,6,2,2,2,8,8,7,6,8,8,2,3,6,5,3,3,4,5,4,6,1,1,1,2,2,2,2,2,2,2,1,2,2,2,2,2,8,6,3,2,6,7,8,4,7,8,7,6,8,6,7,6,6,7,5,3,4,7,3,4,5,4,3,6,5,5,6,3,6,3,5,8,6,4,4,3,4,3,6,5,4,7,2,5,2,5,5,5,5,4,5,3,2,5,4,6,2,5,4,6,4,1,6,7,3,4,6,4,4,4,5,3,3,6,7,3,4,5,4,2,4,4,4,5,2,6,5,5,2,3
1972,4,2,2,243,243,1,1,8,12,2,6,8,8,8,7,8,8,2,2,4,4,4,4,4,4,4,4,2,2,1,1,1,2,2,2,2,1,2,1,2,2,1,1,7,7,4,3,8,8,8,8,8,8,8,8,8,8,8,2,7,8,5,5,5,5,5,5,5,5,5,5,5,5,5,5,5,5,5,2,4,5,5,5,5,5,5,5,5,5,5,5,5,5,5,5,5,5,5,5,5,2,2,2,2,2,2,2,2,2,5,7,1,4,1,3,2,2,2,2,2,2,2,2,2,2,2,3,3,3,3,2,3,2,3,3,3,3
1973,4,1,1,243,243,2,4,7,12,2,5,10,10,2,7,7,7,2,4,2,5,5,5,4,1,2,3,1,1,1,1,1,1,2,2,1,1,2,1,1,2,1,1,6,8,8,9,10,10,8,7,10,7,9,5,6,3,2,7,4,10,5,5,4,6,7,6,4,4,6,5,4,5,5,4,6,6,6,1,6,7,4,5,7,4,7,5,7,5,4,6,7,7,7,6,7,7,7,7,5,7,7,7,3,1,7,6,1,1,2,1,1,1,1,1,1,4,3,5,1,3,1,4,3,4,1,5,7,7,7,3,7,5,5,6,6,3
1974,4,1,5,160,160,3,3,5,12,-3,5,2,2,4,2,3,4,2,3,7,3,2,3,4,1,1,7,2,2,2,1,2,1,1,2,1,2,2,1,2,2,2,2,2,2,7,6,10,10,3,2,2,4,2,1,2,1,1,2,7,10,5,3,7,3,5,5,1,2,4,4,4,7,7,3,4,5,1,1,1,7,7,5,4,4,2,3,4,4,1,4,4,5,7,1,7,7,4,7,6,2,1,7,1,1,6,3,1,1,5,10,1,7,1,1,5,5,5,4,5,7,7,6,1,1,1,5,7,4,5,5,7,7,7,5,1,3
1975,4,1,2,104,104,2,1,6,2,2,3,7,8,6,7,6,4,1,2,4,6,2,2,4,6,5,3,2,2,2,2,1,1,2,1,2,1,2,2,1,1,1,2,7,6,4,3,7,8,8,8,8,8,7,8,6,9,7,4,8,7,5,6,5,3,4,6,4,3,5,6,6,4,2,5,7,5,1,6,6,5,5,4,3,4,3,4,6,7,2,6,6,7,4,3,5,3,3,3,4,7,7,3,1,1,6,2,2,6,8,7,1,1,1,1,5,6,4,2,5,5,5,2,2,5,3,3,2,5,5,5,3,5,4,5,5,3
1976,4,2,3,243,6,2,1,2,3,1,4,5,4,7,5,5,7,4,3,3,6,3,6,4,4,5,2,2,2,2,1,1,2,2,1,2,1,1,1,1,2,1,2,8,7,7,6,5,6,5,7,5,4,5,6,7,8,6,4,5,6,5,4,3,2,5,3,5,2,6,5,1,5,3,3,4,4,6,8,7,4,4,5,4,4,3,4,4,3,6,7,4,2,3,5,5,3,7,6,3,6,5,6,3,4,3,5,7,4,7,6,5,3,5,4,5,6,4,4,5,3,3,5,3,2,4,5,5,3,3,4,3,5,6,4,5,3
1977,4,1,2,243,243,1,1,7,12,1,4,6,7,7,7,7,8,2,2,3,4,5,4,6,2,2,5,2,2,2,2,1,2,2,2,2,2,2,2,1,2,1,1,7,7,4,3,7,7,6,8,7,7,7,7,7,8,8,4,7,7,5,5,5,6,5,5,5,5,6,6,5,5,6,6,5,6,6,8,7,5,6,5,6,6,6,6,6,6,6,6,5,6,6,7,5,6,5,5,7,6,6,6,6,6,7,7,6,6,8,6,3,5,2,2,1,1,1,6,1,2,4,3,6,5,4,7,5,7,7,7,7,7,5,7,4,3
1978,4,2,2,243,243,1,1,5,2,1,5,8,9,7,8,8,1,1,4,5,6,5,2,3,2,4,2,1,2,1,1,1,1,1,2,2,2,2,1,1,1,2,1,8,8,7,4,6,4,6,7,7,5,5,6,6,6,8,5,5,7,5,3,2,6,3,4,3,3,3,3,5,3,4,3,4,5,5,7,7,4,2,4,3,3,3,2,4,3,5,6,5,7,6,2,2,5,4,3,5,7,7,7,6,1,7,4,1,1,8,7,5,3,4,4,4,5,6,4,4,3,5,2,4,3,6,5,4,7,1,6,6,2,2,1,2,3
1979,4,2,2,243,243,2,1,5,1,4,3,9,9,3,10,3,6,2,3,3,1,4,5,2,1,1,3,1,1,1,1,2,1,2,1,1,1,1,2,2,1,2,2,7,7,3,1,10,8,2,2,9,7,3,3,2,3,6,4,9,5,5,5,7,5,5,5,2,2,5,5,2,3,5,3,5,6,1,4,2,2,2,2,2,1,6,7,7,7,5,6,7,7,7,5,7,7,7,7,7,7,7,4,1,7,7,7,1,7,1,8,1,1,1,1,7,6,2,1,7,7,7,4,1,4,7,3,5,7,7,7,7,7,5,2,5,3
1980,4,1,5,243,243,1,1,7,1,-1,4,9,5,2,6,1,6,2,2,1,1,4,3,5,1,2,6,2,2,1,1,1,2,1,1,1,1,1,2,1,2,2,1,9,3,7,6,10,3,5,1,5,6,3,2,6,2,2,4,8,3,5,6,6,4,5,5,1,4,5,5,2,5,4,5,4,2,1,3,1,5,5,2,2,2,6,2,7,7,2,7,5,5,6,3,6,7,7,6,5,5,4,6,1,1,6,3,1,1,3,3,1,2,1,1,6,7,6,1,6,6,5,4,2,2,4,5,7,7,5,5,7,5,5,3,4,3
1981,4,2,3,243,243,2,1,6,1,0,5,7,8,3,7,3,6,2,4,2,2,4,5,5,2,4,4,1,1,1,1,1,2,1,2,1,2,1,2,1,2,2,1,4,6,8,8,8,7,4,8,5,4,4,3,3,3,4,8,6,3,5,5,7,6,4,6,2,2,5,3,5,5,2,3,3,5,2,7,4,7,2,7,2,5,3,3,5,7,7,2,7,3,6,5,7,2,7,7,7,6,2,1,1,1,3,4,1,1,4,8,1,7,7,1,7,7,1,1,7,7,6,5,3,1,4,2,5,5,5,2,7,2,5,5,2,3
1982,4,2,4,243,243,3,1,6,12,-1,5,6,7,2,3,1,6,2,3,2,2,4,4,4,2,2,4,2,1,1,1,1,1,1,1,1,1,2,1,2,1,2,1,7,3,8,8,8,6,6,5,9,6,4,6,5,3,4,6,5,7,5,5,5,6,3,5,4,5,3,4,5,3,5,5,3,4,1,1,2,4,5,6,5,3,5,5,7,7,4,6,7,7,7,5,7,7,6,7,7,6,5,6,2,1,6,4,1,6,2,8,1,3,1,1,6,7,5,1,7,6,5,4,4,3,4,5,5,3,5,4,7,7,5,2,4,3
1983,4,1,2,243,243,2,1,8,12,0,6,10,7,3,6,1,5,1,4,2,3,5,5,4,1,4,4,1,2,2,1,2,2,2,1,1,2,1,2,2,1,2,2,7,9,1,3,10,8,2,2,10,7,5,1,2,1,1,7,6,4,5,6,5,5,3,5,6,5,4,5,3,5,7,5,3,2,1,1,2,5,5,6,1,3,6,4,7,1,3,6,6,3,6,7,7,4,6,6,6,7,2,7,6,1,6,3,1,1,2,1,7,3,4,7,5,1,4,2,6,6,3,3,6,6,5,5,7,5,4,5,5,4,3,3,2,3
1984,4,2,3,243,243,1,1,5,2,0,2,10,9,1,6,1,6,2,4,6,4,4,5,4,2,4,4,1,1,1,1,2,1,1,1,1,1,1,1,2,1,2,2,6,6,4,3,6,9,1,7,2,0,2,2,1,1,2,4,6,2,5,5,5,4,3,5,2,4,2,4,4,3,4,2,4,2,2,6,6,3,4,2,3,3,6,5,4,3,4,4,6,5,5,5,6,5,5,5,5,5,5,5,3,1,7,5,1,1,2,5,1,4,1,2,4,2,2,2,2,5,3,1,1,1,1,5,5,5,5,5,5,5,5,5,4,3
1985,4,1,3,243,243,3,1,6,10,-2,5,8,8,2,8,1,7,2,2,2,4,4,5,6,1,1,7,2,2,1,1,1,1,2,1,2,1,2,1,2,1,2,2,4,3,4,3,9,7,7,3,8,8,8,1,1,1,1,2,7,9,5,6,6,2,6,4,5,4,4,1,3,5,6,3,4,5,1,1,1,7,1,6,5,6,2,4,7,6,4,5,6,7,7,1,7,6,7,7,7,6,6,7,1,1,6,5,1,1,1,10,1,1,1,1,7,7,1,1,7,7,1,1,6,6,7,7,7,4,5,7,7,7,5,5,4,3
1986,4,1,3,243,243,3,1,5,12,-3,6,6,4,2,3,2,7,2,2,2,1,5,3,3,1,2,6,2,2,1,1,2,1,1,1,1,2,1,1,2,2,2,2,4,2,4,4,10,7,7,5,8,8,7,7,1,2,2,3,3,8,5,6,6,3,5,5,2,2,2,5,3,5,5,5,2,4,1,1,2,6,3,5,5,3,5,6,6,7,7,6,6,6,7,3,6,6,6,6,6,6,6,4,1,2,6,4,1,2,1,6,1,3,1,1,6,6,1,1,6,7,6,2,1,1,7,7,7,4,7,5,7,5,7,4,2,3
1987,4,1,5,243,243,1,3,3,12,0,3,6,7,1,5,1,5,2,2,1,1,1,5,5,1,1,6,1,1,1,1,1,1,1,2,1,1,1,2,2,1,2,2,6,7,6,3,10,5,5,3,8,6,5,2,2,2,1,3,2,6,5,7,6,3,5,5,4,5,4,5,5,5,6,4,4,2,1,1,2,6,2,5,6,5,5,5,5,6,7,5,7,7,7,5,7,7,7,7,7,7,1,1,1,1,7,2,1,1,2,7,1,1,1,1,7,6,4,1,4,6,5,6,2,1,2,7,7,5,5,2,7,7,5,5,5,3
1988,4,2,5,243,243,3,1,6,1,2,2,10,8,3,7,8,5,2,3,2,1,4,6,5,6,6,2,2,1,1,1,1,1,1,1,1,1,2,1,1,2,2,1,6,10,8,4,10,8,7,7,10,10,7,6,10,8,9,8,3,6,5,7,7,5,6,3,4,3,6,7,7,7,7,5,4,5,4,7,8,5,2,6,5,4,4,5,3,7,7,6,7,4,7,3,7,7,7,7,6,7,1,7,1,1,7,4,1,1,2,9,1,2,1,4,6,6,6,3,5,7,6,6,3,2,5,7,5,7,7,7,7,7,4,7,1,3
1989,4,2,2,243,243,3,1,6,12,0,5,9,9,3,7,5,7,1,1,6,6,2,6,5,2,5,3,1,2,1,1,2,1,1,2,2,2,1,2,2,1,1,2,6,4,7,6,8,9,6,7,8,7,7,6,9,9,9,9,7,8,5,7,7,7,6,4,5,4,6,7,7,6,6,5,4,5,2,5,5,6,4,6,6,5,2,3,6,6,6,6,6,6,6,7,6,6,6,6,7,6,5,6,6,1,6,4,1,1,3,3,2,4,3,1,6,6,4,1,6,7,5,4,1,1,4,4,5,4,7,4,6,4,3,4,4,3
1990,4,2,5,243,243,4,6,3,12,-3,6,9,10,1,6,1,5,2,2,4,1,1,5,3,1,2,6,1,1,1,2,1,1,1,2,1,2,1,1,1,1,2,2,3,4,9,4,10,4,5,2,10,7,8,2,1,1,1,2,10,4,5,7,7,6,7,3,2,3,4,4,3,5,6,2,3,6,1,1,5,7,3,7,3,6,1,5,6,7,7,7,5,5,7,3,7,7,7,7,7,3,1,7,1,1,1,1,1,1,2,10,1,1,1,1,7,7,1,1,6,5,7,6,1,1,1,5,5,2,7,7,7,5,7,2,5,3
1991,4,2,5,243,243,1,1,2,12,0,4,6,3,3,5,2,4,1,2,1,1,2,5,5,1,3,5,2,2,2,2,1,2,1,1,1,1,2,1,2,1,2,2,3,3,5,4,5,6,6,4,6,6,5,5,6,3,4,6,4,4,5,7,6,7,4,4,2,2,5,4,4,6,4,4,3,2,1,2,4,1,5,2,4,1,5,6,7,2,4,6,6,4,7,3,6,6,6,6,7,6,3,5,1,1,7,7,1,1,4,6,1,1,1,1,5,5,5,1,4,5,1,6,1,1,3,7,7,5,7,5,7,7,7,4,4,2
1992,4,1,2,106,106,1,4,5,7,-2,6,6,4,5,7,5,3,2,2,4,3,3,5,4,3,2,6,1,1,1,1,1,2,1,1,1,1,1,1,1,2,2,1,6,8,7,5,4,9,7,5,6,5,3,6,5,7,5,7,6,8,5,6,4,5,5,3,4,5,4,5,5,3,4,3,4,5,2,5,7,3,3,5,4,5,4,2,5,4,6,5,4,6,3,5,2,7,4,4,4,2,4,5,3,5,5,3,2,3,3,6,2,6,4,3,3,2,5,3,3,5,4,6,3,2,5,5,7,2,2,5,7,3,7,3,6,2
1993,4,2,3,243,243,3,1,5,6,1,5,7,5,6,4,4,6,2,1,4,5,2,5,4,4,5,3,1,2,2,1,1,1,1,1,2,2,2,1,1,2,1,1,8,5,5,5,7,5,2,5,9,8,5,8,4,3,8,7,9,8,5,4,5,2,6,6,6,4,7,4,6,5,2,5,5,7,5,9,7,3,3,5,3,4,5,7,2,4,5,5,3,4,5,6,2,2,6,3,2,4,5,2,5,4,2,5,6,3,8,5,4,5,3,3,2,4,3,2,4,3,2,4,3,1,5,3,5,4,2,7,5,5,4,3,5,2
1994,4,1,3,4,2,2,2,4,3,-3,5,8,5,6,4,7,4,3,4,3,6,2,4,5,6,2,5,2,1,2,1,1,1,1,1,1,2,1,1,1,1,2,1,6,5,7,5,1,7,7,6,9,3,5,4,5,8,7,6,3,2,5,4,6,5,5,4,3,2,5,1,2,4,2,3,4,7,5,7,4,1,1,6,2,3,4,5,5,5,4,2,4,4,3,2,5,3,2,3,1,5,5,2,3,5,6,4,3,1,7,6,5,7,5,4,4,2,6,5,7,3,4,6,5,4,2,1,5,7,3,6,1,2,5,4,5,2
1995,4,1,3,180,180,3,1,4,10,0,4,4,4,5,6,4,5,3,2,2,3,5,4,4,6,3,4,2,1,2,1,1,2,1,1,1,2,1,1,1,1,1,2,5,5,8,7,4,5,5,4,4,1,5,3,3,5,5,7,4,4,5,2,4,1,3,3,3,3,3,4,4,3,4,3,3,3,5,6,4,3,2,2,4,6,4,3,3,4,4,3,3,1,3,3,4,5,3,5,3,7,3,4,4,6,5,5,3,3,6,5,4,3,5,4,6,4,3,4,5,3,3,3,3,5,4,4,6,5,4,3,4,4,2,5,4,2
1996,4,1,2,243,243,3,1,7,2,1,4,4,6,4,8,6,6,2,3,6,5,4,7,7,5,3,6,1,1,1,1,1,2,1,1,1,1,1,2,1,1,2,1,6,4,3,7,7,5,8,5,4,6,8,3,5,9,3,3,5,4,5,7,3,5,1,5,6,7,5,4,7,5,4,6,3,2,6,8,4,5,5,4,5,5,3,3,3,4,7,6,3,5,5,7,4,3,6,7,6,3,6,6,4,7,1,4,4,5,8,4,7,5,5,4,6,5,4,2,6,6,6,5,2,3,6,4,3,7,4,3,7,6,2,5,6,2
1997,4,2,3,243,243,3,1,6,1,-5,5,8,9,1,7,1,6,2,2,5,1,5,5,5,1,1,5,1,2,2,1,2,2,1,2,1,1,1,1,2,1,2,1,7,3,7,3,10,7,8,10,10,7,7,8,3,1,1,3,6,7,5,7,6,5,7,3,5,3,1,5,3,6,6,7,5,5,1,1,3,7,3,7,6,7,2,7,6,7,6,7,7,7,7,7,7,7,7,7,7,2,6,7,5,1,7,1,7,1,1,2,1,1,1,1,7,7,7,1,6,6,5,5,1,1,2,7,7,4,6,3,7,7,5,6,2,2
1998,4,1,2,243,243,3,1,7,2,2,8,6,6,5,7,7,8,2,2,6,3,4,4,6,4,3,6,1,1,1,2,1,1,1,1,1,1,1,2,2,1,2,1,8,8,3,4,5,6,7,9,4,7,9,7,7,8,7,3,5,7,5,5,4,6,2,6,5,5,4,5,5,6,4,4,4,5,3,8,5,2,6,7,6,4,3,5,6,4,6,5,4,6,4,1,5,7,3,5,6,5,4,4,7,4,3,7,3,4,8,5,3,5,4,4,3,6,6,4,3,6,7,5,7,3,3,2,7,4,1,3,3,4,7,4,4,2
1999,4,2,5,243,243,3,5,8,1,-3,8,7,5,2,3,2,6,1,1,4,1,5,5,3,1,1,6,2,1,1,1,1,1,1,1,1,1,1,1,2,2,2,2,9,6,4,4,10,8,5,5,9,8,8,4,3,2,2,2,8,3,5,6,7,2,6,2,2,5,2,4,4,4,6,5,1,4,1,2,4,7,1,7,6,7,1,2,1,7,1,2,7,4,7,6,7,7,7,7,7,6,4,7,7,1,7,3,1,1,2,9,1,4,5,1,5,7,1,1,5,7,5,3,5,1,2,5,5,7,4,7,7,5,5,3,2,2
2000,4,1,3,243,243,2,1,7,2,-2,2,10,10,2,8,1,4,1,3,6,7,6,6,6,1,1,2,2,2,1,2,1,1,2,2,1,1,2,1,1,1,1,1,3,8,3,1,10,10,6,10,10,10,7,9,7,9,3,5,10,8,5,7,5,7,1,7,3,1,1,5,3,7,3,7,1,5,1,5,4,1,7,1,1,1,7,6,7,7,5,7,7,7,7,2,1,6,6,7,7,7,6,7,2,6,7,5,1,1,1,10,6,7,5,6,2,7,4,2,7,6,2,2,7,7,7,7,7,7,7,7,7,7,7,7,1,2
2001,4,1,5,243,243,1,1,5,1,0,3,8,7,2,6,3,4,1,2,6,4,4,5,2,1,2,7,2,1,1,1,1,1,1,1,1,1,1,1,2,2,2,2,7,7,6,6,7,7,5,4,6,6,6,4,3,2,2,2,7,6,5,7,6,7,6,4,3,4,5,3,3,6,6,6,5,4,1,4,6,6,4,7,4,4,4,4,4,4,4,5,4,4,5,4,6,5,5,5,5,4,2,6,1,1,6,5,1,1,5,3,5,2,1,2,3,4,4,2,4,5,6,7,2,1,2,7,7,4,5,4,7,7,7,4,2,2
2002,4,2,5,243,243,5,3,3,12,-4,8,10,10,1,8,1,3,2,2,4,7,1,7,7,4,1,7,1,1,1,1,1,1,1,2,1,1,1,1,2,1,2,2,7,8,9,8,10,10,10,10,10,9,8,8,1,1,1,1,10,10,5,7,7,4,7,1,6,2,2,1,1,6,7,6,2,2,1,1,2,7,1,7,6,7,1,7,1,4,2,2,4,4,4,6,7,7,6,7,7,7,4,4,6,1,7,3,1,1,8,1,1,7,1,1,4,4,4,4,4,2,1,4,1,1,1,7,7,1,2,4,7,7,2,4,1,2
2003,4,2,3,113,243,4,2,5,12,-2,8,10,10,1,9,1,1,2,4,6,6,1,7,5,1,1,6,1,1,2,1,1,1,1,1,1,1,1,1,2,1,2,2,6,6,6,3,10,10,10,10,10,10,7,10,6,3,2,2,10,6,5,7,7,7,7,4,3,1,2,6,6,3,5,7,1,1,1,1,3,7,7,5,4,5,4,5,7,7,7,7,7,7,7,5,7,7,7,7,7,6,7,7,1,1,7,5,1,1,1,7,2,2,1,1,7,7,6,1,6,6,7,4,2,1,4,7,7,4,7,7,7,7,7,5,2,2
2004,4,2,3,243,243,1,1,6,12,-3,7,8,7,2,5,1,4,2,2,2,5,3,6,2,1,1,7,1,2,2,1,1,1,1,1,1,1,1,1,2,1,2,2,5,5,8,3,10,10,7,4,8,8,8,5,1,1,1,1,10,7,5,6,6,6,4,5,1,1,3,1,2,3,5,5,3,5,1,1,1,4,5,3,2,2,5,6,5,6,6,5,4,5,7,4,7,6,6,5,6,6,1,4,1,1,6,6,1,1,1,5,1,1,1,1,5,4,4,7,4,4,2,6,1,2,1,6,7,5,7,5,6,7,6,5,2,2
2005,4,2,2,180,243,3,1,6,3,1,5,10,9,8,10,1,5,3,4,7,7,1,2,5,4,3,4,1,1,2,1,1,1,1,1,1,1,1,1,1,2,2,1,6,6,10,8,5,10,10,10,4,8,8,7,5,10,10,10,7,6,5,7,7,5,6,2,4,6,6,6,4,7,6,7,7,7,6,10,1,7,2,7,6,1,6,4,4,4,5,4,6,5,5,5,2,5,1,2,2,7,7,6,4,2,7,4,1,1,6,1,1,1,1,5,1,2,2,6,1,5,1,4,5,2,2,2,7,5,7,7,7,7,4,5,2,2
2006,4,2,2,243,243,1,1,7,11,-3,5,9,7,1,6,1,6,2,4,5,4,1,6,3,4,1,7,2,1,1,1,1,1,1,1,1,1,2,1,1,2,2,2,4,5,6,3,9,7,6,7,10,9,6,8,3,1,2,1,2,6,5,7,7,7,5,6,4,4,4,1,2,6,4,4,5,7,1,4,7,6,4,5,4,3,4,3,7,6,1,7,6,7,7,7,7,7,7,7,7,5,7,7,6,1,7,3,1,1,5,2,4,6,1,4,7,5,1,1,7,5,4,1,6,1,4,7,7,4,5,4,7,7,7,2,4,2
2007,4,1,4,243,243,2,1,4,12,1,1,9,10,1,9,1,5,2,2,5,3,4,3,2,2,5,4,1,1,1,1,1,2,1,2,1,1,1,1,2,1,2,2,5,5,5,3,10,8,9,5,7,4,7,4,8,8,5,7,8,6,5,7,7,7,6,5,2,5,7,7,6,2,6,2,2,1,1,2,2,6,6,6,2,3,4,5,7,7,2,6,7,4,7,7,7,2,7,7,7,7,3,6,7,7,4,3,1,1,2,5,1,3,3,2,4,7,4,1,5,7,2,3,5,3,3,2,1,4,7,7,7,7,7,7,7,2
2008,4,2,3,243,243,3,2,7,2,-3,8,9,8,1,8,1,7,1,1,4,4,2,6,4,2,2,5,1,2,2,2,2,1,1,1,2,1,2,1,2,2,2,2,7,6,5,4,9,8,8,6,8,7,6,7,5,5,5,3,9,8,5,5,5,3,3,5,4,4,5,3,5,5,5,4,4,4,1,3,5,6,2,7,2,3,4,4,6,5,4,5,6,6,6,4,6,5,6,6,6,6,6,7,3,1,7,4,1,1,1,8,2,6,4,1,5,4,4,4,6,4,4,3,6,5,7,4,5,5,5,5,5,7,4,7,2,2
2009,4,2,3,243,243,1,1,8,11,3,5,9,9,1,8,5,7,3,3,2,1,5,5,5,1,5,5,1,1,1,1,2,2,1,2,1,1,1,1,1,2,2,1,8,4,5,2,10,10,6,5,5,3,4,6,3,5,8,6,7,8,5,7,7,6,5,5,5,4,6,7,6,3,4,4,4,4,4,7,10,5,6,6,3,2,6,6,6,6,6,6,7,5,7,5,7,7,7,7,7,6,4,7,5,1,7,5,1,1,6,3,1,3,1,1,6,1,1,3,1,6,3,6,3,1,5,5,7,5,7,7,7,6,3,3,2,2
2010,4,2,3,243,243,2,1,6,10,-3,4,9,8,1,3,1,7,2,2,1,2,4,5,1,2,1,5,2,1,1,2,1,1,1,1,1,2,1,2,2,2,2,2,5,6,6,3,10,7,6,1,8,7,5,3,1,1,1,3,2,5,5,6,7,6,7,3,4,3,4,3,2,6,6,3,2,2,1,1,1,7,6,7,5,5,3,3,6,5,1,5,7,5,6,6,6,7,4,7,6,4,5,4,1,3,7,3,1,1,1,3,1,3,1,1,4,6,4,1,5,6,3,4,3,2,4,7,7,4,5,7,7,7,6,4,2,2
2011,4,1,3,243,243,1,1,6,12,3,5,4,7,6,2,5,6,2,2,2,2,3,3,5,4,5,2,1,2,2,1,2,2,1,2,1,2,1,2,2,1,2,2,3,4,7,2,9,4,2,5,5,6,6,5,6,5,6,8,4,4,5,5,2,5,5,3,3,1,6,7,6,5,5,5,4,2,1,1,1,5,5,2,1,4,3,5,3,5,3,3,5,6,7,4,5,6,5,5,4,4,4,7,1,1,6,5,1,1,10,2,1,1,1,1,4,4,5,2,2,3,4,6,2,1,1,3,4,4,5,4,7,7,3,4,5,2
2012,4,1,4,243,243,3,1,7,12,0,6,10,10,1,8,1,3,1,4,6,1,1,5,5,1,1,5,2,2,2,1,1,2,2,2,1,1,2,1,2,1,2,2,9,10,5,3,10,10,7,5,8,6,6,6,7,2,2,2,8,7,5,6,6,3,6,4,4,4,1,4,4,6,7,4,5,6,1,5,6,7,1,7,4,7,1,3,4,5,6,1,7,7,7,4,7,7,7,7,7,6,7,7,1,1,7,7,1,1,1,6,5,5,5,1,5,5,2,4,4,6,2,2,2,1,4,5,7,4,5,4,7,5,5,5,3,2
2013,4,1,4,243,110,1,1,4,12,-4,5,8,8,2,6,1,4,2,2,2,6,2,3,2,1,1,7,1,2,1,2,1,2,2,2,1,1,1,1,2,1,2,2,6,4,6,6,10,7,8,2,7,6,5,5,3,2,2,3,7,5,5,6,5,4,4,5,3,3,3,3,4,4,4,4,3,3,1,1,3,5,3,5,5,4,5,5,6,6,2,6,7,5,7,3,7,5,5,7,6,7,1,3,1,1,3,4,1,1,4,5,1,1,1,1,6,6,3,1,5,6,6,6,3,4,4,7,7,5,2,5,7,5,7,5,2,2
2014,4,1,3,243,243,1,3,2,12,-1,5,9,10,1,5,1,8,2,2,4,5,1,5,6,1,5,2,1,1,1,1,1,1,1,1,1,1,1,1,2,2,2,1,7,9,2,2,10,8,10,8,6,10,9,10,10,10,9,10,10,10,5,7,7,7,7,3,1,4,7,7,7,6,7,1,4,5,1,1,1,2,6,5,3,2,6,6,7,7,7,3,7,1,7,7,7,7,7,7,7,7,1,7,1,1,7,3,1,1,1,10,1,1,1,1,1,4,4,4,1,4,7,7,1,1,2,5,7,7,7,5,7,7,5,5,4,2
2015,4,2,1,180,180,1,1,5,10,-4,2,8,6,2,6,1,6,2,2,6,3,5,6,1,2,1,5,1,1,1,1,1,1,2,1,1,1,2,1,2,1,2,2,6,2,3,1,9,8,7,3,10,6,5,8,1,1,1,8,7,4,5,7,7,6,7,2,5,6,2,5,4,5,6,6,4,2,1,1,1,4,6,4,1,3,5,6,6,6,6,6,7,6,7,5,6,6,6,6,6,7,7,7,1,1,7,6,2,2,5,4,1,2,1,1,6,6,1,1,6,5,6,5,2,1,4,7,7,2,5,2,7,7,7,2,1,2
2016,4,1,4,243,243,1,3,5,1,3,3,8,8,2,3,1,5,2,2,4,5,4,5,5,1,6,1,1,1,1,1,1,1,1,1,2,2,1,1,2,1,2,2,5,3,6,4,10,6,6,3,7,2,5,2,8,9,7,9,5,7,5,7,7,7,6,5,2,3,7,6,6,5,6,2,3,6,1,3,8,5,5,2,3,2,5,5,7,7,3,6,6,6,7,6,7,6,6,6,6,7,6,7,1,1,7,4,1,1,1,8,1,1,1,2,6,6,2,1,6,6,6,3,2,1,4,5,5,7,7,7,7,7,7,2,5,2
2017,4,2,3,243,243,2,1,6,9,-2,2,8,8,9,6,1,3,2,2,7,7,1,7,3,1,2,6,2,1,2,1,1,1,1,2,2,1,2,2,2,1,2,2,4,3,7,4,6,10,9,9,7,7,8,7,2,1,1,4,10,8,5,6,7,5,6,1,3,2,2,1,3,5,7,5,2,4,1,2,8,7,1,2,1,6,2,2,1,1,1,1,7,3,7,5,5,7,1,7,5,7,1,7,1,1,7,3,1,1,9,1,1,7,7,1,2,2,2,2,1,3,1,7,1,1,1,7,7,5,3,2,7,7,7,5,1,2
2018,4,1,3,243,243,3,2,7,10,-2,5,8,8,2,6,1,6,2,2,2,2,4,3,2,2,1,5,2,1,1,1,1,2,2,2,2,1,1,1,2,1,2,2,6,7,5,4,8,8,7,6,9,8,7,5,2,3,1,4,7,6,5,7,4,5,3,6,4,5,2,2,2,4,4,3,1,3,1,1,1,7,3,6,3,5,1,3,2,6,4,4,7,7,7,5,6,7,5,7,7,6,4,6,1,1,6,4,1,1,3,5,1,3,1,1,6,6,4,1,5,6,6,6,3,2,3,5,7,5,5,5,7,4,7,3,4,2
2019,4,1,5,243,243,3,2,7,4,0,3,10,10,1,10,10,7,2,4,1,1,4,7,7,1,7,1,1,1,1,1,1,2,1,2,2,1,1,1,1,2,2,1,6,5,8,4,10,9,6,7,7,7,6,6,6,10,10,9,6,7,5,7,2,7,6,3,7,5,7,7,7,7,7,6,6,7,1,1,1,7,2,7,2,7,1,6,7,7,7,1,7,7,7,7,7,7,7,7,7,7,7,7,4,1,7,7,1,1,1,5,1,1,1,1,6,6,6,1,7,7,7,2,7,7,7,7,7,7,7,7,7,7,7,7,7,2
2020,4,2,5,243,110,3,1,5,2,0,5,8,8,2,5,3,7,2,3,2,1,4,5,5,4,1,7,2,2,1,1,1,1,1,2,2,1,2,1,1,2,2,1,4,5,6,4,4,8,7,4,7,8,7,6,3,2,3,4,7,7,5,7,7,7,7,4,3,5,4,5,3,7,7,7,4,5,1,5,8,6,2,5,2,5,2,2,5,7,4,6,5,7,6,4,7,7,5,7,7,6,6,6,1,1,7,3,1,1,2,7,4,5,4,4,7,7,7,1,7,7,4,3,6,1,4,5,5,2,7,5,7,5,4,5,4,2
2021,4,2,4,243,243,3,1,5,2,-2,5,3,2,7,3,1,4,2,2,2,6,2,3,2,1,2,3,2,2,2,2,1,1,2,1,2,2,2,2,2,1,1,1,2,2,6,6,1,3,2,2,2,8,2,2,3,2,2,5,2,3,5,6,6,7,3,4,2,2,3,5,6,6,5,3,4,5,1,3,8,2,2,3,2,4,5,2,5,5,1,1,6,4,7,1,7,7,7,7,7,6,5,7,1,1,7,5,1,1,10,10,1,1,1,1,1,1,1,1,1,1,1,7,1,1,1,5,3,5,5,2,5,7,5,5,1,1
2022,4,1,2,243,243,2,1,8,11,0,5,1,1,10,1,1,10,2,2,1,1,7,1,1,1,1,1,2,2,2,2,2,2,2,2,2,2,2,2,1,2,1,1,1,1,10,10,1,1,1,1,1,0,1,1,1,1,1,1,1,10,5,7,7,7,7,1,1,1,7,1,1,7,7,7,7,7,7,1,10,7,1,1,1,7,1,1,1,1,1,1,7,1,1,1,1,1,1,1,1,7,1,1,1,1,1,7,7,7,10,1,1,1,1,1,1,1,1,1,1,1,1,7,1,1,1,1,7,1,1,1,7,1,1,1,1,1
2023,4,2,2,35,35,2,2,1,2,0,1,5,5,9,6,7,8,2,2,3,6,3,6,3,2,4,3,1,1,2,1,2,1,1,2,2,1,1,2,2,2,1,2,8,6,5,4,5,7,6,5,7,4,6,6,9,6,7,5,7,7,5,3,2,4,3,4,4,3,2,5,2,2,3,3,1,4,4,5,7,3,2,4,3,4,4,3,3,3,3,3,4,2,2,1,3,4,4,2,1,3,4,3,4,2,4,4,4,6,3,7,5,3,3,1,7,6,1,5,4,2,3,2,1,4,4,3,3,4,2,3,5,5,4,3,2,1
2024,4,1,3,243,243,2,1,7,2,3,1,10,7,9,9,9,10,1,3,7,5,7,7,7,5,6,7,1,2,2,1,1,2,1,2,2,1,2,1,1,1,2,1,9,10,2,2,10,10,9,9,10,9,10,9,10,10,10,2,10,10,5,1,2,1,2,1,1,2,1,2,1,2,1,1,1,1,1,9,10,2,2,2,1,2,1,2,1,2,2,2,1,2,1,1,1,2,2,1,1,5,5,6,4,3,4,4,6,6,9,8,6,6,7,4,6,6,5,7,7,7,6,6,5,5,6,2,1,1,2,2,2,2,2,1,1,1
2025,4,2,2,243,110,1,1,5,2,-1,5,8,8,1,5,1,4,2,2,5,4,4,5,2,1,2,5,2,2,1,1,1,2,1,1,1,2,2,1,2,2,2,2,5,6,7,7,7,8,6,3,7,2,2,3,1,1,1,5,7,3,5,6,6,6,6,4,4,3,3,3,4,5,5,2,3,3,2,3,4,5,5,6,6,3,5,5,5,7,5,6,7,6,7,3,7,7,6,7,6,7,5,6,1,1,7,3,1,1,1,3,2,4,1,1,7,7,1,1,7,7,7,7,3,2,2,5,7,5,7,3,5,7,7,1,1,1
2026,4,2,4,243,243,3,1,6,1,-1,5,7,4,1,7,1,4,2,2,2,5,1,5,5,5,1,4,2,1,1,1,1,1,1,1,1,2,2,2,2,1,2,2,4,3,6,6,10,7,6,1,2,3,3,3,2,1,1,5,2,7,5,5,5,5,3,5,3,3,4,4,5,2,2,2,2,1,1,6,6,2,6,2,2,1,6,6,2,7,4,2,7,7,7,2,7,7,7,7,7,7,5,7,1,1,7,7,1,1,1,9,1,1,1,1,6,6,4,4,6,6,4,4,5,5,5,5,7,7,7,5,7,7,5,3,5,1
2027,4,2,2,113,113,3,1,7,12,-5,4,10,10,1,7,2,5,1,1,5,5,4,6,5,3,1,5,1,2,1,1,2,1,1,2,1,1,1,2,2,2,2,2,6,7,7,7,10,7,5,5,7,5,5,5,5,6,4,5,1,6,5,6,7,4,7,2,5,3,1,1,4,6,7,4,4,6,1,2,2,7,1,7,7,7,1,2,7,7,5,7,5,7,7,7,7,7,7,7,7,7,7,7,7,7,7,7,7,7,1,1,1,1,1,1,3,5,4,6,4,6,6,4,3,4,6,7,7,7,4,7,7,7,7,3,5,1
2028,4,1,1,243,243,1,4,2,12,-3,3,7,5,1,6,1,1,2,2,4,7,4,7,5,1,1,6,1,2,1,1,1,1,1,1,1,1,2,1,2,1,2,2,3,3,7,7,8,9,6,6,10,5,5,4,1,1,1,4,8,6,5,6,7,6,6,2,2,5,2,5,4,4,6,6,1,1,1,1,2,7,5,5,3,6,4,3,4,5,4,3,6,6,5,5,6,5,3,5,5,7,2,1,1,1,5,3,2,2,4,1,1,1,1,1,2,2,3,1,2,3,2,7,1,1,1,5,7,4,3,1,7,5,6,1,3,1
2029,4,1,4,242,243,1,2,2,1,-4,7,10,10,1,10,1,2,2,2,6,7,2,7,2,1,1,1,1,1,1,1,1,1,2,1,1,1,1,1,2,1,2,2,8,8,8,8,10,10,8,6,6,10,5,5,1,1,1,1,10,1,5,7,7,7,6,3,2,7,2,2,1,7,6,6,2,3,1,8,8,7,3,5,7,6,3,5,3,7,6,3,7,6,7,2,7,7,7,7,7,7,1,7,1,1,7,1,1,7,1,8,4,4,1,1,6,6,6,2,7,6,6,5,4,4,3,7,7,1,2,4,7,7,6,6,2,1
2030,4,2,2,243,243,3,1,8,12,-2,8,8,8,1,7,6,4,2,2,5,4,2,5,4,1,1,4,1,1,1,1,1,1,2,1,1,1,1,1,2,1,1,2,7,7,3,2,8,9,5,4,7,7,9,3,2,2,1,6,7,9,5,6,5,5,5,5,3,4,3,5,3,4,4,3,1,1,1,1,1,4,5,4,3,1,5,7,7,5,2,5,7,6,6,4,7,7,7,7,6,7,1,7,1,1,7,7,1,1,1,6,1,3,3,1,5,5,6,1,7,5,7,7,1,1,2,7,5,7,5,4,7,5,3,3,5,1
2031,4,1,2,243,243,1,6,10,12,0,1,1,1,1,1,1,10,2,2,1,1,7,1,4,4,1,7,2,2,2,2,2,2,2,2,2,2,2,2,2,1,2,2,1,1,1,1,1,1,1,10,1,0,1,1,1,1,1,1,1,1,5,7,7,7,1,7,1,7,1,4,4,1,1,7,1,4,1,1,1,1,7,1,1,1,7,7,1,4,1,4,7,7,7,1,7,7,7,7,7,7,7,7,1,1,7,4,1,1,1,10,1,1,1,1,1,1,7,7,1,1,4,4,4,1,7,7,7,7,7,4,7,7,7,7,4,1
